2026-08-08 00:33:00,362 - pms - INFO - Starting Pharmacy Management System backend...
2026-08-08 00:33:00,426 - apscheduler.scheduler - INFO - Scheduler started
2026-08-08 00:36:05,601 - pms - INFO - AUDIT: User admin exported 7 categories to CSV.
2026-08-08 00:36:11,743 - pms - INFO - AUDIT: User admin exported 7 categories to CSV.
2026-08-08 00:37:19,440 - pms - INFO - AUDIT: User admin exported 7 categories to CSV.
2026-08-08 00:37:33,720 - pms - INFO - AUDIT: User admin exported 7 categories to CSV.
2026-08-08 00:38:09,493 - pms - INFO - AUDIT: User admin exported 7 categories to CSV.
2026-08-08 00:41:10,388 - pms - INFO - AUDIT: User admin exported 7 categories to CSV.
2026-08-08 00:41:32,331 - pms - INFO - AUDIT: User admin exported 7 categories to CSV.
2026-08-08 00:42:28,115 - pms - INFO - Starting Pharmacy Management System backend...
2026-08-08 00:42:28,168 - apscheduler.scheduler - INFO - Scheduler started
2026-08-08 00:42:39,952 - pms - INFO - AUDIT: User admin exported 7 categories to CSV.
2026-08-08 00:46:18,583 - pms - INFO - AUDIT: User admin exported 7 categories to CSV.
2026-08-08 00:48:15,251 - pms - INFO - AUDIT: User admin exported 7 categories to CSV.
2026-08-08 00:48:20,072 - pms - INFO - AUDIT: User admin exported 7 categories to CSV.
2026-08-08 00:48:31,249 - pms - INFO - AUDIT: User admin exported 7 categories to CSV.
2026-08-08 00:49:48,520 - pms - INFO - AUDIT: User admin exported 7 categories to CSV.
2026-08-08 00:50:03,238 - pms - INFO - AUDIT: User admin exported 7 categories to CSV.
2026-08-08 00:51:12,044 - pms - INFO - AUDIT: User admin exported 7 categories to CSV.
2026-08-08 00:51:25,522 - pms - INFO - AUDIT: User admin exported 7 categories to CSV.
2026-08-08 00:51:41,204 - pms - INFO - AUDIT: User admin exported 7 categories to CSV.
2026-08-08 01:08:04,872 - pms - INFO - Starting Pharmacy Management System backend...
2026-08-08 01:08:04,912 - apscheduler.scheduler - INFO - Scheduler started
2026-08-08 01:08:48,168 - pms - INFO - AUDIT: User admin successfully deleted category 2 (BRO).
2026-08-08 01:09:28,379 - pms - INFO - AUDIT: User admin successfully deleted category 4 (Capsules).
2026-08-08 01:10:58,552 - pms - INFO - AUDIT: User admin successfully deleted category 7 (Creams).
2026-08-08 01:12:28,190 - pms - ERROR - PMSException caught: Session expired. Please log in again. (status: 401) | Path: /api/v1/categories/6
2026-08-08 01:12:36,007 - pms - ERROR - PMSException caught: Session expired. Please log in again. (status: 401) | Path: /api/v1/auth/me
2026-08-08 01:13:03,988 - pms - INFO - AUDIT: User admin successfully deleted category 6 (Injections).
2026-08-08 01:13:29,352 - pms - INFO - AUDIT: User admin successfully deleted category 5 (Syrups).
2026-08-08 01:15:43,337 - pms - INFO - AUDIT: User admin successfully deleted category 3 (Tablets).
2026-08-08 01:17:56,348 - pms - INFO - Starting Pharmacy Management System backend...
2026-08-08 01:17:56,408 - apscheduler.scheduler - INFO - Scheduler started
2026-08-08 01:18:16,095 - pms - WARNING - AUDIT: User admin attempted to delete category 1 (analgesics) but was blocked. Reason: 1 medicines assigned.
2026-08-08 01:18:35,765 - pms - WARNING - AUDIT: User admin attempted to delete category 1 (analgesics) but was blocked. Reason: 1 medicines assigned.
2026-08-08 01:18:43,712 - pms - INFO - AUDIT: User admin successfully deleted category 2 (fuhdsf).
2026-08-08 01:32:54,481 - pms - INFO - Starting Pharmacy Management System backend...
2026-08-08 01:32:54,537 - apscheduler.scheduler - INFO - Scheduler started
2026-08-08 01:33:24,656 - pms - INFO - AUDIT: User admin exported 6 companies to CSV.
2026-08-08 01:33:30,294 - pms - INFO - AUDIT: User admin exported 6 companies to CSV.
2026-08-08 01:33:33,627 - pms - INFO - AUDIT: User admin exported 6 companies to CSV.
2026-08-08 01:33:41,286 - pms - INFO - AUDIT: User admin exported 6 companies to CSV.
2026-08-08 01:39:00,337 - pms - INFO - Starting Pharmacy Management System backend...
2026-08-08 01:39:00,390 - apscheduler.scheduler - INFO - Scheduler started
2026-08-08 01:39:22,745 - pms - INFO - AUDIT: User admin exported 6 companies to CSV.
2026-08-08 01:39:37,174 - pms - INFO - AUDIT: User admin successfully deleted company 4 (Abbott).
2026-08-08 01:39:46,114 - pms - INFO - AUDIT: User admin successfully deleted company 2 (GSK Pakistan).
2026-08-08 01:39:48,711 - pms - INFO - AUDIT: User admin successfully deleted company 3 (Getz Pharma).
2026-08-08 01:39:51,449 - pms - INFO - AUDIT: User admin successfully deleted company 6 (Hilton Pharma).
2026-08-08 01:39:56,431 - pms - INFO - AUDIT: User admin successfully deleted company 5 (Sami Pharmaceuticals).
2026-08-08 01:39:58,865 - pms - WARNING - AUDIT: User admin attempted to delete company 1 (medzone) but was blocked. Reason: 1 medicines assigned.
2026-08-08 01:41:45,177 - pms - INFO - AUDIT: User admin successfully deleted category 3 (Capsules).
2026-08-08 01:45:32,716 - pms - ERROR - Unhandled Exception caught: 'TaxNumber' is an invalid keyword argument for Supplier | Path: /api/v1/suppliers
NoneType: None
2026-08-08 01:45:39,673 - pms - ERROR - Unhandled Exception caught: 'TaxNumber' is an invalid keyword argument for Supplier | Path: /api/v1/suppliers
NoneType: None
2026-08-08 01:46:01,854 - pms - ERROR - Unhandled Exception caught: 'TaxNumber' is an invalid keyword argument for Supplier | Path: /api/v1/suppliers
NoneType: None
2026-08-08 01:47:48,692 - pms - ERROR - Unhandled Exception caught: 'TaxNumber' is an invalid keyword argument for Supplier | Path: /api/v1/suppliers
NoneType: None
2026-08-08 01:48:09,187 - pms - ERROR - Unhandled Exception caught: 'TaxNumber' is an invalid keyword argument for Supplier | Path: /api/v1/suppliers
NoneType: None
2026-08-08 01:52:33,809 - pms - INFO - Starting Pharmacy Management System backend...
2026-08-08 01:52:33,863 - apscheduler.scheduler - INFO - Scheduler started
2026-08-08 02:06:19,272 - pms - INFO - Starting Pharmacy Management System backend...
2026-08-08 02:06:19,311 - apscheduler.scheduler - INFO - Scheduler started
2026-08-08 02:07:22,686 - pms - INFO - AUDIT: User admin exported 6 suppliers to CSV.
2026-08-08 02:07:52,599 - pms - WARNING - AUDIT: User admin attempted to delete supplier 1 (ali) but was blocked. Reason: 3 purchase orders exist.
2026-08-08 02:17:12,465 - pms - INFO - Starting Pharmacy Management System backend...
2026-08-08 02:17:12,603 - apscheduler.scheduler - INFO - Scheduler started
2026-08-08 02:18:08,550 - pms - INFO - AUDIT: User admin exported 1 customers to CSV.
2026-08-08 02:18:31,686 - pms - INFO - AUDIT: User admin successfully deleted customer 1 (Ahmad Khan).
2026-08-08 02:21:16,562 - pms - WARNING - AUDIT: User admin attempted to delete supplier 1 (ali) but was blocked. Reason: 3 purchase orders exist.
2026-08-08 02:23:58,478 - pms - INFO - AUDIT: User admin exported 5 customers to CSV.
2026-08-08 02:35:56,197 - pms - INFO - Starting Pharmacy Management System backend...
2026-08-08 02:35:56,240 - apscheduler.scheduler - INFO - Scheduler started
2026-08-08 02:39:10,216 - pms - WARNING - AUDIT: User admin attempted to delete medicine 1 (panadol) but was blocked. Reason: Dependency records exist (Batches: True, Sales: True, Purchases: True).
2026-08-08 02:46:10,779 - pms - WARNING - AUDIT: User admin attempted to delete medicine 1 (panadol) but was blocked. Reason: Dependency records exist (Batches: True, Sales: True, Purchases: True).
2026-08-08 02:50:10,431 - pms - INFO - Starting Pharmacy Management System backend...
2026-08-08 02:50:10,497 - apscheduler.scheduler - INFO - Scheduler started
2026-08-08 11:24:23,926 - pms - INFO - Starting Pharmacy Management System backend...
2026-08-08 11:24:23,981 - apscheduler.scheduler - INFO - Scheduler started
2026-08-08 11:33:42,475 - pms - WARNING - AUDIT: User admin attempted to delete medicine 1 (panadol) but was blocked. Reason: Dependency records exist (Batches: True, Sales: True, Purchases: True).
2026-08-08 11:50:26,229 - pms - WARNING - AUDIT: User admin attempted to delete medicine 1 (panadol) but was blocked. Reason: Dependency records exist (Batches: True, Sales: True, Purchases: True).
2026-08-08 12:40:19,567 - pms - INFO - Starting Pharmacy Management System backend...
2026-08-08 12:40:19,635 - apscheduler.scheduler - INFO - Scheduler started
2026-08-08 13:46:30,826 - pms - ERROR - PMSException caught: Session expired. Please log in again. (status: 401) | Path: /api/v1/auth/me
2026-08-08 14:08:23,749 - pms - INFO - Starting Pharmacy Management System backend...
2026-08-08 14:08:23,806 - apscheduler.scheduler - INFO - Scheduler started
2026-08-08 14:24:35,947 - pms - INFO - Starting Pharmacy Management System backend...
2026-08-08 14:24:36,010 - apscheduler.scheduler - INFO - Scheduler started
2026-08-08 14:32:56,455 - pms - ERROR - PMSException caught: Invalid authentication credentials (status: 401) | Path: /api/v1/backup/manual
2026-08-08 14:34:44,411 - pms - ERROR - PMSException caught: Incorrect username or password (status: 401) | Path: /api/v1/auth/login
2026-08-08 14:38:36,754 - pms - ERROR - Unhandled Exception caught: invalid literal for int() with base 10: 'admin' | Path: /api/v1/backup/db-info
NoneType: None
2026-08-08 14:44:52,559 - pms - INFO - AUDIT: Backup 'Test1234.sqlite' created successfully (Type: Manual).
2026-08-08 14:51:36,205 - pms - INFO - AUDIT: Backup 'Manual_Backup_2026_08_08_145136.sqlite' created successfully (Type: Manual).
2026-08-08 15:29:55,671 - pms - INFO - AUDIT: Backup 'Manual_Backup_2026_08_08_152955.sqlite' created successfully (Type: Manual).
2026-08-08 21:14:53,103 - pms - INFO - Starting Pharmacy Management System backend...
2026-08-08 21:14:53,194 - apscheduler.scheduler - INFO - Scheduler started
2026-08-08 21:15:11,332 - pms - INFO - Starting Pharmacy Management System backend...
2026-08-08 21:15:11,367 - apscheduler.scheduler - INFO - Scheduler started
2026-08-08 21:16:54,435 - pms - INFO - Starting Pharmacy Management System backend...
2026-08-08 21:16:54,502 - apscheduler.scheduler - INFO - Scheduler started
2026-08-09 00:03:20,338 - pms - INFO - Starting Pharmacy Management System backend...
2026-08-09 00:03:20,378 - apscheduler.scheduler - INFO - Scheduler started
2026-08-09 00:03:29,195 - pms - ERROR - PMSException caught: Session expired. Please log in again. (status: 401) | Path: /api/v1/auth/me
2026-08-09 00:36:34,928 - pms - INFO - Starting Pharmacy Management System backend...
2026-08-09 00:36:34,976 - apscheduler.scheduler - INFO - Scheduler started
2026-08-09 00:47:51,531 - pms - INFO - Starting Pharmacy Management System backend...
2026-08-09 00:47:51,588 - apscheduler.scheduler - INFO - Scheduler started
2026-08-09 00:50:54,047 - pms - INFO - Change Password | Success | User: admin
2026-08-09 00:52:47,218 - pms - INFO - Security Settings Updated | User: admin | AutoLock: True (1m) | SessionTimeout: True (60m)
2026-08-09 00:52:54,496 - pms - INFO - Database Optimization | User: admin | Reclaimed: -4096 bytes
2026-08-09 00:54:21,156 - pms - INFO - Clear Temp Data | User: admin | Deleted 1 files
2026-08-09 00:54:55,636 - pms - INFO - Safe Data Reset | SUCCESS | User: admin | Snapshot: pre_reset_snapshot_20260809_005455.sqlite
2026-08-09 01:08:48,872 - pms - INFO - Safe Data Reset | SUCCESS | User: admin | Snapshot: pre_reset_snapshot_20260809_010848.sqlite
2026-08-09 01:16:53,978 - pms - INFO - Starting Pharmacy Management System backend...
2026-08-09 01:16:54,013 - apscheduler.scheduler - INFO - Scheduler started
2026-08-09 01:21:28,680 - pms - INFO - Clear Temp Data | User: admin | Deleted 0 files
2026-08-09 01:54:54,721 - pms - INFO - Starting Pharmacy Management System backend...
2026-08-09 01:54:54,788 - apscheduler.scheduler - INFO - Scheduler started
2026-08-09 01:59:21,167 - pms - INFO - Starting Pharmacy Management System backend...
2026-08-09 01:59:21,235 - apscheduler.scheduler - INFO - Scheduler started
2026-08-09 02:05:11,599 - pms - INFO - Starting Pharmacy Management System backend...
2026-08-09 02:05:11,658 - apscheduler.scheduler - INFO - Scheduler started
2026-08-09 02:08:14,784 - pms - INFO - Starting Pharmacy Management System backend...
2026-08-09 02:08:14,815 - apscheduler.scheduler - INFO - Scheduler started
2026-08-09 02:27:55,012 - pms - INFO - Clear Temp Data | User: admin | Deleted 0 files
2026-08-09 02:31:24,276 - pms - INFO - Starting Pharmacy Management System backend...
2026-08-09 02:31:24,316 - apscheduler.scheduler - INFO - Scheduler started
2026-08-09 02:34:10,521 - pms - INFO - Starting Pharmacy Management System backend...
2026-08-09 02:34:10,547 - apscheduler.scheduler - INFO - Scheduler started
2026-08-09 02:40:05,468 - pms - INFO - Starting Pharmacy Management System backend...
2026-08-09 02:40:05,544 - apscheduler.scheduler - INFO - Scheduler started
2026-08-09 02:57:21,338 - pms - INFO - Starting Pharmacy Management System backend...
2026-08-09 02:57:21,388 - apscheduler.scheduler - INFO - Scheduler started
2026-08-09 03:00:16,208 - pms - INFO - Starting Pharmacy Management System backend...
2026-08-09 03:00:16,245 - apscheduler.scheduler - INFO - Scheduler started
2026-08-09 03:01:24,628 - pms - INFO - Starting Pharmacy Management System backend...
2026-08-09 03:01:24,649 - apscheduler.scheduler - INFO - Scheduler started
2026-08-09 11:17:27,494 - pms - INFO - Starting Pharmacy Management System backend...
2026-08-09 11:17:27,693 - apscheduler.scheduler - INFO - Scheduler started
2026-08-09 12:05:52,957 - pms - INFO - AUDIT: User admin exported 5 categories to CSV.
2026-08-09 12:06:48,369 - pms - INFO - AUDIT: User admin successfully deleted category 4 (Antiallergics).
2026-08-09 12:06:52,191 - pms - INFO - AUDIT: User admin successfully deleted category 3 (Antipyretics).
2026-08-09 12:06:54,765 - pms - INFO - AUDIT: User admin successfully deleted category 2 (Painkillers).
2026-08-09 12:06:57,053 - pms - INFO - AUDIT: User admin successfully deleted category 5 (Gastrointestinal).
2026-08-09 12:07:06,117 - pms - INFO - AUDIT: User admin successfully deleted category 1 (Antibiotics).
2026-08-09 12:07:17,475 - pms - INFO - AUDIT: User admin imported 5 categories. Skipped: 0. Errors: 0
2026-08-09 12:07:32,987 - pms - INFO - AUDIT: User admin imported 0 companies. Skipped: 5. Errors: 5
2026-08-09 12:07:41,178 - pms - INFO - AUDIT: User admin exported 5 companies to CSV.
2026-08-09 12:07:47,085 - pms - INFO - AUDIT: User admin successfully deleted company 5 (GSK Pakistan).
2026-08-09 12:07:49,139 - pms - INFO - AUDIT: User admin successfully deleted company 4 (Hilton Pharma).
2026-08-09 12:07:51,633 - pms - INFO - AUDIT: User admin successfully deleted company 1 (Getz Pharma).
2026-08-09 12:07:53,435 - pms - INFO - AUDIT: User admin successfully deleted company 2 (Searle Pakistan).
2026-08-09 12:07:55,221 - pms - INFO - AUDIT: User admin successfully deleted company 3 (Sami Pharmaceuticals).
2026-08-09 12:08:03,412 - pms - INFO - AUDIT: User admin imported 5 companies. Skipped: 0. Errors: 0
2026-08-09 12:08:11,476 - pms - INFO - AUDIT: User admin exported 5 suppliers to CSV.
2026-08-09 12:08:21,593 - pms - INFO - AUDIT: User admin successfully deleted supplier 5 (City Pharma Distributors).
2026-08-09 12:08:25,443 - pms - INFO - AUDIT: User admin successfully deleted supplier 3 (PharmaLink Traders).
2026-08-09 12:08:27,240 - pms - INFO - AUDIT: User admin successfully deleted supplier 4 (National Medical Suppliers).
2026-08-09 12:08:31,262 - pms - INFO - AUDIT: User admin successfully deleted supplier 1 (MediCare Distributors).
2026-08-09 12:08:35,102 - pms - INFO - AUDIT: User admin successfully deleted supplier 2 (HealthPlus Distributors).
2026-08-09 12:08:42,855 - pms - INFO - AUDIT: User admin imported 5 suppliers. Skipped: 0. Errors: 0
2026-08-09 12:22:26,308 - pms - INFO - AUDIT: User admin exported 5 categories to CSV.
2026-08-09 12:22:31,819 - pms - INFO - AUDIT: User admin successfully deleted category 4 (Antiallergics).
2026-08-09 12:22:33,694 - pms - INFO - AUDIT: User admin successfully deleted category 1 (Antibiotics).
2026-08-09 12:22:35,603 - pms - INFO - AUDIT: User admin successfully deleted category 5 (Gastrointestinal).
2026-08-09 12:22:37,876 - pms - INFO - AUDIT: User admin successfully deleted category 2 (Painkillers).
2026-08-09 12:22:39,966 - pms - INFO - AUDIT: User admin successfully deleted category 3 (Antipyretics).
2026-08-09 12:22:44,521 - pms - INFO - AUDIT: User admin imported 5 categories. Skipped: 0. Errors: 0
2026-08-09 12:23:28,805 - pms - INFO - AUDIT: User admin exported 5 companies to CSV.
2026-08-09 12:23:38,175 - pms - INFO - AUDIT: User admin successfully deleted company 5 (GSK Pakistan).
2026-08-09 12:23:40,335 - pms - INFO - AUDIT: User admin successfully deleted company 1 (Getz Pharma).
2026-08-09 12:23:43,288 - pms - INFO - AUDIT: User admin successfully deleted company 2 (Searle Pakistan).
2026-08-09 12:23:45,186 - pms - INFO - AUDIT: User admin successfully deleted company 3 (Sami Pharmaceuticals).
2026-08-09 12:23:47,760 - pms - INFO - AUDIT: User admin successfully deleted company 4 (Hilton Pharma).
2026-08-09 12:23:56,264 - pms - INFO - AUDIT: User admin imported 5 companies. Skipped: 0. Errors: 0
2026-08-09 12:24:30,486 - pms - INFO - AUDIT: User admin exported 5 suppliers to CSV.
2026-08-09 12:24:36,594 - pms - INFO - AUDIT: User admin successfully deleted supplier 5 (City Pharma Distributors).
2026-08-09 12:24:38,158 - pms - INFO - AUDIT: User admin successfully deleted supplier 1 (MediCare Distributors).
2026-08-09 12:24:40,230 - pms - INFO - AUDIT: User admin successfully deleted supplier 3 (PharmaLink Traders).
2026-08-09 12:24:42,347 - pms - INFO - AUDIT: User admin successfully deleted supplier 4 (National Medical Suppliers).
2026-08-09 12:24:44,744 - pms - INFO - AUDIT: User admin successfully deleted supplier 2 (HealthPlus Distributors).
2026-08-09 12:24:55,801 - pms - INFO - AUDIT: User admin imported 5 suppliers. Skipped: 0. Errors: 0
2026-08-09 12:25:30,143 - pms - INFO - AUDIT: User admin exported 5 customers to CSV.
2026-08-09 12:25:43,673 - pms - INFO - AUDIT: User admin successfully deleted customer 1 (Ahmed Raza).
2026-08-09 12:25:46,352 - pms - INFO - AUDIT: User admin successfully deleted customer 4 (Sara Ahmed).
2026-08-09 12:25:48,187 - pms - INFO - AUDIT: User admin successfully deleted customer 3 (Muhammad Usman).
2026-08-09 12:25:50,159 - pms - INFO - AUDIT: User admin successfully deleted customer 5 (Hamza Khan).
2026-08-09 12:25:51,882 - pms - INFO - AUDIT: User admin successfully deleted customer 2 (Ali Hassan).
2026-08-09 12:26:00,765 - pms - INFO - AUDIT: User admin imported 5 customers. Skipped: 0. Errors: 0
2026-08-09 12:26:21,918 - pms - INFO - AUDIT: User admin successfully deleted customer 5 (City Pharma Distributors).
2026-08-09 12:26:23,975 - pms - INFO - AUDIT: User admin successfully deleted customer 1 (MediCare Distributors).
2026-08-09 12:26:25,655 - pms - INFO - AUDIT: User admin successfully deleted customer 3 (PharmaLink Traders).
2026-08-09 12:26:28,259 - pms - INFO - AUDIT: User admin successfully deleted customer 2 (HealthPlus Distributors).
2026-08-09 12:27:23,164 - pms - INFO - AUDIT: User admin successfully deleted customer 4 (National Medical Suppliers).
2026-08-09 12:27:27,599 - pms - INFO - AUDIT: User admin imported 5 customers. Skipped: 0. Errors: 0
2026-08-09 12:40:19,475 - pms - INFO - AUDIT: User admin successfully deleted medicine 2 (Amoxil 500mg).
2026-08-09 12:40:21,614 - pms - INFO - AUDIT: User admin successfully deleted medicine 4 (Calpol).
2026-08-09 12:40:23,388 - pms - INFO - AUDIT: User admin successfully deleted medicine 1 (Panadol).
2026-08-09 12:40:25,585 - pms - INFO - AUDIT: User admin successfully deleted medicine 5 (Betnovate).
2026-08-09 12:40:31,472 - pms - INFO - AUDIT: User admin successfully deleted medicine 3 (Gaviscon).
2026-08-09 14:13:10,729 - pms - INFO - Starting Pharmacy Management System backend...
2026-08-09 14:13:10,778 - apscheduler.scheduler - INFO - Scheduler started
2026-08-09 15:16:40,052 - pms - INFO - Starting Pharmacy Management System backend...
2026-08-09 15:16:40,107 - apscheduler.scheduler - INFO - Scheduler started
2026-08-09 15:37:50,139 - pms - INFO - Starting Pharmacy Management System backend...
2026-08-09 15:37:50,162 - apscheduler.scheduler - INFO - Scheduler started
2026-08-09 15:44:56,548 - pms - INFO - AUDIT: User admin successfully deleted medicine 6 (Disprin).
2026-08-09 16:14:28,428 - pms - ERROR - PMSException caught: Session expired. Please log in again. (status: 401) | Path: /api/v1/medicines
2026-08-09 16:14:29,006 - pms - ERROR - PMSException caught: Session expired. Please log in again. (status: 401) | Path: /api/v1/medicines
2026-08-09 16:14:30,257 - pms - ERROR - PMSException caught: Session expired. Please log in again. (status: 401) | Path: /api/v1/medicines
2026-08-09 16:14:33,752 - pms - ERROR - PMSException caught: Session expired. Please log in again. (status: 401) | Path: /api/v1/medicines
2026-08-09 16:14:36,305 - pms - ERROR - PMSException caught: Session expired. Please log in again. (status: 401) | Path: /api/v1/medicines
2026-08-09 16:14:39,955 - pms - ERROR - PMSException caught: Session expired. Please log in again. (status: 401) | Path: /api/v1/auth/me
2026-08-09 17:20:43,206 - pms - INFO - Starting Pharmacy Management System backend...
2026-08-09 17:20:43,264 - apscheduler.scheduler - INFO - Scheduler started
2026-08-10 10:44:49,306 - pms - INFO - Starting Pharmacy Management System backend...
2026-08-10 10:44:49,366 - apscheduler.scheduler - INFO - Scheduler started
2026-08-10 10:45:22,325 - pms - WARNING - License token has expired.
2026-08-10 10:45:27,870 - pms - WARNING - License token has expired.
2026-08-10 23:17:51,987 - pms - INFO - Starting Pharmacy Management System backend...
2026-08-10 23:17:52,063 - apscheduler.scheduler - INFO - Scheduler started
2026-08-10 23:26:59,394 - pms - INFO - AUDIT: User admin exported 5 categories to CSV.
2026-08-10 23:27:08,784 - pms - INFO - AUDIT: User admin exported 5 companies to CSV.
2026-08-10 23:27:14,570 - pms - INFO - AUDIT: User admin exported 5 suppliers to CSV.
2026-08-10 23:27:25,944 - pms - INFO - AUDIT: User admin exported 5 customers to CSV.
2026-08-10 23:28:16,245 - pms - INFO - Safe Data Reset | SUCCESS | User: admin | Snapshot: pre_reset_snapshot_20260810_232816.sqlite
2026-08-10 23:32:53,288 - pms - INFO - AUDIT: User admin imported 5 categories. Skipped: 0. Errors: 0
2026-08-10 23:33:03,881 - pms - INFO - AUDIT: User admin imported 5 companies. Skipped: 0. Errors: 0
2026-08-10 23:33:18,598 - pms - INFO - AUDIT: User admin imported 0 suppliers. Skipped: 5. Errors: 5
2026-08-10 23:33:33,985 - pms - INFO - AUDIT: User admin imported 5 suppliers. Skipped: 0. Errors: 0
2026-08-10 23:33:37,798 - pms - INFO - AUDIT: User admin successfully deleted supplier 1 (Ahmed Raza).
2026-08-10 23:33:39,853 - pms - INFO - AUDIT: User admin successfully deleted supplier 2 (Ali Hassan).
2026-08-10 23:33:45,127 - pms - INFO - AUDIT: User admin successfully deleted supplier 5 (Hamza Khan).
2026-08-10 23:33:47,527 - pms - INFO - AUDIT: User admin successfully deleted supplier 3 (Muhammad Usman).
2026-08-10 23:33:49,796 - pms - INFO - AUDIT: User admin successfully deleted supplier 4 (Sara Ahmed).
2026-08-10 23:34:10,063 - pms - INFO - AUDIT: User admin imported 5 suppliers. Skipped: 0. Errors: 0
2026-08-10 23:34:20,503 - pms - INFO - AUDIT: User admin imported 5 customers. Skipped: 0. Errors: 0
2026-08-13 20:15:33,934 - pms - INFO - Starting Pharmacy Management System backend...
2026-08-13 20:15:33,973 - apscheduler.scheduler - INFO - Scheduler started
2026-08-14 09:07:19,147 - pms - INFO - Starting Pharmacy Management System backend...
2026-08-14 09:07:19,175 - apscheduler.scheduler - INFO - Scheduler started
2026-08-14 09:07:27,688 - pms - INFO - Starting Pharmacy Management System backend...
2026-08-14 09:07:27,697 - apscheduler.scheduler - INFO - Scheduler started
2026-08-14 09:08:49,665 - pms - INFO - Starting Pharmacy Management System backend...
2026-08-14 09:08:49,673 - apscheduler.scheduler - INFO - Scheduler started
2026-08-14 09:08:57,197 - pms - WARNING - Hardware mismatch. License HWID: PMS-B4BF-21C8-A772-2D88, Machine HWID: PMS-0DA3-2839-37CC-B6F4
2026-08-14 09:08:57,516 - pms - WARNING - Hardware mismatch. License HWID: PMS-B4BF-21C8-A772-2D88, Machine HWID: PMS-0DA3-2839-37CC-B6F4
2026-08-14 09:09:02,731 - pms - WARNING - Hardware mismatch. License HWID: PMS-B4BF-21C8-A772-2D88, Machine HWID: PMS-0DA3-2839-37CC-B6F4
2026-08-14 09:09:03,745 - pms - WARNING - Hardware mismatch. License HWID: PMS-B4BF-21C8-A772-2D88, Machine HWID: PMS-0DA3-2839-37CC-B6F4
2026-08-14 09:12:05,887 - pms - WARNING - Hardware mismatch. License HWID: PMS-B4BF-21C8-A772-2D88, Machine HWID: PMS-0DA3-2839-37CC-B6F4
2026-08-14 09:12:38,771 - pms - WARNING - Hardware mismatch. License HWID: PMS-B4BF-21C8-A772-2D88, Machine HWID: PMS-0DA3-2839-37CC-B6F4
2026-08-14 11:15:30,247 - pms - INFO - Starting Pharmacy Management System backend...
2026-08-14 11:15:30,303 - apscheduler.scheduler - INFO - Scheduler started
2026-08-14 11:16:10,673 - pms - WARNING - Hardware mismatch. License HWID: PMS-0DA3-2839-37CC-B6F4, Machine HWID: PMS-CE99-0735-E628-EBF3
2026-08-14 11:16:11,941 - pms - WARNING - Hardware mismatch. License HWID: PMS-0DA3-2839-37CC-B6F4, Machine HWID: PMS-CE99-0735-E628-EBF3
2026-08-14 11:16:20,353 - pms - WARNING - Hardware mismatch. License HWID: PMS-0DA3-2839-37CC-B6F4, Machine HWID: PMS-CE99-0735-E628-EBF3
2026-08-14 11:16:20,621 - pms - WARNING - Hardware mismatch. License HWID: PMS-0DA3-2839-37CC-B6F4, Machine HWID: PMS-CE99-0735-E628-EBF3
2026-08-14 11:16:22,179 - pms - WARNING - Hardware mismatch. License HWID: PMS-0DA3-2839-37CC-B6F4, Machine HWID: PMS-CE99-0735-E628-EBF3
2026-08-14 11:17:16,572 - pms - WARNING - Hardware mismatch. License HWID: PMS-0DA3-2839-37CC-B6F4, Machine HWID: PMS-CE99-0735-E628-EBF3
2026-08-14 11:17:33,302 - pms - WARNING - Hardware mismatch. License HWID: PMS-0DA3-2839-37CC-B6F4, Machine HWID: PMS-CE99-0735-E628-EBF3
2026-08-14 11:17:33,478 - pms - WARNING - Hardware mismatch. License HWID: PMS-0DA3-2839-37CC-B6F4, Machine HWID: PMS-CE99-0735-E628-EBF3
2026-08-14 11:17:38,550 - pms - WARNING - Hardware mismatch. License HWID: PMS-0DA3-2839-37CC-B6F4, Machine HWID: PMS-CE99-0735-E628-EBF3
2026-08-14 11:17:38,708 - pms - WARNING - Hardware mismatch. License HWID: PMS-0DA3-2839-37CC-B6F4, Machine HWID: PMS-CE99-0735-E628-EBF3
2026-08-14 11:17:51,022 - pms - WARNING - Hardware mismatch. License HWID: PMS-0DA3-2839-37CC-B6F4, Machine HWID: PMS-CE99-0735-E628-EBF3
2026-08-14 11:51:06,670 - pms - ERROR - PMSException caught: Invalid authentication credentials (status: 401) | Path: /api/v1/backup-settings
2026-08-14 11:51:06,693 - pms - ERROR - PMSException caught: Invalid authentication credentials (status: 401) | Path: /api/v1/backup-settings
2026-08-14 16:05:11,445 - pms - INFO - Starting Pharmacy Management System backend...
2026-08-14 16:05:11,506 - apscheduler.scheduler - INFO - Scheduler started
2026-08-14 16:51:36,607 - pms - INFO - Starting Pharmacy Management System backend...
2026-08-14 16:51:36,682 - apscheduler.scheduler - INFO - Scheduler started
2026-08-15 10:44:07,040 - pms - INFO - Starting Pharmacy Management System backend...
2026-08-15 10:44:07,088 - apscheduler.scheduler - INFO - Scheduler started
2026-08-15 12:49:36,474 - pms - ERROR - PMSException caught: Session expired. Please log in again. (status: 401) | Path: /api/v1/suppliers
2026-08-15 12:49:36,480 - pms - ERROR - PMSException caught: Session expired. Please log in again. (status: 401) | Path: /api/v1/customers
2026-08-15 12:49:36,481 - pms - ERROR - PMSException caught: Session expired. Please log in again. (status: 401) | Path: /api/v1/medicines
2026-08-15 12:49:36,481 - pms - ERROR - PMSException caught: Session expired. Please log in again. (status: 401) | Path: /api/v1/companies
2026-08-15 12:49:36,481 - pms - ERROR - PMSException caught: Session expired. Please log in again. (status: 401) | Path: /api/v1/categories
2026-08-15 12:49:36,496 - pms - ERROR - PMSException caught: Session expired. Please log in again. (status: 401) | Path: /api/v1/auth/me
2026-08-15 13:00:29,375 - pms - INFO - Starting Pharmacy Management System backend...
2026-08-15 13:00:29,391 - apscheduler.scheduler - INFO - Scheduler started
2026-08-15 13:11:59,076 - pms - INFO - Starting Pharmacy Management System backend...
2026-08-15 13:11:59,098 - apscheduler.scheduler - INFO - Scheduler started
2026-08-15 13:13:00,464 - pms - INFO - AUDIT: User admin exported 5 categories to CSV.
2026-08-15 13:13:06,545 - pms - INFO - AUDIT: User admin exported 5 companies to CSV.
2026-08-15 13:13:13,365 - pms - INFO - AUDIT: User admin exported 5 suppliers to CSV.
2026-08-15 13:13:17,901 - pms - INFO - AUDIT: User admin exported 5 customers to CSV.
2026-08-15 13:15:21,638 - pms - INFO - Starting Pharmacy Management System backend...
2026-08-15 13:15:21,673 - apscheduler.scheduler - INFO - Scheduler started
2026-08-15 13:30:26,861 - pms - INFO - Starting Pharmacy Management System backend...
2026-08-15 13:30:26,907 - apscheduler.scheduler - INFO - Scheduler started
2026-08-15 13:33:30,744 - pms - INFO - Starting Pharmacy Management System backend...
2026-08-15 13:33:30,790 - apscheduler.scheduler - INFO - Scheduler started
2026-08-15 13:41:07,837 - pms - INFO - Starting Pharmacy Management System backend...
2026-08-15 13:41:07,854 - apscheduler.scheduler - INFO - Scheduler started
2026-08-15 13:47:08,836 - pms - INFO - Starting Pharmacy Management System backend...
2026-08-15 13:47:08,850 - apscheduler.scheduler - INFO - Scheduler started
2026-08-15 13:53:08,137 - pms - INFO - Starting Pharmacy Management System backend...
2026-08-15 13:53:08,155 - apscheduler.scheduler - INFO - Scheduler started
2026-08-15 13:55:16,081 - pms - INFO - Starting Pharmacy Management System backend...
2026-08-15 13:55:16,179 - apscheduler.scheduler - INFO - Scheduler started
2026-08-15 13:59:55,390 - pms - INFO - Starting Pharmacy Management System backend...
2026-08-15 13:59:55,407 - apscheduler.scheduler - INFO - Scheduler started
2026-08-15 14:00:07,752 - pms - ERROR - Unhandled Exception caught: (sqlite3.OperationalError) no such column: suppliers.Email
[SQL: SELECT count(*) AS count_1 
FROM (SELECT suppliers."SupplierId" AS "suppliers_SupplierId", suppliers."Name" AS "suppliers_Name", suppliers."Phone" AS "suppliers_Phone", suppliers."Email" AS "suppliers_Email", suppliers."Address" AS "suppliers_Address", suppliers."ContactPerson" AS "suppliers_ContactPerson", suppliers."CurrentBalance" AS "suppliers_CurrentBalance", suppliers."IsActive" AS "suppliers_IsActive" 
FROM suppliers) AS anon_1]
(Background on this error at: https://sqlalche.me/e/20/e3q8) | Path: /api/v1/suppliers
NoneType: None
2026-08-15 14:00:08,817 - pms - ERROR - Unhandled Exception caught: (sqlite3.OperationalError) no such column: suppliers.Email
[SQL: SELECT count(*) AS count_1 
FROM (SELECT suppliers."SupplierId" AS "suppliers_SupplierId", suppliers."Name" AS "suppliers_Name", suppliers."Phone" AS "suppliers_Phone", suppliers."Email" AS "suppliers_Email", suppliers."Address" AS "suppliers_Address", suppliers."ContactPerson" AS "suppliers_ContactPerson", suppliers."CurrentBalance" AS "suppliers_CurrentBalance", suppliers."IsActive" AS "suppliers_IsActive" 
FROM suppliers) AS anon_1]
(Background on this error at: https://sqlalche.me/e/20/e3q8) | Path: /api/v1/suppliers
NoneType: None
2026-08-15 14:00:08,819 - pms - ERROR - Unhandled Exception caught: (sqlite3.OperationalError) no such column: suppliers.Email
[SQL: SELECT count(*) AS count_1 
FROM (SELECT suppliers."SupplierId" AS "suppliers_SupplierId", suppliers."Name" AS "suppliers_Name", suppliers."Phone" AS "suppliers_Phone", suppliers."Email" AS "suppliers_Email", suppliers."Address" AS "suppliers_Address", suppliers."ContactPerson" AS "suppliers_ContactPerson", suppliers."CurrentBalance" AS "suppliers_CurrentBalance", suppliers."IsActive" AS "suppliers_IsActive" 
FROM suppliers) AS anon_1]
(Background on this error at: https://sqlalche.me/e/20/e3q8) | Path: /api/v1/suppliers
NoneType: None
2026-08-15 14:00:08,905 - pms - ERROR - Unhandled Exception caught: (sqlite3.OperationalError) no such column: suppliers.Email
[SQL: SELECT count(*) AS count_1 
FROM (SELECT suppliers."SupplierId" AS "suppliers_SupplierId", suppliers."Name" AS "suppliers_Name", suppliers."Phone" AS "suppliers_Phone", suppliers."Email" AS "suppliers_Email", suppliers."Address" AS "suppliers_Address", suppliers."ContactPerson" AS "suppliers_ContactPerson", suppliers."CurrentBalance" AS "suppliers_CurrentBalance", suppliers."IsActive" AS "suppliers_IsActive" 
FROM suppliers) AS anon_1]
(Background on this error at: https://sqlalche.me/e/20/e3q8) | Path: /api/v1/suppliers
NoneType: None
2026-08-15 14:00:08,961 - pms - ERROR - Unhandled Exception caught: (sqlite3.OperationalError) no such column: suppliers.Email
[SQL: SELECT count(*) AS count_1 
FROM (SELECT suppliers."SupplierId" AS "suppliers_SupplierId", suppliers."Name" AS "suppliers_Name", suppliers."Phone" AS "suppliers_Phone", suppliers."Email" AS "suppliers_Email", suppliers."Address" AS "suppliers_Address", suppliers."ContactPerson" AS "suppliers_ContactPerson", suppliers."CurrentBalance" AS "suppliers_CurrentBalance", suppliers."IsActive" AS "suppliers_IsActive" 
FROM suppliers) AS anon_1]
(Background on this error at: https://sqlalche.me/e/20/e3q8) | Path: /api/v1/suppliers
NoneType: None
2026-08-15 14:00:13,228 - pms - ERROR - Unhandled Exception caught: (sqlite3.OperationalError) no such column: suppliers.Email
[SQL: SELECT count(*) AS count_1 
FROM (SELECT suppliers."SupplierId" AS "suppliers_SupplierId", suppliers."Name" AS "suppliers_Name", suppliers."Phone" AS "suppliers_Phone", suppliers."Email" AS "suppliers_Email", suppliers."Address" AS "suppliers_Address", suppliers."ContactPerson" AS "suppliers_ContactPerson", suppliers."CurrentBalance" AS "suppliers_CurrentBalance", suppliers."IsActive" AS "suppliers_IsActive" 
FROM suppliers) AS anon_1]
(Background on this error at: https://sqlalche.me/e/20/e3q8) | Path: /api/v1/suppliers
NoneType: None
2026-08-15 14:00:13,306 - pms - ERROR - Unhandled Exception caught: (sqlite3.OperationalError) no such column: suppliers.Email
[SQL: SELECT count(*) AS count_1 
FROM (SELECT suppliers."SupplierId" AS "suppliers_SupplierId", suppliers."Name" AS "suppliers_Name", suppliers."Phone" AS "suppliers_Phone", suppliers."Email" AS "suppliers_Email", suppliers."Address" AS "suppliers_Address", suppliers."ContactPerson" AS "suppliers_ContactPerson", suppliers."CurrentBalance" AS "suppliers_CurrentBalance", suppliers."IsActive" AS "suppliers_IsActive" 
FROM suppliers) AS anon_1]
(Background on this error at: https://sqlalche.me/e/20/e3q8) | Path: /api/v1/suppliers
NoneType: None
2026-08-15 14:00:13,386 - pms - ERROR - Unhandled Exception caught: (sqlite3.OperationalError) no such column: suppliers.Email
[SQL: SELECT count(*) AS count_1 
FROM (SELECT suppliers."SupplierId" AS "suppliers_SupplierId", suppliers."Name" AS "suppliers_Name", suppliers."Phone" AS "suppliers_Phone", suppliers."Email" AS "suppliers_Email", suppliers."Address" AS "suppliers_Address", suppliers."ContactPerson" AS "suppliers_ContactPerson", suppliers."CurrentBalance" AS "suppliers_CurrentBalance", suppliers."IsActive" AS "suppliers_IsActive" 
FROM suppliers) AS anon_1]
(Background on this error at: https://sqlalche.me/e/20/e3q8) | Path: /api/v1/suppliers
NoneType: None
2026-08-15 14:00:13,450 - pms - ERROR - Unhandled Exception caught: (sqlite3.OperationalError) no such column: suppliers.Email
[SQL: SELECT count(*) AS count_1 
FROM (SELECT suppliers."SupplierId" AS "suppliers_SupplierId", suppliers."Name" AS "suppliers_Name", suppliers."Phone" AS "suppliers_Phone", suppliers."Email" AS "suppliers_Email", suppliers."Address" AS "suppliers_Address", suppliers."ContactPerson" AS "suppliers_ContactPerson", suppliers."CurrentBalance" AS "suppliers_CurrentBalance", suppliers."IsActive" AS "suppliers_IsActive" 
FROM suppliers) AS anon_1]
(Background on this error at: https://sqlalche.me/e/20/e3q8) | Path: /api/v1/suppliers
NoneType: None
2026-08-15 14:00:13,508 - pms - ERROR - Unhandled Exception caught: (sqlite3.OperationalError) no such column: suppliers.Email
[SQL: SELECT count(*) AS count_1 
FROM (SELECT suppliers."SupplierId" AS "suppliers_SupplierId", suppliers."Name" AS "suppliers_Name", suppliers."Phone" AS "suppliers_Phone", suppliers."Email" AS "suppliers_Email", suppliers."Address" AS "suppliers_Address", suppliers."ContactPerson" AS "suppliers_ContactPerson", suppliers."CurrentBalance" AS "suppliers_CurrentBalance", suppliers."IsActive" AS "suppliers_IsActive" 
FROM suppliers) AS anon_1]
(Background on this error at: https://sqlalche.me/e/20/e3q8) | Path: /api/v1/suppliers
NoneType: None
2026-08-15 14:00:13,968 - pms - ERROR - Unhandled Exception caught: (sqlite3.OperationalError) no such column: suppliers.Email
[SQL: SELECT count(*) AS count_1 
FROM (SELECT suppliers."SupplierId" AS "suppliers_SupplierId", suppliers."Name" AS "suppliers_Name", suppliers."Phone" AS "suppliers_Phone", suppliers."Email" AS "suppliers_Email", suppliers."Address" AS "suppliers_Address", suppliers."ContactPerson" AS "suppliers_ContactPerson", suppliers."CurrentBalance" AS "suppliers_CurrentBalance", suppliers."IsActive" AS "suppliers_IsActive" 
FROM suppliers 
WHERE suppliers."IsActive" = 1) AS anon_1]
(Background on this error at: https://sqlalche.me/e/20/e3q8) | Path: /api/v1/dashboard/summary
NoneType: None
2026-08-15 14:00:14,013 - pms - ERROR - Unhandled Exception caught: (sqlite3.OperationalError) no such column: suppliers.Email
[SQL: SELECT count(*) AS count_1 
FROM (SELECT suppliers."SupplierId" AS "suppliers_SupplierId", suppliers."Name" AS "suppliers_Name", suppliers."Phone" AS "suppliers_Phone", suppliers."Email" AS "suppliers_Email", suppliers."Address" AS "suppliers_Address", suppliers."ContactPerson" AS "suppliers_ContactPerson", suppliers."CurrentBalance" AS "suppliers_CurrentBalance", suppliers."IsActive" AS "suppliers_IsActive" 
FROM suppliers 
WHERE suppliers."IsActive" = 1) AS anon_1]
(Background on this error at: https://sqlalche.me/e/20/e3q8) | Path: /api/v1/dashboard/summary
NoneType: None
2026-08-15 14:00:15,487 - pms - ERROR - Unhandled Exception caught: (sqlite3.OperationalError) no such column: suppliers.Email
[SQL: SELECT count(*) AS count_1 
FROM (SELECT suppliers."SupplierId" AS "suppliers_SupplierId", suppliers."Name" AS "suppliers_Name", suppliers."Phone" AS "suppliers_Phone", suppliers."Email" AS "suppliers_Email", suppliers."Address" AS "suppliers_Address", suppliers."ContactPerson" AS "suppliers_ContactPerson", suppliers."CurrentBalance" AS "suppliers_CurrentBalance", suppliers."IsActive" AS "suppliers_IsActive" 
FROM suppliers 
WHERE suppliers."IsActive" = 1) AS anon_1]
(Background on this error at: https://sqlalche.me/e/20/e3q8) | Path: /api/v1/dashboard/summary
NoneType: None
2026-08-15 14:00:15,538 - pms - ERROR - Unhandled Exception caught: (sqlite3.OperationalError) no such column: suppliers.Email
[SQL: SELECT count(*) AS count_1 
FROM (SELECT suppliers."SupplierId" AS "suppliers_SupplierId", suppliers."Name" AS "suppliers_Name", suppliers."Phone" AS "suppliers_Phone", suppliers."Email" AS "suppliers_Email", suppliers."Address" AS "suppliers_Address", suppliers."ContactPerson" AS "suppliers_ContactPerson", suppliers."CurrentBalance" AS "suppliers_CurrentBalance", suppliers."IsActive" AS "suppliers_IsActive" 
FROM suppliers 
WHERE suppliers."IsActive" = 1) AS anon_1]
(Background on this error at: https://sqlalche.me/e/20/e3q8) | Path: /api/v1/dashboard/summary
NoneType: None
2026-08-15 14:00:18,620 - pms - ERROR - Unhandled Exception caught: (sqlite3.OperationalError) no such column: suppliers.Email
[SQL: SELECT count(*) AS count_1 
FROM (SELECT suppliers."SupplierId" AS "suppliers_SupplierId", suppliers."Name" AS "suppliers_Name", suppliers."Phone" AS "suppliers_Phone", suppliers."Email" AS "suppliers_Email", suppliers."Address" AS "suppliers_Address", suppliers."ContactPerson" AS "suppliers_ContactPerson", suppliers."CurrentBalance" AS "suppliers_CurrentBalance", suppliers."IsActive" AS "suppliers_IsActive" 
FROM suppliers 
WHERE suppliers."IsActive" = 1) AS anon_1]
(Background on this error at: https://sqlalche.me/e/20/e3q8) | Path: /api/v1/dashboard/summary
NoneType: None
2026-08-15 14:00:18,669 - pms - ERROR - Unhandled Exception caught: (sqlite3.OperationalError) no such column: suppliers.Email
[SQL: SELECT count(*) AS count_1 
FROM (SELECT suppliers."SupplierId" AS "suppliers_SupplierId", suppliers."Name" AS "suppliers_Name", suppliers."Phone" AS "suppliers_Phone", suppliers."Email" AS "suppliers_Email", suppliers."Address" AS "suppliers_Address", suppliers."ContactPerson" AS "suppliers_ContactPerson", suppliers."CurrentBalance" AS "suppliers_CurrentBalance", suppliers."IsActive" AS "suppliers_IsActive" 
FROM suppliers 
WHERE suppliers."IsActive" = 1) AS anon_1]
(Background on this error at: https://sqlalche.me/e/20/e3q8) | Path: /api/v1/dashboard/summary
NoneType: None
2026-08-15 14:00:35,711 - pms - INFO - Starting Pharmacy Management System backend...
2026-08-15 14:00:35,729 - apscheduler.scheduler - INFO - Scheduler started
2026-08-15 14:00:37,349 - pms - ERROR - Unhandled Exception caught: (sqlite3.OperationalError) no such column: suppliers.Email
[SQL: SELECT count(*) AS count_1 
FROM (SELECT suppliers."SupplierId" AS "suppliers_SupplierId", suppliers."Name" AS "suppliers_Name", suppliers."Phone" AS "suppliers_Phone", suppliers."Email" AS "suppliers_Email", suppliers."Address" AS "suppliers_Address", suppliers."ContactPerson" AS "suppliers_ContactPerson", suppliers."CurrentBalance" AS "suppliers_CurrentBalance", suppliers."IsActive" AS "suppliers_IsActive" 
FROM suppliers 
WHERE suppliers."IsActive" = 1) AS anon_1]
(Background on this error at: https://sqlalche.me/e/20/e3q8) | Path: /api/v1/dashboard/summary
NoneType: None
2026-08-15 14:00:37,413 - pms - ERROR - Unhandled Exception caught: (sqlite3.OperationalError) no such column: suppliers.Email
[SQL: SELECT count(*) AS count_1 
FROM (SELECT suppliers."SupplierId" AS "suppliers_SupplierId", suppliers."Name" AS "suppliers_Name", suppliers."Phone" AS "suppliers_Phone", suppliers."Email" AS "suppliers_Email", suppliers."Address" AS "suppliers_Address", suppliers."ContactPerson" AS "suppliers_ContactPerson", suppliers."CurrentBalance" AS "suppliers_CurrentBalance", suppliers."IsActive" AS "suppliers_IsActive" 
FROM suppliers 
WHERE suppliers."IsActive" = 1) AS anon_1]
(Background on this error at: https://sqlalche.me/e/20/e3q8) | Path: /api/v1/dashboard/summary
NoneType: None
2026-08-15 14:00:39,445 - pms - ERROR - Unhandled Exception caught: (sqlite3.OperationalError) no such column: suppliers.Email
[SQL: SELECT count(*) AS count_1 
FROM (SELECT suppliers."SupplierId" AS "suppliers_SupplierId", suppliers."Name" AS "suppliers_Name", suppliers."Phone" AS "suppliers_Phone", suppliers."Email" AS "suppliers_Email", suppliers."Address" AS "suppliers_Address", suppliers."ContactPerson" AS "suppliers_ContactPerson", suppliers."CurrentBalance" AS "suppliers_CurrentBalance", suppliers."IsActive" AS "suppliers_IsActive" 
FROM suppliers 
WHERE suppliers."IsActive" = 1) AS anon_1]
(Background on this error at: https://sqlalche.me/e/20/e3q8) | Path: /api/v1/dashboard/summary
NoneType: None
2026-08-15 14:00:39,499 - pms - ERROR - Unhandled Exception caught: (sqlite3.OperationalError) no such column: suppliers.Email
[SQL: SELECT count(*) AS count_1 
FROM (SELECT suppliers."SupplierId" AS "suppliers_SupplierId", suppliers."Name" AS "suppliers_Name", suppliers."Phone" AS "suppliers_Phone", suppliers."Email" AS "suppliers_Email", suppliers."Address" AS "suppliers_Address", suppliers."ContactPerson" AS "suppliers_ContactPerson", suppliers."CurrentBalance" AS "suppliers_CurrentBalance", suppliers."IsActive" AS "suppliers_IsActive" 
FROM suppliers 
WHERE suppliers."IsActive" = 1) AS anon_1]
(Background on this error at: https://sqlalche.me/e/20/e3q8) | Path: /api/v1/dashboard/summary
NoneType: None
2026-08-15 14:00:42,391 - pms - ERROR - Unhandled Exception caught: (sqlite3.OperationalError) no such column: suppliers.Email
[SQL: SELECT count(*) AS count_1 
FROM (SELECT suppliers."SupplierId" AS "suppliers_SupplierId", suppliers."Name" AS "suppliers_Name", suppliers."Phone" AS "suppliers_Phone", suppliers."Email" AS "suppliers_Email", suppliers."Address" AS "suppliers_Address", suppliers."ContactPerson" AS "suppliers_ContactPerson", suppliers."CurrentBalance" AS "suppliers_CurrentBalance", suppliers."IsActive" AS "suppliers_IsActive" 
FROM suppliers) AS anon_1]
(Background on this error at: https://sqlalche.me/e/20/e3q8) | Path: /api/v1/suppliers
NoneType: None
2026-08-15 14:00:42,474 - pms - ERROR - Unhandled Exception caught: (sqlite3.OperationalError) no such column: suppliers.Email
[SQL: SELECT suppliers."SupplierId" AS "suppliers_SupplierId", suppliers."Name" AS "suppliers_Name", suppliers."Phone" AS "suppliers_Phone", suppliers."Email" AS "suppliers_Email", suppliers."Address" AS "suppliers_Address", suppliers."ContactPerson" AS "suppliers_ContactPerson", suppliers."CurrentBalance" AS "suppliers_CurrentBalance", suppliers."IsActive" AS "suppliers_IsActive" 
FROM suppliers 
WHERE suppliers."SupplierId" = ?]
[parameters: (5,)]
(Background on this error at: https://sqlalche.me/e/20/e3q8) | Path: /api/v1/purchases
NoneType: None
2026-08-15 14:00:42,670 - pms - ERROR - Unhandled Exception caught: (sqlite3.OperationalError) no such column: suppliers.Email
[SQL: SELECT count(*) AS count_1 
FROM (SELECT suppliers."SupplierId" AS "suppliers_SupplierId", suppliers."Name" AS "suppliers_Name", suppliers."Phone" AS "suppliers_Phone", suppliers."Email" AS "suppliers_Email", suppliers."Address" AS "suppliers_Address", suppliers."ContactPerson" AS "suppliers_ContactPerson", suppliers."CurrentBalance" AS "suppliers_CurrentBalance", suppliers."IsActive" AS "suppliers_IsActive" 
FROM suppliers 
WHERE suppliers."IsActive" = 1) AS anon_1]
(Background on this error at: https://sqlalche.me/e/20/e3q8) | Path: /api/v1/purchases/summary
NoneType: None
2026-08-15 14:00:42,713 - pms - ERROR - Unhandled Exception caught: (sqlite3.OperationalError) no such column: suppliers.Email
[SQL: SELECT count(*) AS count_1 
FROM (SELECT suppliers."SupplierId" AS "suppliers_SupplierId", suppliers."Name" AS "suppliers_Name", suppliers."Phone" AS "suppliers_Phone", suppliers."Email" AS "suppliers_Email", suppliers."Address" AS "suppliers_Address", suppliers."ContactPerson" AS "suppliers_ContactPerson", suppliers."CurrentBalance" AS "suppliers_CurrentBalance", suppliers."IsActive" AS "suppliers_IsActive" 
FROM suppliers) AS anon_1]
(Background on this error at: https://sqlalche.me/e/20/e3q8) | Path: /api/v1/suppliers
NoneType: None
2026-08-15 14:00:42,759 - pms - ERROR - Unhandled Exception caught: (sqlite3.OperationalError) no such column: suppliers.Email
[SQL: SELECT suppliers."SupplierId" AS "suppliers_SupplierId", suppliers."Name" AS "suppliers_Name", suppliers."Phone" AS "suppliers_Phone", suppliers."Email" AS "suppliers_Email", suppliers."Address" AS "suppliers_Address", suppliers."ContactPerson" AS "suppliers_ContactPerson", suppliers."CurrentBalance" AS "suppliers_CurrentBalance", suppliers."IsActive" AS "suppliers_IsActive" 
FROM suppliers 
WHERE suppliers."SupplierId" = ?]
[parameters: (5,)]
(Background on this error at: https://sqlalche.me/e/20/e3q8) | Path: /api/v1/purchases
NoneType: None
2026-08-15 14:00:42,793 - pms - ERROR - Unhandled Exception caught: (sqlite3.OperationalError) no such column: suppliers.Email
[SQL: SELECT count(*) AS count_1 
FROM (SELECT suppliers."SupplierId" AS "suppliers_SupplierId", suppliers."Name" AS "suppliers_Name", suppliers."Phone" AS "suppliers_Phone", suppliers."Email" AS "suppliers_Email", suppliers."Address" AS "suppliers_Address", suppliers."ContactPerson" AS "suppliers_ContactPerson", suppliers."CurrentBalance" AS "suppliers_CurrentBalance", suppliers."IsActive" AS "suppliers_IsActive" 
FROM suppliers 
WHERE suppliers."IsActive" = 1) AS anon_1]
(Background on this error at: https://sqlalche.me/e/20/e3q8) | Path: /api/v1/purchases/summary
NoneType: None
2026-08-15 14:01:38,250 - pms - INFO - Starting Pharmacy Management System backend...
2026-08-15 14:01:38,305 - apscheduler.scheduler - INFO - Scheduler started
2026-08-15 14:05:27,429 - pms - INFO - Starting Pharmacy Management System backend...
2026-08-15 14:05:27,465 - apscheduler.scheduler - INFO - Scheduler started
2026-08-15 14:12:56,334 - pms - INFO - Starting Pharmacy Management System backend...
2026-08-15 14:12:56,425 - apscheduler.scheduler - INFO - Scheduler started
2026-08-15 14:17:02,986 - pms - INFO - Starting Pharmacy Management System backend...
2026-08-15 14:17:03,013 - apscheduler.scheduler - INFO - Scheduler started
2026-08-15 14:22:18,986 - pms - INFO - Starting Pharmacy Management System backend...
2026-08-15 14:22:19,013 - apscheduler.scheduler - INFO - Scheduler started
2026-08-15 15:33:01,849 - pms - ERROR - PMSException caught: Session expired. Please log in again. (status: 401) | Path: /api/v1/auth/me
2026-08-15 17:32:45,267 - pms - INFO - Starting Pharmacy Management System backend...
2026-08-15 17:32:45,365 - apscheduler.scheduler - INFO - Scheduler started
2026-08-15 17:33:51,418 - pms - ERROR - PMSException caught: Session expired. Please log in again. (status: 401) | Path: /api/v1/auth/me
2026-08-15 17:56:25,485 - pms - INFO - Starting Pharmacy Management System backend...
2026-08-15 17:56:25,545 - apscheduler.scheduler - INFO - Scheduler started
2026-08-15 17:59:41,799 - pms - INFO - Starting Pharmacy Management System backend...
2026-08-15 17:59:41,817 - apscheduler.scheduler - INFO - Scheduler started
2026-08-15 22:09:31,631 - pms - ERROR - PMSException caught: Session expired. Please log in again. (status: 401) | Path: /api/v1/auth/me
2026-08-15 22:55:18,761 - pms - INFO - Starting Pharmacy Management System backend...
2026-08-15 22:55:18,798 - apscheduler.scheduler - INFO - Scheduler started
2026-08-15 23:33:01,297 - pms - INFO - Starting Pharmacy Management System backend...
2026-08-15 23:33:01,326 - apscheduler.scheduler - INFO - Scheduler started
2026-08-15 23:48:06,486 - pms - INFO - AUDIT: User admin successfully deleted medicine 11 (Panadol).
2026-08-15 23:48:14,904 - pms - INFO - AUDIT: User admin successfully deleted medicine 10 (Gaviscon).
2026-08-15 23:48:23,982 - pms - INFO - AUDIT: User admin successfully deleted medicine 9 (Calpol).
2026-08-15 23:48:32,877 - pms - INFO - AUDIT: User admin successfully deleted medicine 8 (Betnovate).
2026-08-15 23:48:42,862 - pms - INFO - AUDIT: User admin successfully deleted medicine 7 (Amoxil).
2026-08-15 23:48:51,337 - pms - INFO - AUDIT: User admin successfully deleted medicine 2 (Amoxil 500mg).
2026-08-15 23:56:02,598 - pms - INFO - Starting Pharmacy Management System backend...
2026-08-15 23:56:02,619 - apscheduler.scheduler - INFO - Scheduler started
2026-08-16 00:01:28,722 - pms - INFO - Safe Data Reset | SUCCESS | User: admin | Snapshot: pre_reset_snapshot_20260816_000128.sqlite
2026-08-16 00:02:22,191 - pms - INFO - AUDIT: User admin imported 5 categories. Skipped: 0. Errors: 0
2026-08-16 00:02:31,876 - pms - INFO - AUDIT: User admin imported 5 companies. Skipped: 0. Errors: 0
2026-08-16 00:02:46,858 - pms - INFO - AUDIT: User admin imported 5 suppliers. Skipped: 0. Errors: 0
2026-08-16 00:02:57,694 - pms - INFO - AUDIT: User admin imported 5 customers. Skipped: 0. Errors: 0
2026-08-16 00:06:21,540 - pms - ERROR - Unhandled Exception caught: (sqlite3.IntegrityError) UNIQUE constraint failed: medicines.Barcode
[SQL: INSERT INTO medicines ("BrandName", "GenericName", "CategoryId", "CompanyId", "RackNumber", "ReorderLevel", "RequiresPrescription", "Unit", "DosageForm", "Strength", "Barcode", "DefaultCostPrice", "DefaultSellingPrice", "IsActive") VALUES (?, ?, ?, ?, ?, ?, ?, ?, ?, ?, ?, ?, ?, ?) RETURNING "MedicineId"]
[parameters: ('Amoxil 500mg', 'Amoxicillin', 1, 5, 'A-04', 10, 1, 'Box', None, None, '8.901E+12', 0.0, 0.0, 1)]
(Background on this error at: https://sqlalche.me/e/20/gkpj) | Path: /api/v1/medicines/import
NoneType: None
2026-08-16 00:06:37,249 - pms - ERROR - Unhandled Exception caught: (sqlite3.IntegrityError) UNIQUE constraint failed: medicines.Barcode
[SQL: INSERT INTO medicines ("BrandName", "GenericName", "CategoryId", "CompanyId", "RackNumber", "ReorderLevel", "RequiresPrescription", "Unit", "DosageForm", "Strength", "Barcode", "DefaultCostPrice", "DefaultSellingPrice", "IsActive") VALUES (?, ?, ?, ?, ?, ?, ?, ?, ?, ?, ?, ?, ?, ?) RETURNING "MedicineId"]
[parameters: ('Amoxil 500mg', 'Amoxicillin', 1, 5, 'A-04', 10, 1, 'Box', None, None, '8.901E+12', 0.0, 0.0, 1)]
(Background on this error at: https://sqlalche.me/e/20/gkpj) | Path: /api/v1/medicines/import
NoneType: None
2026-08-16 00:06:58,417 - pms - INFO - AUDIT: User admin successfully deleted medicine 11 (Panadol).
2026-08-16 00:07:09,606 - pms - INFO - AUDIT: User admin successfully deleted medicine 7 (Amoxil).
2026-08-16 00:07:15,606 - pms - INFO - AUDIT: User admin successfully deleted medicine 2 (Amoxil 500mg).
2026-08-16 00:07:21,618 - pms - INFO - AUDIT: User admin successfully deleted medicine 8 (Betnovate).
2026-08-16 00:07:31,331 - pms - INFO - AUDIT: User admin successfully deleted medicine 4 (Calpol).
2026-08-16 00:07:39,855 - pms - INFO - AUDIT: User admin successfully deleted medicine 10 (Gaviscon).
2026-08-16 00:33:38,180 - pms - ERROR - Unhandled Exception caught: (sqlite3.IntegrityError) UNIQUE constraint failed: medicines.Barcode
[SQL: INSERT INTO medicines ("BrandName", "GenericName", "CategoryId", "CompanyId", "RackNumber", "ReorderLevel", "RequiresPrescription", "Unit", "DosageForm", "Strength", "Barcode", "DefaultCostPrice", "DefaultSellingPrice", "IsActive") VALUES (?, ?, ?, ?, ?, ?, ?, ?, ?, ?, ?, ?, ?, ?) RETURNING "MedicineId"]
[parameters: ('Panadol', 'Paracetamol', 2, 5, 'A-01', 20, 1, 'Box', None, None, '8901000000011', 0.0, 0.0, 1)]
(Background on this error at: https://sqlalche.me/e/20/gkpj) | Path: /api/v1/medicines/import
NoneType: None
2026-08-16 00:33:43,513 - pms - ERROR - Unhandled Exception caught: (sqlite3.IntegrityError) UNIQUE constraint failed: medicines.Barcode
[SQL: INSERT INTO medicines ("BrandName", "GenericName", "CategoryId", "CompanyId", "RackNumber", "ReorderLevel", "RequiresPrescription", "Unit", "DosageForm", "Strength", "Barcode", "DefaultCostPrice", "DefaultSellingPrice", "IsActive") VALUES (?, ?, ?, ?, ?, ?, ?, ?, ?, ?, ?, ?, ?, ?) RETURNING "MedicineId"]
[parameters: ('Amoxil 500mg', 'Amoxicillin', 1, 5, 'A-04', 10, 1, 'Box', None, None, '8.901E+12', 0.0, 0.0, 1)]
(Background on this error at: https://sqlalche.me/e/20/gkpj) | Path: /api/v1/medicines/import
NoneType: None
2026-08-16 00:34:17,640 - pms - ERROR - Unhandled Exception caught: (sqlite3.IntegrityError) UNIQUE constraint failed: medicines.Barcode
[SQL: INSERT INTO medicines ("BrandName", "GenericName", "CategoryId", "CompanyId", "RackNumber", "ReorderLevel", "RequiresPrescription", "Unit", "DosageForm", "Strength", "Barcode", "DefaultCostPrice", "DefaultSellingPrice", "IsActive") VALUES (?, ?, ?, ?, ?, ?, ?, ?, ?, ?, ?, ?, ?, ?) RETURNING "MedicineId"]
[parameters: ('Panadol', 'Paracetamol', 2, 5, 'A-01', 20, 1, 'Box', None, None, '8901000000011', 0.0, 0.0, 1)]
(Background on this error at: https://sqlalche.me/e/20/gkpj) | Path: /api/v1/medicines/import
NoneType: None
2026-08-16 00:34:28,360 - pms - ERROR - Unhandled Exception caught: (sqlite3.IntegrityError) UNIQUE constraint failed: medicines.Barcode
[SQL: INSERT INTO medicines ("BrandName", "GenericName", "CategoryId", "CompanyId", "RackNumber", "ReorderLevel", "RequiresPrescription", "Unit", "DosageForm", "Strength", "Barcode", "DefaultCostPrice", "DefaultSellingPrice", "IsActive") VALUES (?, ?, ?, ?, ?, ?, ?, ?, ?, ?, ?, ?, ?, ?) RETURNING "MedicineId"]
[parameters: ('Amoxil 500mg', 'Amoxicillin', 1, 5, 'A-04', 10, 1, 'Box', None, None, '8.901E+12', 0.0, 0.0, 1)]
(Background on this error at: https://sqlalche.me/e/20/gkpj) | Path: /api/v1/medicines/import
NoneType: None
2026-08-16 10:30:47,952 - pms - INFO - Starting Pharmacy Management System backend...
2026-08-16 10:30:48,003 - apscheduler.scheduler - INFO - Scheduler started
2026-08-24 17:13:28,836 - pms - INFO - Starting Pharmacy Management System backend...
2026-08-24 17:13:28,888 - apscheduler.scheduler - INFO - Scheduler started
2026-08-25 11:07:47,693 - pms - INFO - Starting Pharmacy Management System backend...
2026-08-25 11:07:47,751 - apscheduler.scheduler - INFO - Scheduler started
2026-08-26 12:58:35,831 - pms - INFO - Starting Pharmacy Management System backend...
2026-08-26 12:58:35,885 - apscheduler.scheduler - INFO - Scheduler started
2026-08-26 13:11:17,301 - pms - INFO - Starting Pharmacy Management System backend...
2026-08-26 13:11:17,353 - apscheduler.scheduler - INFO - Scheduler started
2026-08-26 13:21:29,140 - pms - INFO - Starting Pharmacy Management System backend...
2026-08-26 13:21:29,323 - apscheduler.scheduler - INFO - Scheduler started
2026-08-26 15:31:24,541 - pms - ERROR - PMSException caught: Session expired. Please log in again. (status: 401) | Path: /api/v1/auth/me
2026-08-26 16:11:24,006 - pms - INFO - Starting Pharmacy Management System backend...
2026-08-26 16:11:24,067 - apscheduler.scheduler - INFO - Scheduler started
2026-08-26 16:37:08,369 - pms - INFO - Starting Pharmacy Management System backend...
2026-08-26 16:37:08,412 - apscheduler.scheduler - INFO - Scheduler started
2026-08-26 17:48:39,045 - pms - INFO - Starting Pharmacy Management System backend...
2026-08-26 17:48:39,113 - apscheduler.scheduler - INFO - Scheduler started
2026-08-26 17:48:49,712 - pms - ERROR - PMSException caught: Session expired. Please log in again. (status: 401) | Path: /api/v1/auth/me
2026-08-26 18:50:13,131 - pms - INFO - Starting Pharmacy Management System backend...
2026-08-26 18:50:13,232 - apscheduler.scheduler - INFO - Scheduler started
2026-08-26 22:11:04,479 - pms - ERROR - PMSException caught: Session expired. Please log in again. (status: 401) | Path: /api/v1/auth/me
2026-08-26 22:44:46,131 - pms - INFO - Starting Pharmacy Management System backend...
2026-08-26 22:44:46,213 - apscheduler.scheduler - INFO - Scheduler started
2026-08-26 22:52:05,878 - pms - INFO - Starting Pharmacy Management System backend...
2026-08-26 22:52:05,896 - apscheduler.scheduler - INFO - Scheduler started
2026-08-26 23:07:22,323 - pms - INFO - Starting Pharmacy Management System backend...
2026-08-26 23:07:22,359 - apscheduler.scheduler - INFO - Scheduler started
2026-08-26 23:30:23,401 - pms - INFO - Starting Pharmacy Management System backend...
2026-08-26 23:30:23,426 - apscheduler.scheduler - INFO - Scheduler started
2026-08-27 00:14:00,666 - pms - ERROR - PMSException caught: Session expired. Please log in again. (status: 401) | Path: /api/v1/auth/me
2026-08-27 00:40:27,539 - pms - ERROR - PMSException caught: Incorrect username or password (status: 401) | Path: /api/v1/auth/login
2026-08-27 00:48:13,108 - pms - INFO - Starting Pharmacy Management System backend...
2026-08-27 00:48:13,132 - apscheduler.scheduler - INFO - Scheduler started
2026-08-27 00:55:20,178 - pms - INFO - Starting Pharmacy Management System backend...
2026-08-27 00:55:20,194 - apscheduler.scheduler - INFO - Scheduler started
2026-08-27 01:04:09,657 - pms - INFO - Starting Pharmacy Management System backend...
2026-08-27 01:04:09,684 - apscheduler.scheduler - INFO - Scheduler started
2026-08-27 01:11:58,243 - pms - INFO - Starting Pharmacy Management System backend...
2026-08-27 01:11:58,272 - apscheduler.scheduler - INFO - Scheduler started
2026-08-27 01:17:25,195 - pms - INFO - Starting Pharmacy Management System backend...
2026-08-27 01:17:25,218 - apscheduler.scheduler - INFO - Scheduler started
2026-08-27 09:32:40,796 - pms - INFO - Starting Pharmacy Management System backend...
2026-08-27 09:32:40,857 - apscheduler.scheduler - INFO - Scheduler started
2026-08-27 10:37:30,689 - pms - INFO - AUDIT: User admin exported 5 customers to CSV.
2026-08-27 11:35:13,628 - pms - ERROR - PMSException caught: Session expired. Please log in again. (status: 401) | Path: /api/v1/auth/me
2026-08-27 13:35:19,627 - pms - ERROR - PMSException caught: Session expired. Please log in again. (status: 401) | Path: /api/v1/auth/me
2026-08-27 13:40:19,575 - pms - INFO - Starting Pharmacy Management System backend...
2026-08-27 13:40:19,593 - apscheduler.scheduler - INFO - Scheduler started
2026-08-27 15:35:48,719 - pms - ERROR - PMSException caught: Session expired. Please log in again. (status: 401) | Path: /api/v1/auth/me
2026-08-27 16:53:58,016 - pms - INFO - Starting Pharmacy Management System backend...
2026-08-27 16:53:58,038 - apscheduler.scheduler - INFO - Scheduler started
2026-08-27 17:37:19,571 - pms - ERROR - PMSException caught: Session expired. Please log in again. (status: 401) | Path: /api/v1/auth/me
2026-08-27 18:04:48,296 - pms - INFO - Starting Pharmacy Management System backend...
2026-08-27 18:04:48,329 - apscheduler.scheduler - INFO - Scheduler started
2026-08-27 19:36:52,912 - pms - INFO - Starting Pharmacy Management System backend...
2026-08-27 19:36:53,007 - apscheduler.scheduler - INFO - Scheduler started
2026-08-27 20:17:41,099 - pms - ERROR - PMSException caught: Session expired. Please log in again. (status: 401) | Path: /api/v1/auth/me
2026-08-27 21:48:29,925 - pms - INFO - Starting Pharmacy Management System backend...
2026-08-27 21:48:29,952 - apscheduler.scheduler - INFO - Scheduler started
2026-08-27 21:49:33,661 - pms - ERROR - Unhandled Exception caught: name 'PaginationMetadata' is not defined | Path: /api/v1/reports/medicine
NoneType: None
2026-08-27 21:49:42,104 - pms - ERROR - Unhandled Exception caught: name 'PaginationMetadata' is not defined | Path: /api/v1/reports/medicine
NoneType: None
2026-08-27 21:49:58,818 - pms - INFO - Starting Pharmacy Management System backend...
2026-08-27 21:49:58,845 - apscheduler.scheduler - INFO - Scheduler started
2026-08-27 21:50:12,496 - pms - ERROR - Unhandled Exception caught: name 'PaginationMetadata' is not defined | Path: /api/v1/reports/medicine
NoneType: None
2026-08-27 21:50:17,895 - pms - ERROR - Unhandled Exception caught: name 'PaginationMetadata' is not defined | Path: /api/v1/reports/medicine
NoneType: None
2026-08-27 21:50:30,060 - pms - ERROR - Unhandled Exception caught: name 'PaginationMetadata' is not defined | Path: /api/v1/reports/medicine
NoneType: None
2026-08-27 21:51:04,343 - pms - ERROR - Unhandled Exception caught: name 'PaginationMetadata' is not defined | Path: /api/v1/reports/medicine
NoneType: None
2026-08-27 21:51:28,455 - pms - ERROR - Unhandled Exception caught: name 'PaginationMetadata' is not defined | Path: /api/v1/reports/medicine
NoneType: None
2026-08-27 21:52:05,476 - pms - ERROR - Unhandled Exception caught: name 'PaginationMetadata' is not defined | Path: /api/v1/reports/medicine
NoneType: None
2026-08-27 21:52:56,363 - pms - INFO - Starting Pharmacy Management System backend...
2026-08-27 21:52:56,386 - apscheduler.scheduler - INFO - Scheduler started
2026-08-27 23:12:32,740 - pms - INFO - Starting Pharmacy Management System backend...
2026-08-27 23:12:32,789 - apscheduler.scheduler - INFO - Scheduler started
2026-08-28 00:30:05,457 - pms - ERROR - PMSException caught: Session expired. Please log in again. (status: 401) | Path: /api/v1/medicines
2026-08-28 00:30:05,460 - pms - ERROR - PMSException caught: Session expired. Please log in again. (status: 401) | Path: /api/v1/categories
2026-08-28 00:30:05,460 - pms - ERROR - PMSException caught: Session expired. Please log in again. (status: 401) | Path: /api/v1/companies
2026-08-28 00:30:05,462 - pms - ERROR - PMSException caught: Session expired. Please log in again. (status: 401) | Path: /api/v1/suppliers
2026-08-28 00:30:05,475 - pms - ERROR - PMSException caught: Session expired. Please log in again. (status: 401) | Path: /api/v1/customers
2026-08-28 00:30:05,513 - pms - ERROR - PMSException caught: Session expired. Please log in again. (status: 401) | Path: /api/v1/medicines
2026-08-28 00:30:05,516 - pms - ERROR - PMSException caught: Session expired. Please log in again. (status: 401) | Path: /api/v1/categories
2026-08-28 00:30:05,520 - pms - ERROR - PMSException caught: Session expired. Please log in again. (status: 401) | Path: /api/v1/customers
2026-08-28 00:30:05,520 - pms - ERROR - PMSException caught: Session expired. Please log in again. (status: 401) | Path: /api/v1/suppliers
2026-08-28 00:30:05,521 - pms - ERROR - PMSException caught: Session expired. Please log in again. (status: 401) | Path: /api/v1/companies
2026-08-28 00:30:05,549 - pms - ERROR - PMSException caught: Session expired. Please log in again. (status: 401) | Path: /api/v1/medicines
2026-08-28 00:30:05,549 - pms - ERROR - PMSException caught: Session expired. Please log in again. (status: 401) | Path: /api/v1/categories
2026-08-28 00:30:05,549 - pms - ERROR - PMSException caught: Session expired. Please log in again. (status: 401) | Path: /api/v1/companies
2026-08-28 00:30:05,550 - pms - ERROR - PMSException caught: Session expired. Please log in again. (status: 401) | Path: /api/v1/customers
2026-08-28 00:30:05,550 - pms - ERROR - PMSException caught: Session expired. Please log in again. (status: 401) | Path: /api/v1/suppliers
2026-08-28 00:30:05,582 - pms - ERROR - PMSException caught: Session expired. Please log in again. (status: 401) | Path: /api/v1/categories
2026-08-28 00:30:05,582 - pms - ERROR - PMSException caught: Session expired. Please log in again. (status: 401) | Path: /api/v1/medicines
2026-08-28 00:30:05,589 - pms - ERROR - PMSException caught: Session expired. Please log in again. (status: 401) | Path: /api/v1/suppliers
2026-08-28 00:30:05,590 - pms - ERROR - PMSException caught: Session expired. Please log in again. (status: 401) | Path: /api/v1/customers
2026-08-28 00:30:05,590 - pms - ERROR - PMSException caught: Session expired. Please log in again. (status: 401) | Path: /api/v1/companies
2026-08-28 00:30:05,815 - pms - ERROR - PMSException caught: Session expired. Please log in again. (status: 401) | Path: /api/v1/auth/me
2026-08-28 00:30:05,815 - pms - ERROR - PMSException caught: Session expired. Please log in again. (status: 401) | Path: /api/v1/customers
2026-08-28 00:30:19,288 - pms - ERROR - PMSException caught: Incorrect username or password (status: 401) | Path: /api/v1/auth/login
2026-08-28 00:53:56,024 - pms - INFO - Starting Pharmacy Management System backend...
2026-08-28 00:53:56,165 - apscheduler.scheduler - INFO - Scheduler started
2026-08-28 10:02:52,402 - pms - INFO - Starting Pharmacy Management System backend...
2026-08-28 10:02:52,459 - apscheduler.scheduler - INFO - Scheduler started
2026-08-28 10:17:33,371 - pms - INFO - Starting Pharmacy Management System backend...
2026-08-28 10:17:33,416 - apscheduler.scheduler - INFO - Scheduler started
2026-08-28 11:13:47,872 - pms - INFO - Starting Pharmacy Management System backend...
2026-08-28 11:13:47,935 - apscheduler.scheduler - INFO - Scheduler started
2026-08-28 16:04:14,395 - pms - INFO - Starting Pharmacy Management System backend...
2026-08-28 16:04:14,432 - apscheduler.scheduler - INFO - Scheduler started
2026-08-28 16:15:51,242 - pms - INFO - Root endpoint accessed
2026-08-28 16:17:40,412 - pms - INFO - Starting Pharmacy Management System backend...
2026-08-28 16:17:40,424 - apscheduler.scheduler - INFO - Scheduler started
2026-08-28 16:21:03,835 - pms - INFO - Starting Pharmacy Management System backend...
2026-08-28 16:21:03,849 - apscheduler.scheduler - INFO - Scheduler started
2026-08-28 16:25:03,688 - pms - INFO - Database Backup Executed | Type: Manual | File: Backup_2026_08_28_162415.zip | Size: 10720 bytes | Status: Success
2026-08-28 16:45:17,571 - pms - INFO - Database Restore Initiated | Creating safety snapshot: backups\safety\pre_restore_safety_snapshot.sqlite
2026-08-28 16:45:17,584 - pms - INFO - Database Restore Successful | Restored from: C:/Users/Muhammad Saqib/Desktop/Backup/Backup_2026_08_28_162415.zip by user admin
2026-08-28 16:49:03,910 - pms - INFO - Starting Pharmacy Management System backend...
2026-08-28 16:49:03,930 - apscheduler.scheduler - INFO - Scheduler started
2026-08-28 16:53:35,284 - pms - INFO - Database Backup Executed | Type: Manual | File: Backup_2026_08_28_165315.zip | Size: 10720 bytes | Status: Success
2026-08-28 16:54:17,162 - pms - INFO - Database Backup Executed | Type: Manual | File: Backup_2026_08_28_165335.zip | Size: 10807 bytes | Status: Success
2026-08-28 16:55:12,665 - pms - INFO - Database Restore Initiated | Creating safety snapshot: backups\safety\pre_restore_safety_snapshot.sqlite
2026-08-28 16:55:12,684 - pms - INFO - Database Restore Successful | Restored from: C:/Users/Muhammad Saqib/Desktop/Backup/Backup_2026_08_28_165335.zip by user admin
2026-08-28 16:56:57,821 - pms - INFO - Database Backup Executed | Type: Manual | File: Backup_2026_08_28_165648.zip | Size: 10805 bytes | Status: Success
2026-08-28 16:57:21,210 - pms - INFO - Database Restore Initiated | Creating safety snapshot: backups\safety\pre_restore_safety_snapshot.sqlite
2026-08-28 16:57:21,228 - pms - INFO - Database Restore Successful | Restored from: C:/Users/Muhammad Saqib/Desktop/Backup/Backup_2026_08_28_165648.zip by user admin
2026-08-28 17:08:53,755 - pms - INFO - Starting Pharmacy Management System backend...
2026-08-28 17:08:53,775 - apscheduler.scheduler - INFO - Scheduler started
2026-08-28 17:15:42,593 - pms - INFO - Database Restore Initiated | Creating safety snapshot: backups\safety\pre_restore_safety_snapshot.sqlite
2026-08-28 17:15:42,622 - pms - INFO - Database Restore Successful | Restored from: C:/Users/Muhammad Saqib/Desktop/Backup/Backup_2026_08_28_165648.zip by user admin
2026-08-28 17:21:35,766 - pms - INFO - Database Backup Executed | Type: Manual | File: Backup_2026_08_28_172042.zip | Size: 10805 bytes | Status: Success
2026-08-28 18:23:47,119 - pms - ERROR - PMSException caught: Session expired. Please log in again. (status: 401) | Path: /api/v1/auth/me
2026-08-28 18:23:47,507 - pms - ERROR - PMSException caught: Invalid authentication credentials (status: 401) | Path: /api/v1/backup/history
2026-08-28 18:23:47,513 - pms - ERROR - PMSException caught: Invalid authentication credentials (status: 401) | Path: /api/v1/backup-settings
2026-08-28 18:23:47,520 - pms - ERROR - PMSException caught: Invalid authentication credentials (status: 401) | Path: /api/v1/backup/db-health
2026-08-28 18:23:47,521 - pms - ERROR - PMSException caught: Invalid authentication credentials (status: 401) | Path: /api/v1/backup/db-info
2026-08-28 18:23:47,546 - pms - ERROR - PMSException caught: Invalid authentication credentials (status: 401) | Path: /api/v1/backup/history
2026-08-28 18:23:47,555 - pms - ERROR - PMSException caught: Invalid authentication credentials (status: 401) | Path: /api/v1/backup-settings
2026-08-28 18:23:47,556 - pms - ERROR - PMSException caught: Invalid authentication credentials (status: 401) | Path: /api/v1/backup/db-health
2026-08-28 18:23:47,560 - pms - ERROR - PMSException caught: Invalid authentication credentials (status: 401) | Path: /api/v1/backup/db-info
2026-08-28 18:38:34,564 - pms - INFO - Backup Settings Updated | User: admin | AutoBackup: True
2026-08-28 18:38:34,647 - apscheduler.scheduler - INFO - Added job "run_automatic_backup_job" to job store "default"
2026-08-28 18:38:34,648 - pms - INFO - Scheduled automatic backup for Daily at 23:00
2026-08-28 18:43:01,048 - pms - INFO - Backup Settings Updated | User: admin | AutoBackup: True
2026-08-28 18:43:01,049 - apscheduler.scheduler - INFO - Removed job auto_backup_job
2026-08-28 18:43:01,051 - apscheduler.scheduler - INFO - Added job "run_automatic_backup_job" to job store "default"
2026-08-28 18:43:01,051 - pms - INFO - Scheduled automatic backup for Daily at 23:00
2026-08-29 00:41:08,637 - pms - INFO - Starting Pharmacy Management System backend...
2026-08-29 00:41:08,693 - apscheduler.scheduler - INFO - Scheduler started
2026-08-29 00:41:08,905 - apscheduler.scheduler - INFO - Added job "run_automatic_backup_job" to job store "default"
2026-08-29 00:41:08,906 - pms - INFO - Scheduled automatic backup for Daily at 23:00
2026-08-29 00:42:52,005 - pms - INFO - Starting Pharmacy Management System backend...
2026-08-29 00:42:52,041 - apscheduler.scheduler - INFO - Scheduler started
2026-08-29 00:42:52,247 - apscheduler.scheduler - INFO - Added job "run_automatic_backup_job" to job store "default"
2026-08-29 00:42:52,247 - pms - INFO - Scheduled automatic backup for Daily at 23:00
2026-08-29 01:40:14,310 - pms - INFO - Starting Pharmacy Management System backend...
2026-08-29 01:40:14,355 - apscheduler.scheduler - INFO - Scheduler started
2026-08-29 01:40:14,596 - apscheduler.scheduler - INFO - Added job "run_automatic_backup_job" to job store "default"
2026-08-29 01:40:14,596 - pms - INFO - Scheduled automatic backup for Daily at 23:00
2026-08-29 01:41:26,311 - pms - INFO - Starting Pharmacy Management System backend...
2026-08-29 01:41:26,612 - apscheduler.scheduler - INFO - Scheduler started
2026-08-29 01:41:27,290 - apscheduler.scheduler - INFO - Added job "run_automatic_backup_job" to job store "default"
2026-08-29 01:41:27,290 - pms - INFO - Scheduled automatic backup for Daily at 23:00
2026-08-29 10:23:58,516 - pms - INFO - Starting Pharmacy Management System backend...
2026-08-29 10:23:58,585 - apscheduler.scheduler - INFO - Scheduler started
2026-08-29 10:23:58,782 - apscheduler.scheduler - INFO - Added job "run_automatic_backup_job" to job store "default"
2026-08-29 10:23:58,783 - pms - INFO - Scheduled automatic backup for Daily at 23:00
2026-08-29 10:39:00,185 - pms - INFO - Backup Settings Updated | User: admin | AutoBackup: False
2026-08-29 10:39:00,186 - apscheduler.scheduler - INFO - Removed job auto_backup_job
2026-08-29 12:13:14,455 - pms - INFO - Starting Pharmacy Management System backend...
2026-08-29 12:13:14,498 - apscheduler.scheduler - INFO - Scheduler started
2026-08-29 12:37:59,026 - pms - INFO - Starting Pharmacy Management System backend...
2026-08-29 12:37:59,094 - apscheduler.scheduler - INFO - Scheduler started
2026-08-29 12:39:26,768 - pms - INFO - AUDIT: User admin removed the Pharmacy Logo.
2026-08-29 12:40:05,625 - pms - INFO - AUDIT: User admin updated Pharmacy Branding (Name/Profile).
2026-08-29 12:40:33,213 - pms - INFO - AUDIT: User admin updated Pharmacy Branding (Name/Profile).
2026-08-29 12:41:00,525 - pms - INFO - AUDIT: User admin updated Pharmacy Branding (Name/Profile).
2026-08-29 12:41:43,521 - pms - INFO - AUDIT: User admin updated Pharmacy Branding (Name/Profile).
2026-08-29 12:44:14,506 - pms - INFO - AUDIT: User admin updated Pharmacy Branding (Name/Profile).
2026-08-29 12:44:21,854 - pms - INFO - AUDIT: User admin updated Pharmacy Branding (Name/Profile).
2026-08-29 12:44:33,468 - pms - INFO - AUDIT: User admin updated Pharmacy Branding (Name/Profile).
2026-08-29 12:44:44,964 - pms - INFO - AUDIT: User admin updated Pharmacy Branding (Name/Profile).
2026-08-29 12:45:12,005 - pms - INFO - Starting Pharmacy Management System backend...
2026-08-29 12:45:12,086 - apscheduler.scheduler - INFO - Scheduler started
2026-08-29 12:45:23,764 - pms - INFO - AUDIT: User admin updated Pharmacy Branding (Name/Profile).
2026-08-29 12:45:30,741 - pms - INFO - AUDIT: User admin updated Pharmacy Branding (Name/Profile).
2026-08-29 12:46:56,827 - pms - INFO - AUDIT: User admin updated General Settings (Login Page Branding).
2026-08-29 12:48:55,383 - pms - INFO - AUDIT: User admin updated General Settings (Login Page Branding).
2026-08-29 12:49:05,365 - pms - INFO - AUDIT: User admin updated Pharmacy Branding (Name/Profile).
2026-08-29 12:49:21,172 - pms - INFO - AUDIT: User admin updated Pharmacy Branding (Name/Profile).
2026-08-29 12:49:21,228 - pms - INFO - AUDIT: User admin uploaded a new Pharmacy Logo.
2026-08-29 12:49:29,417 - pms - INFO - AUDIT: User admin removed the Pharmacy Logo.
2026-08-29 12:49:36,517 - pms - INFO - AUDIT: User admin updated Pharmacy Branding (Name/Profile).
2026-08-29 12:49:36,551 - pms - INFO - AUDIT: User admin uploaded a new Pharmacy Logo.
2026-08-29 12:49:45,468 - pms - INFO - AUDIT: User admin updated Pharmacy Branding (Name/Profile).
2026-08-29 12:49:45,547 - pms - INFO - AUDIT: User admin uploaded a new Pharmacy Logo.
2026-08-29 12:49:57,160 - pms - INFO - AUDIT: User admin updated Pharmacy Branding (Name/Profile).
2026-08-29 12:50:00,831 - pms - INFO - AUDIT: User admin updated Pharmacy Branding (Name/Profile).
2026-08-29 12:50:07,326 - pms - INFO - AUDIT: User admin removed the Pharmacy Logo.
2026-08-29 12:50:15,573 - pms - INFO - AUDIT: User admin updated Pharmacy Branding (Name/Profile).
2026-08-29 12:50:26,060 - pms - INFO - AUDIT: User admin updated Pharmacy Branding (Name/Profile).
2026-08-29 12:50:26,128 - pms - INFO - AUDIT: User admin uploaded a new Pharmacy Logo.
2026-08-29 12:50:35,023 - pms - INFO - AUDIT: User admin updated Pharmacy Branding (Name/Profile).
2026-08-29 12:52:21,946 - pms - INFO - AUDIT: User admin removed the Pharmacy Logo.
2026-08-29 12:53:05,746 - pms - INFO - AUDIT: User admin uploaded a new Login Background.
2026-08-29 12:53:45,440 - pms - INFO - AUDIT: User admin removed the Login Background.
2026-08-29 12:55:20,594 - pms - INFO - AUDIT: User admin uploaded a new Pharmacy Logo.
2026-08-29 12:55:31,966 - pms - INFO - AUDIT: User admin updated Pharmacy Branding (Name/Profile).
2026-08-29 12:55:54,234 - pms - INFO - AUDIT: User admin updated Pharmacy Branding (Name/Profile).
2026-08-29 13:11:24,153 - pms - INFO - Starting Pharmacy Management System backend...
2026-08-29 13:11:24,184 - apscheduler.scheduler - INFO - Scheduler started
2026-08-29 13:12:54,075 - pms - INFO - AUDIT: User admin updated their profile information.
2026-08-29 13:12:54,128 - pms - INFO - AUDIT: User admin uploaded a new Profile Photo.
2026-08-29 13:13:02,106 - pms - INFO - AUDIT: User admin removed their Profile Photo.
2026-08-29 13:13:25,056 - pms - INFO - AUDIT: User admin updated their profile information.
2026-08-29 13:13:25,092 - pms - INFO - AUDIT: User admin uploaded a new Profile Photo.
2026-08-29 13:13:28,771 - pms - INFO - AUDIT: User admin removed their Profile Photo.
2026-08-29 13:14:22,504 - pms - INFO - AUDIT: User admin updated their profile information.
2026-08-29 13:14:22,530 - pms - INFO - AUDIT: User admin uploaded a new Profile Photo.
2026-08-29 13:17:34,191 - pms - INFO - AUDIT: User admin updated their profile information.
2026-08-29 13:18:17,633 - pms - INFO - AUDIT: User admin updated their profile information.
2026-08-29 13:18:17,656 - pms - INFO - AUDIT: User admin uploaded a new Profile Photo.
2026-08-29 13:20:24,009 - pms - INFO - AUDIT: User admin updated their profile information.
2026-08-29 13:20:36,111 - pms - INFO - AUDIT: User admin updated their profile information.
2026-08-29 13:20:42,899 - pms - INFO - AUDIT: User admin updated their profile information.
2026-08-29 13:21:49,414 - pms - INFO - AUDIT: User admin updated their profile information.
2026-08-29 13:21:49,436 - pms - INFO - AUDIT: User admin uploaded a new Profile Photo.
2026-08-29 13:21:53,360 - pms - INFO - AUDIT: User admin removed their Profile Photo.
2026-08-29 13:22:07,512 - pms - INFO - AUDIT: User admin updated their profile information.
2026-08-29 13:22:07,535 - pms - INFO - AUDIT: User admin uploaded a new Profile Photo.
2026-08-29 14:36:00,281 - pms - INFO - AUDIT: User admin updated General Settings (Login Page Branding).
2026-08-29 14:36:10,032 - pms - INFO - AUDIT: User admin updated General Settings (Login Page Branding).
2026-08-29 14:36:10,138 - pms - INFO - AUDIT: User admin uploaded a new Login Background.
2026-08-29 14:36:43,400 - pms - INFO - AUDIT: User admin removed the Login Background.
2026-08-29 15:09:39,085 - pms - INFO - Starting Pharmacy Management System backend...
2026-08-29 15:09:39,132 - apscheduler.scheduler - INFO - Scheduler started
2026-08-29 15:10:50,648 - pms - INFO - AUDIT: User admin updated their profile information.
2026-08-29 15:12:42,773 - pms - INFO - Clear Temp Data | User: admin | Deleted 10 files
2026-08-29 15:12:47,378 - pms - INFO - Clear Temp Data | User: admin | Deleted 0 files
2026-08-29 15:12:50,008 - pms - INFO - Clear Temp Data | User: admin | Deleted 0 files
2026-08-29 15:13:38,163 - pms - INFO - AUDIT: User admin removed the Pharmacy Logo.
2026-08-29 15:14:03,490 - pms - INFO - AUDIT: User admin updated Pharmacy Branding (Name/Profile).
2026-08-29 15:14:03,560 - pms - INFO - AUDIT: User admin uploaded a new Pharmacy Logo.
2026-08-29 15:46:21,563 - pms - INFO - Starting Pharmacy Management System backend...
2026-08-29 15:46:21,591 - apscheduler.scheduler - INFO - Scheduler started
2026-08-29 15:52:48,915 - pms - INFO - Starting Pharmacy Management System backend...
2026-08-29 15:52:48,931 - apscheduler.scheduler - INFO - Scheduler started
2026-08-29 16:03:56,438 - pms - INFO - AUDIT: User admin removed the Pharmacy Logo.
2026-08-29 16:04:10,335 - pms - INFO - AUDIT: User admin updated Pharmacy Branding (Name/Profile).
2026-08-29 16:04:10,371 - pms - INFO - AUDIT: User admin uploaded a new Pharmacy Logo.
2026-08-29 16:04:28,681 - pms - INFO - AUDIT: User admin updated Pharmacy Branding (Name/Profile).
2026-08-29 16:04:49,312 - pms - INFO - AUDIT: User admin removed their Profile Photo.
2026-08-29 16:04:50,851 - pms - INFO - AUDIT: User admin updated their profile information.
2026-08-29 16:05:03,015 - pms - INFO - AUDIT: User admin updated their profile information.
2026-08-29 16:05:22,565 - pms - INFO - AUDIT: User admin removed the Pharmacy Logo.
2026-08-29 16:05:28,081 - pms - INFO - AUDIT: User admin uploaded a new Pharmacy Logo.
2026-08-29 16:05:34,360 - pms - INFO - AUDIT: User admin updated Pharmacy Branding (Name/Profile).
2026-08-29 16:10:36,164 - pms - INFO - AUDIT: User admin removed the Pharmacy Logo.
2026-08-29 16:11:44,241 - pms - INFO - AUDIT: User admin updated their profile information.
2026-08-29 16:11:44,278 - pms - INFO - AUDIT: User admin uploaded a new Profile Photo.
2026-08-29 16:12:13,759 - pms - INFO - AUDIT: User admin updated their profile information.
2026-08-29 16:12:13,784 - pms - INFO - AUDIT: User admin uploaded a new Profile Photo.
2026-08-29 16:15:50,054 - pms - INFO - Starting Pharmacy Management System backend...
2026-08-29 16:15:50,078 - apscheduler.scheduler - INFO - Scheduler started
2026-08-29 16:16:38,029 - pms - INFO - AUDIT: User admin updated Pharmacy Branding (Name/Profile).
2026-08-29 16:16:38,088 - pms - INFO - AUDIT: User admin uploaded a new Pharmacy Logo.
2026-08-29 16:17:09,185 - pms - INFO - AUDIT: User admin updated their profile information.
2026-08-29 16:17:26,926 - pms - INFO - AUDIT: User admin removed their Profile Photo.
2026-08-29 16:17:46,061 - pms - INFO - AUDIT: User admin uploaded a new Profile Photo.
2026-08-29 16:18:00,203 - pms - INFO - AUDIT: User admin removed their Profile Photo.
2026-08-29 16:18:09,227 - pms - INFO - AUDIT: User admin updated their profile information.
2026-08-29 16:18:15,143 - pms - INFO - AUDIT: User admin updated their profile information.
2026-08-29 16:18:15,176 - pms - INFO - AUDIT: User admin uploaded a new Profile Photo.
2026-08-29 16:18:29,127 - pms - ERROR - Unhandled Exception caught: name 'uuid' is not defined | Path: /api/v1/settings/profile/receipt-logo
NoneType: None
2026-08-29 16:18:36,012 - pms - INFO - AUDIT: User admin updated Pharmacy Branding (Name/Profile).
2026-08-29 16:19:12,458 - pms - ERROR - Unhandled Exception caught: name 'uuid' is not defined | Path: /api/v1/settings/profile/receipt-logo
NoneType: None
2026-08-29 16:19:44,234 - pms - ERROR - Unhandled Exception caught: name 'uuid' is not defined | Path: /api/v1/settings/profile/receipt-logo
NoneType: None
2026-08-29 16:19:48,325 - pms - INFO - AUDIT: User admin updated Pharmacy Branding (Name/Profile).
2026-08-29 16:19:54,289 - pms - INFO - AUDIT: User admin updated Pharmacy Branding (Name/Profile).
2026-08-29 16:20:09,950 - pms - ERROR - Unhandled Exception caught: name 'uuid' is not defined | Path: /api/v1/settings/profile/receipt-logo
NoneType: None
2026-08-29 16:20:38,836 - pms - ERROR - Unhandled Exception caught: name 'uuid' is not defined | Path: /api/v1/settings/profile/receipt-logo
NoneType: None
2026-08-29 16:21:25,771 - pms - INFO - AUDIT: User admin updated Pharmacy Branding (Name/Profile).
2026-08-29 16:27:51,650 - pms - INFO - Starting Pharmacy Management System backend...
2026-08-29 16:27:51,687 - apscheduler.scheduler - INFO - Scheduler started
2026-08-29 16:28:37,095 - pms - INFO - AUDIT: User admin removed the Pharmacy Logo.
2026-08-29 16:29:05,076 - pms - INFO - AUDIT: User admin updated Pharmacy Branding (Name/Profile).
2026-08-29 16:29:05,117 - pms - INFO - AUDIT: User admin uploaded a new Pharmacy Logo.
2026-08-29 16:29:27,020 - pms - INFO - AUDIT: User admin removed their Profile Photo.
2026-08-29 16:29:56,549 - pms - INFO - AUDIT: User admin updated their profile information.
2026-08-29 16:29:56,584 - pms - INFO - AUDIT: User admin uploaded a new Profile Photo.
2026-08-29 16:30:18,738 - pms - INFO - AUDIT: User admin removed their Profile Photo.
2026-08-29 16:30:49,481 - pms - INFO - AUDIT: User admin updated their profile information.
2026-08-29 16:30:49,511 - pms - INFO - AUDIT: User admin uploaded a new Profile Photo.
2026-08-29 16:31:02,364 - pms - INFO - AUDIT: User admin uploaded a new Receipt Logo.
2026-08-29 16:31:09,921 - pms - INFO - AUDIT: User admin updated Pharmacy Branding (Name/Profile).
2026-08-29 16:31:14,477 - pms - INFO - AUDIT: User admin removed the Receipt Logo.
2026-08-29 16:31:19,612 - pms - INFO - AUDIT: User admin uploaded a new Receipt Logo.
2026-08-29 16:31:33,387 - pms - INFO - AUDIT: User admin removed the Receipt Logo.
2026-08-29 16:31:38,079 - pms - INFO - AUDIT: User admin uploaded a new Receipt Logo.
2026-08-29 16:31:42,191 - pms - INFO - AUDIT: User admin updated Pharmacy Branding (Name/Profile).
2026-08-29 16:32:21,445 - pms - INFO - AUDIT: User admin removed the Receipt Logo.
2026-08-29 16:32:24,987 - pms - INFO - AUDIT: User admin uploaded a new Receipt Logo.
2026-08-29 16:32:32,486 - pms - INFO - AUDIT: User admin removed the Receipt Logo.
2026-08-29 16:32:35,129 - pms - INFO - AUDIT: User admin uploaded a new Receipt Logo.
2026-08-29 16:33:00,702 - pms - INFO - AUDIT: User admin removed the Receipt Logo.
2026-08-29 16:33:03,248 - pms - INFO - AUDIT: User admin uploaded a new Receipt Logo.
2026-08-29 16:39:57,067 - pms - INFO - AUDIT: User admin updated Pharmacy Branding (Name/Profile).
2026-08-29 16:39:57,095 - pms - INFO - AUDIT: User admin uploaded a new Receipt Logo.
2026-08-29 16:41:22,701 - pms - INFO - AUDIT: User admin updated Pharmacy Branding (Name/Profile).
2026-08-29 16:42:30,538 - pms - INFO - AUDIT: User admin updated Pharmacy Branding (Name/Profile).
2026-08-29 16:42:30,563 - pms - INFO - AUDIT: User admin uploaded a new Receipt Logo.
2026-08-29 16:56:22,365 - pms - INFO - AUDIT: User admin removed the Pharmacy Logo.
2026-08-29 16:57:40,316 - pms - INFO - AUDIT: User admin updated Pharmacy Branding (Name/Profile).
2026-08-29 16:57:40,401 - pms - INFO - AUDIT: User admin uploaded a new Pharmacy Logo.
2026-08-29 16:59:21,270 - pms - INFO - Starting Pharmacy Management System backend...
2026-08-29 16:59:21,328 - apscheduler.scheduler - INFO - Scheduler started
2026-08-29 17:09:13,039 - pms - INFO - Starting Pharmacy Management System backend...
2026-08-29 17:09:13,088 - apscheduler.scheduler - INFO - Scheduler started
2026-08-29 17:20:43,598 - pms - INFO - AUDIT: User admin updated Pharmacy Branding (Name/Profile).
2026-08-29 17:21:12,772 - pms - INFO - AUDIT: User admin updated Pharmacy Branding (Name/Profile).
2026-08-29 17:21:12,864 - pms - INFO - AUDIT: User admin uploaded a new Receipt Logo.
2026-08-29 17:21:19,030 - pms - INFO - AUDIT: User admin updated Pharmacy Branding (Name/Profile).
2026-08-29 17:21:22,521 - pms - INFO - AUDIT: User admin updated Pharmacy Branding (Name/Profile).
2026-08-29 17:21:26,864 - pms - INFO - AUDIT: User admin updated Pharmacy Branding (Name/Profile).
2026-08-29 17:21:32,174 - pms - INFO - AUDIT: User admin updated Pharmacy Branding (Name/Profile).
2026-08-29 17:21:46,675 - pms - INFO - AUDIT: User admin updated Pharmacy Branding (Name/Profile).
2026-08-29 17:21:46,746 - pms - INFO - AUDIT: User admin uploaded a new Receipt Logo.
2026-08-29 17:22:49,074 - pms - INFO - AUDIT: User admin updated Pharmacy Branding (Name/Profile).
2026-08-29 17:24:08,873 - pms - INFO - AUDIT: User admin updated Pharmacy Branding (Name/Profile).
2026-08-29 21:29:59,431 - pms - INFO - Starting Pharmacy Management System backend...
2026-08-29 21:29:59,562 - apscheduler.scheduler - INFO - Scheduler started
2026-08-29 21:31:37,375 - pms - INFO - Starting Pharmacy Management System backend...
2026-08-29 21:31:37,454 - apscheduler.scheduler - INFO - Scheduler started
2026-08-29 22:28:28,433 - pms - INFO - Starting Pharmacy Management System backend...
2026-08-29 22:28:28,482 - apscheduler.scheduler - INFO - Scheduler started
2026-08-29 22:58:55,020 - pms - INFO - Starting Pharmacy Management System backend...
2026-08-29 22:58:55,047 - apscheduler.scheduler - INFO - Scheduler started
2026-08-29 23:04:23,626 - pms - INFO - Starting Pharmacy Management System backend...
2026-08-29 23:04:23,647 - apscheduler.scheduler - INFO - Scheduler started
2026-08-29 23:06:53,720 - pms - ERROR - PMSException caught: Incorrect PIN/Password (status: 401) | Path: /api/v1/auth/verify-pin
2026-08-29 23:11:36,375 - pms - INFO - Starting Pharmacy Management System backend...
2026-08-29 23:11:36,404 - apscheduler.scheduler - INFO - Scheduler started
2026-08-29 23:11:49,971 - pms - ERROR - Unhandled Exception caught: 'Customer' object has no attribute 'FullName' | Path: /api/v1/dashboard/widgets
NoneType: None
2026-08-29 23:11:50,773 - pms - ERROR - Unhandled Exception caught: 'Customer' object has no attribute 'FullName' | Path: /api/v1/dashboard/widgets
NoneType: None
2026-08-29 23:11:56,698 - pms - ERROR - Unhandled Exception caught: 'Customer' object has no attribute 'FullName' | Path: /api/v1/dashboard/widgets
NoneType: None
2026-08-29 23:11:56,727 - pms - ERROR - Unhandled Exception caught: 'Customer' object has no attribute 'FullName' | Path: /api/v1/dashboard/widgets
NoneType: None
2026-08-29 23:11:58,380 - pms - ERROR - Unhandled Exception caught: 'Customer' object has no attribute 'FullName' | Path: /api/v1/dashboard/widgets
NoneType: None
2026-08-29 23:11:58,411 - pms - ERROR - Unhandled Exception caught: 'Customer' object has no attribute 'FullName' | Path: /api/v1/dashboard/widgets
NoneType: None
2026-08-29 23:12:36,853 - pms - ERROR - Unhandled Exception caught: 'Customer' object has no attribute 'FullName' | Path: /api/v1/dashboard/widgets
NoneType: None
2026-08-29 23:12:36,872 - pms - ERROR - Unhandled Exception caught: 'Customer' object has no attribute 'FullName' | Path: /api/v1/dashboard/widgets
NoneType: None
2026-08-29 23:12:44,482 - pms - ERROR - Unhandled Exception caught: 'Customer' object has no attribute 'FullName' | Path: /api/v1/dashboard/widgets
NoneType: None
2026-08-29 23:12:44,522 - pms - ERROR - Unhandled Exception caught: 'Customer' object has no attribute 'FullName' | Path: /api/v1/dashboard/widgets
NoneType: None
2026-08-29 23:13:09,939 - pms - INFO - Starting Pharmacy Management System backend...
2026-08-29 23:13:09,962 - apscheduler.scheduler - INFO - Scheduler started
2026-08-29 23:13:29,252 - pms - ERROR - Unhandled Exception caught: 'Customer' object has no attribute 'FullName' | Path: /api/v1/dashboard/widgets
NoneType: None
2026-08-29 23:13:29,501 - pms - ERROR - Unhandled Exception caught: 'Customer' object has no attribute 'FullName' | Path: /api/v1/dashboard/widgets
NoneType: None
2026-08-29 23:13:31,632 - pms - ERROR - Unhandled Exception caught: 'Customer' object has no attribute 'FullName' | Path: /api/v1/dashboard/widgets
NoneType: None
2026-08-29 23:13:31,655 - pms - ERROR - Unhandled Exception caught: 'Customer' object has no attribute 'FullName' | Path: /api/v1/dashboard/widgets
NoneType: None
2026-08-29 23:13:54,936 - pms - ERROR - Unhandled Exception caught: 'Customer' object has no attribute 'FullName' | Path: /api/v1/dashboard/widgets
NoneType: None
2026-08-29 23:13:54,960 - pms - ERROR - Unhandled Exception caught: 'Customer' object has no attribute 'FullName' | Path: /api/v1/dashboard/widgets
NoneType: None
2026-08-29 23:14:13,367 - pms - ERROR - Unhandled Exception caught: 'Customer' object has no attribute 'FullName' | Path: /api/v1/dashboard/widgets
NoneType: None
2026-08-29 23:14:13,392 - pms - ERROR - Unhandled Exception caught: 'Customer' object has no attribute 'FullName' | Path: /api/v1/dashboard/widgets
NoneType: None
2026-08-29 23:15:12,017 - pms - ERROR - Unhandled Exception caught: 'Customer' object has no attribute 'FullName' | Path: /api/v1/dashboard/widgets
NoneType: None
2026-08-29 23:15:12,050 - pms - ERROR - Unhandled Exception caught: 'Customer' object has no attribute 'FullName' | Path: /api/v1/dashboard/widgets
NoneType: None
2026-08-29 23:15:55,675 - pms - ERROR - Unhandled Exception caught: 'Customer' object has no attribute 'FullName' | Path: /api/v1/dashboard/widgets
NoneType: None
2026-08-29 23:15:55,700 - pms - ERROR - Unhandled Exception caught: 'Customer' object has no attribute 'FullName' | Path: /api/v1/dashboard/widgets
NoneType: None
2026-08-29 23:20:06,772 - pms - INFO - Starting Pharmacy Management System backend...
2026-08-29 23:20:06,788 - apscheduler.scheduler - INFO - Scheduler started
2026-08-29 23:20:14,954 - pms - ERROR - Unhandled Exception caught: 'Customer' object has no attribute 'FullName' | Path: /api/v1/dashboard/widgets
NoneType: None
2026-08-29 23:20:15,035 - pms - ERROR - Unhandled Exception caught: 'Customer' object has no attribute 'FullName' | Path: /api/v1/dashboard/widgets
NoneType: None
2026-08-29 23:20:28,171 - pms - ERROR - Unhandled Exception caught: 'Customer' object has no attribute 'FullName' | Path: /api/v1/dashboard/widgets
NoneType: None
2026-08-29 23:20:28,218 - pms - ERROR - Unhandled Exception caught: 'Customer' object has no attribute 'FullName' | Path: /api/v1/dashboard/widgets
NoneType: None
2026-08-29 23:20:35,236 - pms - ERROR - Unhandled Exception caught: 'Customer' object has no attribute 'FullName' | Path: /api/v1/dashboard/widgets
NoneType: None
2026-08-29 23:20:35,275 - pms - ERROR - Unhandled Exception caught: 'Customer' object has no attribute 'FullName' | Path: /api/v1/dashboard/widgets
NoneType: None
2026-08-29 23:20:39,787 - pms - ERROR - Unhandled Exception caught: 'Customer' object has no attribute 'FullName' | Path: /api/v1/dashboard/widgets
NoneType: None
2026-08-29 23:20:39,909 - pms - ERROR - Unhandled Exception caught: 'Customer' object has no attribute 'FullName' | Path: /api/v1/dashboard/widgets
NoneType: None
2026-08-29 23:21:03,066 - pms - ERROR - Unhandled Exception caught: 'Customer' object has no attribute 'FullName' | Path: /api/v1/dashboard/widgets
NoneType: None
2026-08-29 23:21:03,124 - pms - ERROR - Unhandled Exception caught: 'Customer' object has no attribute 'FullName' | Path: /api/v1/dashboard/widgets
NoneType: None
2026-08-29 23:21:28,535 - pms - ERROR - Unhandled Exception caught: 'Customer' object has no attribute 'FullName' | Path: /api/v1/dashboard/widgets
NoneType: None
2026-08-29 23:21:28,575 - pms - ERROR - Unhandled Exception caught: 'Customer' object has no attribute 'FullName' | Path: /api/v1/dashboard/widgets
NoneType: None
2026-08-29 23:22:29,079 - pms - INFO - Starting Pharmacy Management System backend...
2026-08-29 23:22:29,111 - apscheduler.scheduler - INFO - Scheduler started
2026-08-29 23:22:32,971 - pms - ERROR - Unhandled Exception caught: 'Customer' object has no attribute 'FullName' | Path: /api/v1/dashboard/widgets
NoneType: None
2026-08-29 23:22:33,009 - pms - ERROR - Unhandled Exception caught: 'Customer' object has no attribute 'FullName' | Path: /api/v1/dashboard/widgets
NoneType: None
2026-08-29 23:23:50,448 - pms - ERROR - Unhandled Exception caught: 'Customer' object has no attribute 'FullName' | Path: /api/v1/dashboard/widgets
NoneType: None
2026-08-29 23:23:50,489 - pms - ERROR - Unhandled Exception caught: 'Customer' object has no attribute 'FullName' | Path: /api/v1/dashboard/widgets
NoneType: None
2026-08-29 23:26:22,004 - pms - ERROR - Unhandled Exception caught: 'Customer' object has no attribute 'FullName' | Path: /api/v1/dashboard/widgets
NoneType: None
2026-08-29 23:26:22,041 - pms - ERROR - Unhandled Exception caught: 'Customer' object has no attribute 'FullName' | Path: /api/v1/dashboard/widgets
NoneType: None
2026-08-29 23:31:13,688 - pms - INFO - Starting Pharmacy Management System backend...
2026-08-29 23:31:13,718 - apscheduler.scheduler - INFO - Scheduler started
2026-08-29 23:31:25,134 - pms - ERROR - PMSException caught: Session expired. Please log in again. (status: 401) | Path: /api/v1/auth/me
2026-08-29 23:31:31,771 - pms - ERROR - Unhandled Exception caught: 'Customer' object has no attribute 'FullName' | Path: /api/v1/dashboard/widgets
NoneType: None
2026-08-29 23:31:31,810 - pms - ERROR - Unhandled Exception caught: 'Customer' object has no attribute 'FullName' | Path: /api/v1/dashboard/widgets
NoneType: None
2026-08-29 23:31:34,721 - pms - ERROR - Unhandled Exception caught: 'Customer' object has no attribute 'FullName' | Path: /api/v1/dashboard/widgets
NoneType: None
2026-08-29 23:31:34,745 - pms - ERROR - Unhandled Exception caught: 'Customer' object has no attribute 'FullName' | Path: /api/v1/dashboard/widgets
NoneType: None
2026-08-29 23:32:01,902 - pms - ERROR - Unhandled Exception caught: 'Customer' object has no attribute 'FullName' | Path: /api/v1/dashboard/widgets
NoneType: None
2026-08-29 23:32:01,931 - pms - ERROR - Unhandled Exception caught: 'Customer' object has no attribute 'FullName' | Path: /api/v1/dashboard/widgets
NoneType: None
2026-08-29 23:32:03,653 - pms - ERROR - Unhandled Exception caught: 'Customer' object has no attribute 'FullName' | Path: /api/v1/dashboard/widgets
NoneType: None
2026-08-29 23:32:03,683 - pms - ERROR - Unhandled Exception caught: 'Customer' object has no attribute 'FullName' | Path: /api/v1/dashboard/widgets
NoneType: None
2026-08-29 23:32:28,507 - pms - INFO - Starting Pharmacy Management System backend...
2026-08-29 23:32:28,598 - apscheduler.scheduler - INFO - Scheduler started
2026-08-29 23:32:30,573 - pms - ERROR - Unhandled Exception caught: 'Customer' object has no attribute 'FullName' | Path: /api/v1/dashboard/widgets
NoneType: None
2026-08-29 23:32:30,621 - pms - ERROR - Unhandled Exception caught: 'Customer' object has no attribute 'FullName' | Path: /api/v1/dashboard/widgets
NoneType: None
2026-08-29 23:32:34,398 - pms - ERROR - Unhandled Exception caught: 'Customer' object has no attribute 'FullName' | Path: /api/v1/dashboard/widgets
NoneType: None
2026-08-29 23:32:34,421 - pms - ERROR - Unhandled Exception caught: 'Customer' object has no attribute 'FullName' | Path: /api/v1/dashboard/widgets
NoneType: None
2026-08-29 23:33:17,847 - pms - ERROR - Unhandled Exception caught: 'Customer' object has no attribute 'FullName' | Path: /api/v1/dashboard/widgets
NoneType: None
2026-08-29 23:33:17,891 - pms - ERROR - Unhandled Exception caught: 'Customer' object has no attribute 'FullName' | Path: /api/v1/dashboard/widgets
NoneType: None
2026-08-29 23:33:29,158 - pms - ERROR - Unhandled Exception caught: 'Customer' object has no attribute 'FullName' | Path: /api/v1/dashboard/widgets
NoneType: None
2026-08-29 23:33:29,180 - pms - ERROR - Unhandled Exception caught: 'Customer' object has no attribute 'FullName' | Path: /api/v1/dashboard/widgets
NoneType: None
2026-08-29 23:34:15,042 - pms - ERROR - Unhandled Exception caught: 'Customer' object has no attribute 'FullName' | Path: /api/v1/dashboard/widgets
NoneType: None
2026-08-29 23:34:15,066 - pms - ERROR - Unhandled Exception caught: 'Customer' object has no attribute 'FullName' | Path: /api/v1/dashboard/widgets
NoneType: None
2026-08-29 23:35:11,712 - pms - ERROR - Unhandled Exception caught: 'Customer' object has no attribute 'FullName' | Path: /api/v1/dashboard/widgets
NoneType: None
2026-08-29 23:35:11,738 - pms - ERROR - Unhandled Exception caught: 'Customer' object has no attribute 'FullName' | Path: /api/v1/dashboard/widgets
NoneType: None
2026-08-29 23:40:13,550 - pms - INFO - Starting Pharmacy Management System backend...
2026-08-29 23:40:13,574 - apscheduler.scheduler - INFO - Scheduler started
2026-08-30 00:05:44,900 - pms - INFO - Starting Pharmacy Management System backend...
2026-08-30 00:05:44,931 - apscheduler.scheduler - INFO - Scheduler started
2026-08-30 00:08:25,229 - pms - INFO - Starting Pharmacy Management System backend...
2026-08-30 00:08:25,262 - apscheduler.scheduler - INFO - Scheduler started
2026-08-30 00:12:18,489 - pms - INFO - Starting Pharmacy Management System backend...
2026-08-30 00:12:18,535 - apscheduler.scheduler - INFO - Scheduler started
2026-08-30 00:14:46,569 - pms - INFO - Starting Pharmacy Management System backend...
2026-08-30 00:14:46,584 - apscheduler.scheduler - INFO - Scheduler started
2026-08-30 00:15:03,871 - pms - INFO - Starting Pharmacy Management System backend...
2026-08-30 00:15:03,882 - apscheduler.scheduler - INFO - Scheduler started
2026-08-30 00:15:46,610 - pms - INFO - Starting Pharmacy Management System backend...
2026-08-30 00:15:46,627 - apscheduler.scheduler - INFO - Scheduler started
2026-08-30 00:28:44,692 - pms - INFO - Starting Pharmacy Management System backend...
2026-08-30 00:28:44,719 - apscheduler.scheduler - INFO - Scheduler started
2026-08-30 00:33:13,910 - pms - INFO - Starting Pharmacy Management System backend...
2026-08-30 00:33:13,928 - apscheduler.scheduler - INFO - Scheduler started
2026-08-30 00:33:44,920 - pms - INFO - Starting Pharmacy Management System backend...
2026-08-30 00:33:44,935 - apscheduler.scheduler - INFO - Scheduler started
2026-08-30 00:34:23,145 - pms - INFO - Starting Pharmacy Management System backend...
2026-08-30 00:34:23,161 - apscheduler.scheduler - INFO - Scheduler started
2026-08-30 00:38:35,075 - pms - INFO - Starting Pharmacy Management System backend...
2026-08-30 00:38:35,088 - apscheduler.scheduler - INFO - Scheduler started
2026-08-30 00:39:19,041 - pms - INFO - Starting Pharmacy Management System backend...
2026-08-30 00:39:19,059 - apscheduler.scheduler - INFO - Scheduler started
2026-08-30 00:40:35,836 - pms - INFO - Starting Pharmacy Management System backend...
2026-08-30 00:40:35,856 - apscheduler.scheduler - INFO - Scheduler started
2026-08-30 00:43:56,330 - pms - INFO - Starting Pharmacy Management System backend...
2026-08-30 00:43:56,345 - apscheduler.scheduler - INFO - Scheduler started
2026-08-30 00:58:35,507 - pms - INFO - Starting Pharmacy Management System backend...
2026-08-30 00:58:35,545 - apscheduler.scheduler - INFO - Scheduler started
2026-08-30 00:59:29,395 - pms - INFO - Starting Pharmacy Management System backend...
2026-08-30 00:59:29,413 - apscheduler.scheduler - INFO - Scheduler started
2026-08-30 01:14:03,543 - pms - ERROR - PMSException caught: Incorrect username or password (status: 401) | Path: /api/v1/auth/login
2026-08-30 01:32:25,086 - pms - INFO - Starting Pharmacy Management System backend...
2026-08-30 01:32:25,122 - apscheduler.scheduler - INFO - Scheduler started
2026-08-30 02:09:09,173 - pms - INFO - Security Settings Updated | User: admin | AutoLock: True (1m) | SessionTimeout: True (120m)
2026-08-30 02:09:21,968 - pms - INFO - Database Optimization | User: admin | Reclaimed: 8192 bytes
2026-08-30 02:09:43,292 - pms - INFO - Clear Temp Data | User: admin | Deleted 4 files
2026-08-30 14:46:17,644 - pms - INFO - Starting Pharmacy Management System backend...
2026-08-30 14:46:17,675 - apscheduler.scheduler - INFO - Scheduler started
2026-08-30 14:46:50,978 - pms - WARNING - License token has expired.
2026-08-30 14:46:57,755 - pms - WARNING - License token has expired.
2026-08-30 14:47:03,240 - pms - WARNING - License token has expired.
2026-08-30 14:47:04,290 - pms - WARNING - License token has expired.
2026-08-30 15:23:46,680 - pms - INFO - Starting Pharmacy Management System backend...
2026-08-30 15:23:46,702 - apscheduler.scheduler - INFO - Scheduler started
2026-08-30 15:51:56,525 - pms - INFO - Starting Pharmacy Management System backend...
2026-08-30 15:51:56,559 - apscheduler.scheduler - INFO - Scheduler started
2026-08-30 15:54:42,948 - pms - INFO - Starting Pharmacy Management System backend...
2026-08-30 15:54:42,979 - apscheduler.scheduler - INFO - Scheduler started
2026-08-30 15:54:49,871 - pms - ERROR - Unhandled Exception caught: name 'sys' is not defined | Path: /api/v1/settings/printer/list
NoneType: None
2026-08-30 15:54:50,934 - pms - ERROR - Unhandled Exception caught: name 'sys' is not defined | Path: /api/v1/settings/printer/list
NoneType: None
2026-08-30 15:54:50,953 - pms - ERROR - Unhandled Exception caught: 1 validation error:
  {'type': 'missing', 'loc': ('response', 'ShowAddress'), 'msg': 'Field required', 'input': <models.PrinterSettings object at 0x000001C6885EEBA0>}

  File "E:\Projects\PMS-Software\backend\api\v1\settings.py", line 273, in get_printer_settings
    GET /api/v1/settings/printer | Path: /api/v1/settings/printer
NoneType: None
2026-08-30 15:54:50,984 - pms - ERROR - Unhandled Exception caught: 1 validation error:
  {'type': 'missing', 'loc': ('response', 'ShowAddress'), 'msg': 'Field required', 'input': <models.PrinterSettings object at 0x000001C688699D10>}

  File "E:\Projects\PMS-Software\backend\api\v1\settings.py", line 273, in get_printer_settings
    GET /api/v1/settings/printer | Path: /api/v1/settings/printer
NoneType: None
2026-08-30 15:55:11,855 - pms - ERROR - Unhandled Exception caught: name 'sys' is not defined | Path: /api/v1/settings/printer/list
NoneType: None
2026-08-30 15:55:11,887 - pms - ERROR - Unhandled Exception caught: 1 validation error:
  {'type': 'missing', 'loc': ('response', 'ShowAddress'), 'msg': 'Field required', 'input': <models.PrinterSettings object at 0x000001C689BE5950>}

  File "E:\Projects\PMS-Software\backend\api\v1\settings.py", line 273, in get_printer_settings
    GET /api/v1/settings/printer | Path: /api/v1/settings/printer
NoneType: None
2026-08-30 15:55:11,889 - pms - ERROR - Unhandled Exception caught: name 'sys' is not defined | Path: /api/v1/settings/printer/list
NoneType: None
2026-08-30 15:55:11,926 - pms - ERROR - Unhandled Exception caught: 1 validation error:
  {'type': 'missing', 'loc': ('response', 'ShowAddress'), 'msg': 'Field required', 'input': <models.PrinterSettings object at 0x000001C6898F1480>}

  File "E:\Projects\PMS-Software\backend\api\v1\settings.py", line 273, in get_printer_settings
    GET /api/v1/settings/printer | Path: /api/v1/settings/printer
NoneType: None
2026-08-30 15:55:47,752 - pms - ERROR - Unhandled Exception caught: name 'sys' is not defined | Path: /api/v1/settings/printer/list
NoneType: None
2026-08-30 15:55:47,775 - pms - ERROR - Unhandled Exception caught: 1 validation error:
  {'type': 'missing', 'loc': ('response', 'ShowAddress'), 'msg': 'Field required', 'input': <models.PrinterSettings object at 0x000001C6898F1480>}

  File "E:\Projects\PMS-Software\backend\api\v1\settings.py", line 273, in get_printer_settings
    GET /api/v1/settings/printer | Path: /api/v1/settings/printer
NoneType: None
2026-08-30 15:55:47,794 - pms - ERROR - Unhandled Exception caught: name 'sys' is not defined | Path: /api/v1/settings/printer/list
NoneType: None
2026-08-30 15:55:47,815 - pms - ERROR - Unhandled Exception caught: 1 validation error:
  {'type': 'missing', 'loc': ('response', 'ShowAddress'), 'msg': 'Field required', 'input': <models.PrinterSettings object at 0x000001C689A1F650>}

  File "E:\Projects\PMS-Software\backend\api\v1\settings.py", line 273, in get_printer_settings
    GET /api/v1/settings/printer | Path: /api/v1/settings/printer
NoneType: None
2026-08-30 15:56:02,988 - pms - ERROR - Unhandled Exception caught: name 'sys' is not defined | Path: /api/v1/settings/printer/list
NoneType: None
2026-08-30 15:56:58,520 - pms - INFO - Starting Pharmacy Management System backend...
2026-08-30 15:56:58,549 - apscheduler.scheduler - INFO - Scheduler started
2026-08-30 15:57:01,259 - pms - ERROR - Failed to list printers: No module named 'win32print'
2026-08-30 15:57:01,284 - pms - ERROR - Unhandled Exception caught: 1 validation error:
  {'type': 'missing', 'loc': ('response', 'ShowAddress'), 'msg': 'Field required', 'input': <models.PrinterSettings object at 0x0000020140B92A50>}

  File "E:\Projects\PMS-Software\backend\api\v1\settings.py", line 274, in get_printer_settings
    GET /api/v1/settings/printer | Path: /api/v1/settings/printer
NoneType: None
2026-08-30 15:57:01,292 - pms - ERROR - Failed to list printers: No module named 'win32print'
2026-08-30 15:57:01,356 - pms - ERROR - Unhandled Exception caught: 1 validation error:
  {'type': 'missing', 'loc': ('response', 'ShowAddress'), 'msg': 'Field required', 'input': <models.PrinterSettings object at 0x0000020140BD3ED0>}

  File "E:\Projects\PMS-Software\backend\api\v1\settings.py", line 274, in get_printer_settings
    GET /api/v1/settings/printer | Path: /api/v1/settings/printer
NoneType: None
2026-08-30 15:57:04,646 - pms - ERROR - Failed to list printers: No module named 'win32print'
2026-08-30 15:57:04,648 - pms - ERROR - Unhandled Exception caught: 1 validation error:
  {'type': 'missing', 'loc': ('response', 'ShowAddress'), 'msg': 'Field required', 'input': <models.PrinterSettings object at 0x00000201408CEC10>}

  File "E:\Projects\PMS-Software\backend\api\v1\settings.py", line 274, in get_printer_settings
    GET /api/v1/settings/printer | Path: /api/v1/settings/printer
NoneType: None
2026-08-30 15:57:04,683 - pms - ERROR - Failed to list printers: No module named 'win32print'
2026-08-30 15:57:04,690 - pms - ERROR - Unhandled Exception caught: 1 validation error:
  {'type': 'missing', 'loc': ('response', 'ShowAddress'), 'msg': 'Field required', 'input': <models.PrinterSettings object at 0x000002014096CFC0>}

  File "E:\Projects\PMS-Software\backend\api\v1\settings.py", line 274, in get_printer_settings
    GET /api/v1/settings/printer | Path: /api/v1/settings/printer
NoneType: None
2026-08-30 15:58:35,464 - pms - INFO - Starting Pharmacy Management System backend...
2026-08-30 15:58:35,473 - apscheduler.scheduler - INFO - Scheduler started
2026-08-30 15:59:19,182 - pms - ERROR - Failed to list printers: No module named 'win32print'
2026-08-30 15:59:36,459 - pms - ERROR - Failed to list printers: No module named 'win32print'
2026-08-30 15:59:36,465 - pms - ERROR - Unhandled Exception caught: 1 validation error:
  {'type': 'missing', 'loc': ('response', 'ShowAddress'), 'msg': 'Field required', 'input': <models.PrinterSettings object at 0x000002014096FBB0>}

  File "E:\Projects\PMS-Software\backend\api\v1\settings.py", line 274, in get_printer_settings
    GET /api/v1/settings/printer | Path: /api/v1/settings/printer
NoneType: None
2026-08-30 15:59:36,502 - pms - ERROR - Failed to list printers: No module named 'win32print'
2026-08-30 15:59:36,515 - pms - ERROR - Unhandled Exception caught: 1 validation error:
  {'type': 'missing', 'loc': ('response', 'ShowAddress'), 'msg': 'Field required', 'input': <models.PrinterSettings object at 0x0000020140C8DD90>}

  File "E:\Projects\PMS-Software\backend\api\v1\settings.py", line 274, in get_printer_settings
    GET /api/v1/settings/printer | Path: /api/v1/settings/printer
NoneType: None
2026-08-30 16:00:53,551 - pms - ERROR - Failed to list printers: No module named 'win32print'
2026-08-30 16:00:53,558 - pms - ERROR - Unhandled Exception caught: 1 validation error:
  {'type': 'missing', 'loc': ('response', 'ShowAddress'), 'msg': 'Field required', 'input': <models.PrinterSettings object at 0x0000020140A686B0>}

  File "E:\Projects\PMS-Software\backend\api\v1\settings.py", line 274, in get_printer_settings
    GET /api/v1/settings/printer | Path: /api/v1/settings/printer
NoneType: None
2026-08-30 16:00:53,588 - pms - ERROR - Failed to list printers: No module named 'win32print'
2026-08-30 16:00:53,598 - pms - ERROR - Unhandled Exception caught: 1 validation error:
  {'type': 'missing', 'loc': ('response', 'ShowAddress'), 'msg': 'Field required', 'input': <models.PrinterSettings object at 0x0000020140BF3680>}

  File "E:\Projects\PMS-Software\backend\api\v1\settings.py", line 274, in get_printer_settings
    GET /api/v1/settings/printer | Path: /api/v1/settings/printer
NoneType: None
2026-08-30 16:01:11,397 - pms - INFO - Starting Pharmacy Management System backend...
2026-08-30 16:01:11,443 - apscheduler.scheduler - INFO - Scheduler started
2026-08-30 16:01:13,787 - pms - ERROR - Failed to list printers: No module named 'win32print'
2026-08-30 16:01:13,812 - pms - ERROR - Unhandled Exception caught: 1 validation error:
  {'type': 'missing', 'loc': ('response', 'ShowAddress'), 'msg': 'Field required', 'input': <models.PrinterSettings object at 0x000001F5C0C3E3C0>}

  File "E:\Projects\PMS-Software\backend\api\v1\settings.py", line 274, in get_printer_settings
    GET /api/v1/settings/printer | Path: /api/v1/settings/printer
NoneType: None
2026-08-30 16:01:13,820 - pms - ERROR - Failed to list printers: No module named 'win32print'
2026-08-30 16:01:13,863 - pms - ERROR - Unhandled Exception caught: 1 validation error:
  {'type': 'missing', 'loc': ('response', 'ShowAddress'), 'msg': 'Field required', 'input': <models.PrinterSettings object at 0x000001F5C09DD950>}

  File "E:\Projects\PMS-Software\backend\api\v1\settings.py", line 274, in get_printer_settings
    GET /api/v1/settings/printer | Path: /api/v1/settings/printer
NoneType: None
2026-08-30 16:01:34,743 - pms - ERROR - Failed to list printers: No module named 'win32print'
2026-08-30 16:01:34,746 - pms - ERROR - Unhandled Exception caught: 1 validation error:
  {'type': 'missing', 'loc': ('response', 'ShowAddress'), 'msg': 'Field required', 'input': <models.PrinterSettings object at 0x000001F5C22B02D0>}

  File "E:\Projects\PMS-Software\backend\api\v1\settings.py", line 274, in get_printer_settings
    GET /api/v1/settings/printer | Path: /api/v1/settings/printer
NoneType: None
2026-08-30 16:01:34,780 - pms - ERROR - Failed to list printers: No module named 'win32print'
2026-08-30 16:01:34,785 - pms - ERROR - Unhandled Exception caught: 1 validation error:
  {'type': 'missing', 'loc': ('response', 'ShowAddress'), 'msg': 'Field required', 'input': <models.PrinterSettings object at 0x000001F5C0F5D940>}

  File "E:\Projects\PMS-Software\backend\api\v1\settings.py", line 274, in get_printer_settings
    GET /api/v1/settings/printer | Path: /api/v1/settings/printer
NoneType: None
2026-08-30 16:01:40,886 - pms - ERROR - Unhandled Exception caught: 1 validation error:
  {'type': 'missing', 'loc': ('response', 'ShowAddress'), 'msg': 'Field required', 'input': <models.PrinterSettings object at 0x000001F5C0F5DE00>}

  File "E:\Projects\PMS-Software\backend\api\v1\settings.py", line 274, in get_printer_settings
    GET /api/v1/settings/printer | Path: /api/v1/settings/printer
NoneType: None
2026-08-30 16:01:40,887 - pms - ERROR - Failed to list printers: No module named 'win32print'
2026-08-30 16:01:40,918 - pms - ERROR - Failed to list printers: No module named 'win32print'
2026-08-30 16:01:40,920 - pms - ERROR - Unhandled Exception caught: 1 validation error:
  {'type': 'missing', 'loc': ('response', 'ShowAddress'), 'msg': 'Field required', 'input': <models.PrinterSettings object at 0x000001F5C20A9910>}

  File "E:\Projects\PMS-Software\backend\api\v1\settings.py", line 274, in get_printer_settings
    GET /api/v1/settings/printer | Path: /api/v1/settings/printer
NoneType: None
2026-08-30 16:01:52,984 - pms - ERROR - Failed to list printers: No module named 'win32print'
2026-08-30 16:01:53,007 - pms - ERROR - Unhandled Exception caught: 1 validation error:
  {'type': 'missing', 'loc': ('response', 'ShowAddress'), 'msg': 'Field required', 'input': <models.PrinterSettings object at 0x000001F5C21C0C00>}

  File "E:\Projects\PMS-Software\backend\api\v1\settings.py", line 274, in get_printer_settings
    GET /api/v1/settings/printer | Path: /api/v1/settings/printer
NoneType: None
2026-08-30 16:01:53,016 - pms - ERROR - Failed to list printers: No module named 'win32print'
2026-08-30 16:01:53,038 - pms - ERROR - Unhandled Exception caught: 1 validation error:
  {'type': 'missing', 'loc': ('response', 'ShowAddress'), 'msg': 'Field required', 'input': <models.PrinterSettings object at 0x000001F5C21C38A0>}

  File "E:\Projects\PMS-Software\backend\api\v1\settings.py", line 274, in get_printer_settings
    GET /api/v1/settings/printer | Path: /api/v1/settings/printer
NoneType: None
2026-08-30 16:03:51,619 - pms - INFO - Starting Pharmacy Management System backend...
2026-08-30 16:03:51,656 - apscheduler.scheduler - INFO - Scheduler started
2026-08-30 16:03:54,977 - pms - ERROR - Failed to list printers: No module named 'win32print'
2026-08-30 16:03:55,007 - pms - ERROR - Failed to list printers: No module named 'win32print'
2026-08-30 16:03:56,442 - pms - ERROR - Failed to list printers: No module named 'win32print'
2026-08-30 16:03:56,475 - pms - ERROR - Failed to list printers: No module named 'win32print'
2026-08-30 16:04:02,870 - pms - ERROR - Failed to list printers: No module named 'win32print'
2026-08-30 16:04:02,891 - pms - ERROR - Failed to list printers: No module named 'win32print'
2026-08-30 16:04:07,570 - pms - ERROR - Failed to list printers: No module named 'win32print'
2026-08-30 16:04:08,202 - pms - ERROR - Failed to list printers: No module named 'win32print'
2026-08-30 16:04:08,547 - pms - ERROR - Failed to list printers: No module named 'win32print'
2026-08-30 16:04:08,723 - pms - ERROR - Failed to list printers: No module named 'win32print'
2026-08-30 16:06:44,900 - pms - ERROR - Failed to list printers: No module named 'win32print'
2026-08-30 16:06:44,929 - pms - ERROR - Failed to list printers: No module named 'win32print'
2026-08-30 16:06:46,634 - pms - ERROR - Failed to list printers: No module named 'win32print'
2026-08-30 16:06:46,657 - pms - ERROR - Failed to list printers: No module named 'win32print'
2026-08-30 16:08:14,595 - pms - ERROR - Failed to list printers: No module named 'win32print'
2026-08-30 16:08:14,628 - pms - ERROR - Failed to list printers: No module named 'win32print'
2026-08-30 16:08:16,228 - pms - ERROR - PMSException caught: Invalid authentication credentials (status: 401) | Path: /api/v1/settings/printer/test
2026-08-30 16:08:18,117 - pms - ERROR - PMSException caught: Invalid authentication credentials (status: 401) | Path: /api/v1/settings/printer/test-drawer
2026-08-30 16:08:21,270 - pms - ERROR - Failed to list printers: No module named 'win32print'
2026-08-30 16:08:21,318 - pms - ERROR - Failed to list printers: No module named 'win32print'
2026-08-30 16:08:39,528 - pms - INFO - Starting Pharmacy Management System backend...
2026-08-30 16:08:39,581 - apscheduler.scheduler - INFO - Scheduler started
2026-08-30 16:08:42,231 - pms - ERROR - Failed to list printers: No module named 'win32print'
2026-08-30 16:08:42,265 - pms - ERROR - Failed to list printers: No module named 'win32print'
2026-08-30 16:08:44,835 - pms - ERROR - Failed to list printers: No module named 'win32print'
2026-08-30 16:08:44,862 - pms - ERROR - Failed to list printers: No module named 'win32print'
2026-08-30 16:08:46,229 - pms - ERROR - PMSException caught: Invalid authentication credentials (status: 401) | Path: /api/v1/settings/printer/test
2026-08-30 16:08:51,189 - pms - ERROR - PMSException caught: Invalid authentication credentials (status: 401) | Path: /api/v1/settings/printer/test-drawer
2026-08-30 16:12:33,520 - pms - ERROR - Failed to list printers: No module named 'win32print'
2026-08-30 16:12:33,548 - pms - ERROR - Failed to list printers: No module named 'win32print'
2026-08-30 16:12:56,437 - pms - ERROR - Failed to list printers: No module named 'win32print'
2026-08-30 16:12:56,459 - pms - ERROR - Failed to list printers: No module named 'win32print'
2026-08-30 16:15:11,867 - pms - ERROR - Failed to list printers: No module named 'win32print'
2026-08-30 16:16:21,939 - pms - INFO - Starting Pharmacy Management System backend...
2026-08-30 16:16:21,953 - apscheduler.scheduler - INFO - Scheduler started
2026-08-30 17:11:39,312 - pms - INFO - Starting Pharmacy Management System backend...
2026-08-30 17:11:39,377 - apscheduler.scheduler - INFO - Scheduler started
2026-08-30 17:12:03,386 - pms - INFO - AUDIT: User admin updated System Notification & Appearance Settings.
2026-08-30 17:15:30,033 - pms - INFO - Starting Pharmacy Management System backend...
2026-08-30 17:15:30,088 - apscheduler.scheduler - INFO - Scheduler started
2026-08-30 17:20:26,218 - pms - INFO - AUDIT: User admin updated System Notification & Appearance Settings.
2026-08-30 17:22:08,495 - pms - INFO - AUDIT: User admin updated System Notification & Appearance Settings.
2026-08-30 17:22:23,572 - pms - INFO - AUDIT: User admin updated System Notification & Appearance Settings.
2026-08-30 19:32:40,770 - pms - ERROR - PMSException caught: Session expired. Please log in again. (status: 401) | Path: /api/v1/auth/me
2026-08-30 19:46:31,311 - pms - INFO - AUDIT: User admin updated System Notification & Appearance Settings.
2026-08-30 19:48:54,413 - pms - INFO - AUDIT: User admin updated System Notification & Appearance Settings.
2026-08-30 19:53:09,553 - pms - INFO - AUDIT: User admin updated System Notification & Appearance Settings.
2026-08-30 21:18:00,496 - pms - INFO - Starting Pharmacy Management System backend...
2026-08-30 21:18:00,554 - apscheduler.scheduler - INFO - Scheduler started
2026-08-30 21:18:51,969 - pms - ERROR - Unhandled Exception caught: name 'expiry_alert_days' is not defined | Path: /api/v1/reports/medicine
NoneType: None
2026-08-30 21:19:07,084 - pms - ERROR - Unhandled Exception caught: name 'expiry_alert_days' is not defined | Path: /api/v1/reports/medicine
NoneType: None
2026-08-30 21:19:21,584 - pms - ERROR - Unhandled Exception caught: name 'expiry_alert_days' is not defined | Path: /api/v1/reports/medicine
NoneType: None
2026-08-30 21:19:40,994 - pms - ERROR - Unhandled Exception caught: name 'expiry_alert_days' is not defined | Path: /api/v1/reports/medicine
NoneType: None
2026-08-30 21:19:57,379 - pms - ERROR - Unhandled Exception caught: name 'expiry_alert_days' is not defined | Path: /api/v1/reports/medicine
NoneType: None
2026-08-30 21:25:28,744 - pms - ERROR - Unhandled Exception caught: name 'expiry_alert_days' is not defined | Path: /api/v1/reports/medicine
NoneType: None
2026-08-30 21:29:11,885 - pms - INFO - Starting Pharmacy Management System backend...
2026-08-30 21:29:11,916 - apscheduler.scheduler - INFO - Scheduler started
2026-08-30 21:29:51,504 - pms - INFO - Starting Pharmacy Management System backend...
2026-08-30 21:29:51,590 - apscheduler.scheduler - INFO - Scheduler started
2026-08-30 21:37:05,866 - pms - ERROR - PMSException caught: Session expired. Please log in again. (status: 401) | Path: /api/v1/categories
2026-08-30 21:37:05,910 - pms - ERROR - PMSException caught: Session expired. Please log in again. (status: 401) | Path: /api/v1/categories
2026-08-30 21:37:05,924 - pms - ERROR - PMSException caught: Session expired. Please log in again. (status: 401) | Path: /api/v1/auth/me
2026-08-30 22:31:37,844 - pms - INFO - Starting Pharmacy Management System backend...
2026-08-30 22:31:37,875 - apscheduler.scheduler - INFO - Scheduler started
2026-08-30 22:32:56,401 - pms - INFO - Starting Pharmacy Management System backend...
2026-08-30 22:32:56,488 - apscheduler.scheduler - INFO - Scheduler started
2026-08-31 00:10:13,009 - pms - ERROR - PMSException caught: Session expired. Please log in again. (status: 401) | Path: /api/v1/auth/me
2026-08-31 19:31:01,067 - pms - INFO - Starting Pharmacy Management System backend...
2026-08-31 19:31:01,098 - apscheduler.scheduler - INFO - Scheduler started
2026-08-31 19:39:14,813 - pms - INFO - AUDIT: User admin removed the Pharmacy Logo.
2026-08-31 19:39:21,601 - pms - INFO - AUDIT: User admin updated Pharmacy Branding (Name/Profile).
2026-08-31 19:39:21,644 - pms - INFO - AUDIT: User admin uploaded a new Pharmacy Logo.
2026-08-31 19:39:39,169 - pms - INFO - AUDIT: User admin updated Pharmacy Branding (Name/Profile).
2026-08-31 22:01:21,744 - pms - ERROR - PMSException caught: Session expired. Please log in again. (status: 401) | Path: /api/v1/auth/me
2026-09-01 00:10:36,754 - pms - ERROR - PMSException caught: Session expired. Please log in again. (status: 401) | Path: /api/v1/auth/me
2026-09-01 00:35:23,860 - pms - INFO - Starting Pharmacy Management System backend...
2026-09-01 00:35:23,909 - apscheduler.scheduler - INFO - Scheduler started
2026-09-01 01:02:51,093 - pms - INFO - Clear Temp Data | User: admin | Deleted 0 files
2026-09-01 01:02:55,795 - pms - INFO - Database Optimization | User: admin | Reclaimed: 4096 bytes
2026-09-01 01:13:17,094 - pms - INFO - Security Settings Updated | User: admin | AutoLock: True (1m) | SessionTimeout: True (120m)
2026-09-01 01:15:19,772 - pms - INFO - Change Password | Success | User: admin
2026-09-01 01:17:34,556 - pms - INFO - Security Settings Updated | User: admin | AutoLock: True (1m) | SessionTimeout: True (120m)
2026-09-01 01:17:52,044 - pms - INFO - Security Settings Updated | User: admin | AutoLock: True (1m) | SessionTimeout: True (120m)
2026-09-01 01:19:11,096 - pms - INFO - AUDIT: User admin updated Pharmacy Branding (Name/Profile).
2026-09-01 01:19:19,122 - pms - INFO - Security Settings Updated | User: admin | AutoLock: True (1m) | SessionTimeout: True (120m)
2026-09-01 01:19:24,754 - pms - INFO - AUDIT: User admin updated Pharmacy Branding (Name/Profile).
2026-09-01 01:19:26,815 - pms - INFO - AUDIT: User admin updated General Settings (Login Page Branding).
2026-09-01 01:19:39,571 - pms - INFO - AUDIT: User admin updated their profile information.
2026-09-01 01:19:47,866 - pms - INFO - AUDIT: User admin updated Pharmacy Branding (Name/Profile).
2026-09-01 01:20:00,699 - pms - INFO - Security Settings Updated | User: admin | AutoLock: True (1m) | SessionTimeout: True (120m)
2026-09-01 01:21:02,382 - pms - INFO - AUDIT: User admin updated their profile information.
2026-09-01 01:22:18,264 - pms - INFO - Security Settings Updated | User: admin | AutoLock: True (1m) | SessionTimeout: True (120m)
2026-09-01 01:22:41,531 - pms - INFO - Database Optimization | User: admin | Reclaimed: 0 bytes
2026-09-01 01:31:21,196 - pms - INFO - Starting Pharmacy Management System backend...
2026-09-01 01:31:21,219 - apscheduler.scheduler - INFO - Scheduler started
2026-09-01 01:31:56,595 - pms - INFO - Database Optimization | User: admin | Reclaimed: 0 bytes
2026-09-01 01:33:13,411 - pms - INFO - Database Optimization | User: admin | Reclaimed: 0 bytes
2026-09-01 01:37:53,368 - pms - INFO - Starting Pharmacy Management System backend...
2026-09-01 01:37:53,388 - apscheduler.scheduler - INFO - Scheduler started
2026-09-01 01:43:34,602 - pms - INFO - Starting Pharmacy Management System backend...
2026-09-01 01:43:34,625 - apscheduler.scheduler - INFO - Scheduler started
2026-09-01 01:43:54,093 - pms - INFO - Clear Temp Data | User: admin | Deleted 2 files | Reclaimed: 6.90 KB
2026-09-01 01:44:14,830 - pms - INFO - Safe Data Reset | SUCCESS | User: admin | Snapshot: pre_reset_snapshot_20260901_014414.sqlite
2026-09-01 01:49:51,431 - pms - INFO - Clear Temp Data | User: admin | Deleted 0 files | Reclaimed: 0.00 KB
2026-09-01 01:50:14,683 - pms - INFO - Safe Data Reset | SUCCESS | User: admin | Snapshot: pre_reset_snapshot_20260901_015014.sqlite
2026-09-01 01:51:18,691 - pms - INFO - Safe Data Reset | SUCCESS | User: admin | Snapshot: pre_reset_snapshot_20260901_015118.sqlite
2026-09-01 01:53:39,877 - pms - INFO - Starting Pharmacy Management System backend...
2026-09-01 01:53:39,955 - apscheduler.scheduler - INFO - Scheduler started
2026-09-01 01:54:06,106 - pms - INFO - Safe Data Reset | SUCCESS | User: admin | Snapshot: pre_reset_snapshot_20260901_015406.sqlite
2026-09-01 09:35:47,856 - pms - INFO - Starting Pharmacy Management System backend...
2026-09-01 09:35:47,921 - apscheduler.scheduler - INFO - Scheduler started
2026-09-01 09:37:08,195 - pms - ERROR - PMSException caught: Incorrect username or password (status: 401) | Path: /api/v1/auth/login
2026-09-01 09:42:25,661 - pms - INFO - Clear Temp Data | User: admin | Deleted 0 files | Reclaimed: 0.00 KB
2026-09-01 09:42:54,136 - pms - INFO - Safe Data Reset | SUCCESS | User: admin | Snapshot: pre_reset_snapshot_20260901_094254.sqlite
2026-09-01 10:06:44,377 - pms - INFO - AUDIT: User admin updated Pharmacy Branding (Name/Profile).
2026-09-01 10:50:13,173 - pms - INFO - Security Settings Updated | User: admin | AutoLock: True (1m) | SessionTimeout: True (12m)
2026-09-01 10:50:18,750 - pms - INFO - Security Settings Updated | User: admin | AutoLock: True (1m) | SessionTimeout: True (12m)
2026-09-01 10:54:21,229 - pms - INFO - Security Settings Updated | User: admin | AutoLock: True (1m) | SessionTimeout: True (12m)
2026-09-01 11:28:21,768 - pms - INFO - Starting Pharmacy Management System backend...
2026-09-01 11:28:21,799 - apscheduler.scheduler - INFO - Scheduler started
2026-09-01 11:33:44,055 - pms - INFO - Starting Pharmacy Management System backend...
2026-09-01 11:33:44,102 - apscheduler.scheduler - INFO - Scheduler started
2026-09-01 11:34:13,148 - pms - INFO - Security Settings Updated | User: admin | AutoLock: True (1m) | SessionTimeout: True (12m)
2026-09-01 11:38:30,145 - pms - INFO - AUDIT: [SCREEN_LOCKED] Screen automatically locked due to inactivity (User: admin)
2026-09-01 11:39:55,796 - pms - INFO - AUDIT: [SCREEN_UNLOCKED] Screen unlocked successfully by user (User: admin)
2026-09-01 11:40:00,618 - pms - INFO - Security Settings Updated | User: admin | AutoLock: True (1m) | SessionTimeout: True (12m)
2026-09-01 11:41:00,819 - pms - INFO - AUDIT: [SCREEN_LOCKED] Screen automatically locked due to inactivity (User: admin)
2026-09-01 11:42:19,013 - pms - INFO - AUDIT: [SCREEN_UNLOCKED] Screen unlocked successfully by user (User: admin)
2026-09-01 11:42:28,923 - pms - INFO - Security Settings Updated | User: admin | AutoLock: True (10m) | SessionTimeout: True (12m)
2026-09-01 11:42:43,603 - pms - INFO - Security Settings Updated | User: admin | AutoLock: True (10m) | SessionTimeout: True (10m)
2026-09-01 11:43:00,091 - pms - INFO - Security Settings Updated | User: admin | AutoLock: True (1m) | SessionTimeout: True (10m)
2026-09-01 11:44:54,310 - pms - INFO - Security Settings Updated | User: admin | AutoLock: True (1m) | SessionTimeout: True (10m)
2026-09-01 11:46:21,501 - pms - INFO - Security Settings Updated | User: admin | AutoLock: True (1m) | SessionTimeout: True (10m)
2026-09-01 11:46:54,810 - pms - INFO - Starting Pharmacy Management System backend...
2026-09-01 11:46:54,841 - apscheduler.scheduler - INFO - Scheduler started
2026-09-01 11:47:16,933 - pms - INFO - Starting Pharmacy Management System backend...
2026-09-01 11:47:17,011 - apscheduler.scheduler - INFO - Scheduler started
2026-09-01 11:47:26,256 - pms - INFO - Security Settings Updated | User: admin | AutoLock: True (1m) | SessionTimeout: True (10m)
2026-09-01 11:49:47,567 - pms - INFO - AUDIT: [SCREEN_LOCKED] Screen automatically locked due to inactivity (User: admin)
2026-09-01 11:50:04,955 - pms - INFO - AUDIT: [SCREEN_UNLOCKED] Screen unlocked successfully by user (User: admin)
2026-09-01 11:51:25,493 - pms - INFO - AUDIT: [SCREEN_LOCKED] Screen automatically locked due to inactivity (User: admin)
2026-09-01 11:52:17,667 - pms - INFO - AUDIT: [SCREEN_UNLOCKED] Screen unlocked successfully by user (User: admin)
2026-09-01 11:52:33,517 - pms - INFO - Security Settings Updated | User: admin | AutoLock: True (10m) | SessionTimeout: True (10m)
2026-09-01 11:52:37,415 - pms - INFO - Security Settings Updated | User: admin | AutoLock: True (10m) | SessionTimeout: True (1m)
2026-09-01 11:54:05,894 - pms - INFO - AUDIT: [SCREEN_LOCKED] Screen automatically locked due to inactivity (User: admin)
2026-09-01 11:54:15,501 - pms - INFO - AUDIT: [SCREEN_UNLOCKED] Screen unlocked successfully by user (User: admin)
2026-09-01 11:54:17,378 - pms - INFO - Security Settings Updated | User: admin | AutoLock: True (10m) | SessionTimeout: True (1m)
2026-09-01 11:54:27,874 - pms - INFO - Security Settings Updated | User: admin | AutoLock: True (10m) | SessionTimeout: True (1m)
2026-09-01 11:55:55,516 - pms - INFO - AUDIT: [SCREEN_LOCKED] Screen automatically locked due to inactivity (User: admin)
2026-09-01 11:56:23,185 - pms - INFO - AUDIT: [SCREEN_UNLOCKED] Screen unlocked successfully by user (User: admin)
2026-09-01 12:13:30,154 - pms - INFO - AUDIT: [SCREEN_LOCKED] Screen automatically locked due to inactivity (User: admin)
2026-09-01 12:18:17,081 - pms - INFO - AUDIT: [SCREEN_UNLOCKED] Screen unlocked successfully by user (User: admin)
2026-09-01 12:18:32,191 - pms - INFO - Security Settings Updated | User: admin | AutoLock: True (30m) | SessionTimeout: True (1m)
2026-09-01 12:18:43,552 - pms - INFO - Security Settings Updated | User: admin | AutoLock: True (30m) | SessionTimeout: True (30m)
2026-09-01 12:27:06,954 - pms - INFO - Starting Pharmacy Management System backend...
2026-09-01 12:27:06,988 - apscheduler.scheduler - INFO - Scheduler started
2026-09-01 12:27:25,321 - pms - INFO - Security Settings Updated | User: admin | AutoLock: True (30m) | SessionTimeout: True (1m)
2026-09-01 12:30:12,622 - pms - INFO - Starting Pharmacy Management System backend...
2026-09-01 12:30:12,650 - apscheduler.scheduler - INFO - Scheduler started
2026-09-01 12:30:36,480 - pms - INFO - Security Settings Updated | User: admin | AutoLock: True (30m) | SessionTimeout: True (1m)
2026-09-01 12:58:59,625 - pms - INFO - Starting Pharmacy Management System backend...
2026-09-01 12:58:59,686 - apscheduler.scheduler - INFO - Scheduler started
2026-09-01 13:00:59,524 - pms - ERROR - PMSException caught: Session expired. Please log in again. (status: 401) | Path: /api/v1/auth/me
2026-09-01 13:01:45,461 - pms - INFO - Security Settings Updated | User: admin | AutoLock: True (30m) | SessionTimeout: True (2m)
2026-09-01 13:01:50,690 - pms - INFO - Security Settings Updated | User: admin | AutoLock: True (30m) | SessionTimeout: True (20m)
2026-09-01 13:04:50,150 - pms - INFO - Security Settings Updated | User: admin | AutoLock: True (30m) | SessionTimeout: True (20m)
2026-09-01 13:09:13,502 - pms - INFO - Starting Pharmacy Management System backend...
2026-09-01 13:09:13,595 - apscheduler.scheduler - INFO - Scheduler started
2026-09-01 13:18:02,268 - pms - INFO - Security Settings Updated | User: admin | AutoLock: True (30m) | SessionTimeout: True (1m)
2026-09-01 13:20:10,393 - pms - ERROR - PMSException caught: Session expired. Please log in again. (status: 401) | Path: /api/v1/security/settings
2026-09-01 13:20:22,717 - pms - ERROR - PMSException caught: Session expired. Please log in again. (status: 401) | Path: /api/v1/security/settings
2026-09-01 13:20:39,583 - pms - ERROR - PMSException caught: Session expired. Please log in again. (status: 401) | Path: /api/v1/security/settings
2026-09-01 13:20:47,202 - pms - ERROR - PMSException caught: Session expired. Please log in again. (status: 401) | Path: /api/v1/auth/me
2026-09-01 13:21:04,963 - pms - INFO - Security Settings Updated | User: admin | AutoLock: True (30m) | SessionTimeout: True (1m)
2026-09-01 13:24:59,038 - pms - INFO - Safe Data Reset | SUCCESS | User: admin | Snapshot: pre_reset_snapshot_20260901_132458.sqlite
2026-09-01 13:25:08,365 - pms - ERROR - PMSException caught: Session expired. Please log in again. (status: 401) | Path: /api/v1/auth/me
2026-09-01 13:25:48,679 - pms - INFO - Security Settings Updated | User: admin | AutoLock: True (30m) | SessionTimeout: True (480m)
2026-09-01 13:25:58,495 - pms - INFO - Database Optimization | User: admin | Reclaimed: 0 bytes
2026-09-01 13:26:09,361 - pms - INFO - Clear Temp Data | User: admin | Deleted 0 files | Reclaimed: 0.00 KB
2026-09-01 13:26:33,189 - pms - INFO - Security Settings Updated | User: admin | AutoLock: True (30m) | SessionTimeout: True (480m)
2026-09-01 13:34:25,593 - pms - INFO - Security Settings Updated | User: admin | AutoLock: True (30m) | SessionTimeout: True (1m)
2026-09-01 13:38:37,759 - pms - INFO - Security Settings Updated | User: admin | AutoLock: True (30m) | SessionTimeout: True (480m)
2026-09-01 13:38:43,291 - pms - INFO - Security Settings Updated | User: admin | AutoLock: True (30m) | SessionTimeout: True (480m)
2026-09-01 13:38:43,864 - pms - INFO - Security Settings Updated | User: admin | AutoLock: True (30m) | SessionTimeout: True (480m)
2026-09-01 13:40:07,304 - pms - INFO - Security Settings Updated | User: admin | AutoLock: True (30m) | SessionTimeout: True (480m)
2026-09-01 13:40:36,561 - pms - INFO - Security Settings Updated | User: admin | AutoLock: True (1m) | SessionTimeout: True (480m)
2026-09-01 13:42:17,900 - pms - INFO - Security Settings Updated | User: admin | AutoLock: True (1m) | SessionTimeout: True (480m)
2026-09-01 13:42:29,290 - pms - INFO - Security Settings Updated | User: admin | AutoLock: True (1m) | SessionTimeout: True (480m)
2026-09-01 13:43:34,710 - pms - INFO - AUDIT: [SCREEN_LOCKED] Screen automatically locked due to inactivity (User: admin)
2026-09-01 14:39:01,572 - pms - INFO - AUDIT: [SCREEN_UNLOCKED] Screen unlocked successfully by user (User: admin)
2026-09-01 14:39:13,581 - pms - INFO - Security Settings Updated | User: admin | AutoLock: True (30m) | SessionTimeout: True (480m)
2026-09-01 15:04:01,885 - pms - INFO - Starting Pharmacy Management System backend...
2026-09-01 15:04:01,933 - apscheduler.scheduler - INFO - Scheduler started
2026-09-01 15:16:13,755 - pms - INFO - Starting Pharmacy Management System backend...
2026-09-01 15:16:13,776 - apscheduler.scheduler - INFO - Scheduler started
2026-09-01 15:17:50,739 - pms - INFO - Starting Pharmacy Management System backend...
2026-09-01 15:17:50,777 - apscheduler.scheduler - INFO - Scheduler started
2026-09-01 15:29:59,060 - pms - INFO - Starting Pharmacy Management System backend...
2026-09-01 15:29:59,101 - apscheduler.scheduler - INFO - Scheduler started
2026-09-01 15:30:43,293 - pms - ERROR - Unhandled Exception caught: 'User' object has no attribute 'Role' | Path: /api/v1/license/import
NoneType: None
2026-09-01 15:31:34,318 - pms - INFO - AUDIT: User admin updated Pharmacy Branding (Name/Profile).
2026-09-01 16:05:08,126 - pms - INFO - Starting Pharmacy Management System backend...
2026-09-01 16:05:08,161 - apscheduler.scheduler - INFO - Scheduler started
2026-09-01 16:05:38,258 - pms - INFO - Starting Pharmacy Management System backend...
2026-09-01 16:05:38,316 - apscheduler.scheduler - INFO - Scheduler started
2026-09-01 16:39:48,137 - pms - INFO - AUDIT: [SCREEN_LOCKED] Screen automatically locked due to inactivity (User: admin)
2026-09-01 16:40:45,218 - pms - INFO - AUDIT: [SCREEN_UNLOCKED] Screen unlocked successfully by user (User: admin)
2026-09-01 16:55:43,352 - pms - INFO - Starting Pharmacy Management System backend...
2026-09-01 16:55:43,405 - apscheduler.scheduler - INFO - Scheduler started
2026-09-01 17:12:55,308 - pms - INFO - Starting Pharmacy Management System backend...
2026-09-01 17:12:55,331 - apscheduler.scheduler - INFO - Scheduler started
2026-09-01 17:17:30,952 - pms - WARNING - Hardware mismatch. License HWID: .\venv\Scripts\python.exe keygen.py, Machine HWID: PMS-CE99-0735-E628-EBF3
2026-09-01 17:17:38,714 - pms - WARNING - Hardware mismatch. License HWID: .\venv\Scripts\python.exe keygen.py, Machine HWID: PMS-CE99-0735-E628-EBF3
2026-09-01 17:41:10,209 - pms - INFO - Starting Pharmacy Management System backend...
2026-09-01 17:41:10,257 - apscheduler.scheduler - INFO - Scheduler started
2026-09-01 17:42:01,402 - pms - WARNING - Hardware mismatch. License HWID: .\venv\Scripts\python.exe keygen.py, Machine HWID: PMS-CE99-0735-E628-EBF3
2026-09-01 18:00:34,995 - pms - INFO - Starting Pharmacy Management System backend...
2026-09-01 18:00:35,036 - apscheduler.scheduler - INFO - Scheduler started
2026-09-01 18:04:25,141 - pms - INFO - AUDIT: User admin updated Pharmacy Branding (Name/Profile).
2026-09-01 18:04:48,940 - pms - ERROR - Unhandled Exception caught: 'User' object has no attribute 'Role' | Path: /api/v1/license/import
NoneType: None
2026-09-01 18:05:00,047 - pms - ERROR - Unhandled Exception caught: 'User' object has no attribute 'Role' | Path: /api/v1/license/import
NoneType: None
2026-09-01 18:06:53,041 - pms - ERROR - Unhandled Exception caught: 'User' object has no attribute 'Role' | Path: /api/v1/license/import
NoneType: None
2026-09-01 18:07:12,031 - pms - ERROR - Unhandled Exception caught: 'User' object has no attribute 'Role' | Path: /api/v1/license/import
NoneType: None
2026-09-01 18:12:49,962 - pms - INFO - Starting Pharmacy Management System backend...
2026-09-01 18:12:49,984 - apscheduler.scheduler - INFO - Scheduler started
2026-09-02 00:18:26,066 - pms - INFO - Starting Pharmacy Management System backend...
2026-09-02 00:18:26,108 - apscheduler.scheduler - INFO - Scheduler started
2026-09-02 00:58:07,850 - pms - INFO - Starting Pharmacy Management System backend...
2026-09-02 00:58:07,878 - apscheduler.scheduler - INFO - Scheduler started
2026-09-02 09:28:44,362 - pms - INFO - Starting Pharmacy Management System backend...
2026-09-02 09:28:44,418 - apscheduler.scheduler - INFO - Scheduler started
2026-09-02 09:52:27,458 - pms - WARNING - MAC address mismatch. License MAC: 00:11:22:33:44:55, Machine MAC: F8:75:A4:F3:49:92
2026-09-02 09:54:17,202 - pms - INFO - Starting Pharmacy Management System backend...
2026-09-02 09:54:17,236 - apscheduler.scheduler - INFO - Scheduler started
2026-09-02 09:54:37,308 - pms - INFO - Starting Pharmacy Management System backend...
2026-09-02 09:54:37,322 - apscheduler.scheduler - INFO - Scheduler started
2026-09-02 09:55:06,120 - pms - WARNING - License is missing 'mac' field. It was likely generated with the old hardware-ID system. Please generate and import a new MAC-based license.
2026-09-02 09:55:07,006 - pms - WARNING - License is missing 'mac' field. It was likely generated with the old hardware-ID system. Please generate and import a new MAC-based license.
2026-09-02 09:55:08,963 - pms - WARNING - License is missing 'mac' field. It was likely generated with the old hardware-ID system. Please generate and import a new MAC-based license.
2026-09-02 09:59:38,931 - pms - ERROR - PMSException caught: Incorrect username or password (status: 401) | Path: /api/v1/auth/login
2026-09-02 10:00:30,119 - pms - INFO - Starting Pharmacy Management System backend...
2026-09-02 10:00:30,165 - apscheduler.scheduler - INFO - Scheduler started
2026-09-02 10:53:23,492 - pms - INFO - AUDIT: [SCREEN_LOCKED] Screen automatically locked due to inactivity (User: admin)
2026-09-02 17:47:06,605 - pms - INFO - Starting Pharmacy Management System backend...
2026-09-02 17:47:06,638 - apscheduler.scheduler - INFO - Scheduler started
2026-09-02 17:51:45,624 - pms - INFO - Starting Pharmacy Management System backend...
2026-09-02 17:51:45,656 - apscheduler.scheduler - INFO - Scheduler started
2026-09-02 17:52:12,355 - pms - ERROR - PMSException caught: Incorrect username or password (status: 401) | Path: /api/v1/auth/login
2026-09-02 17:52:18,334 - pms - ERROR - PMSException caught: Incorrect username or password (status: 401) | Path: /api/v1/auth/login
2026-09-02 17:52:38,922 - pms - INFO - AUDIT: [SCREEN_UNLOCKED] Screen unlocked successfully by user (User: admin)
2026-09-03 00:22:25,699 - pms - INFO - Starting Pharmacy Management System backend...
2026-09-03 00:22:25,732 - apscheduler.scheduler - INFO - Scheduler started
2026-09-03 00:25:30,753 - pms - INFO - Starting Pharmacy Management System backend...
2026-09-03 00:25:30,778 - apscheduler.scheduler - INFO - Scheduler started
2026-09-03 00:28:16,873 - pms - INFO - Starting Pharmacy Management System backend...
2026-09-03 00:28:16,904 - apscheduler.scheduler - INFO - Scheduler started
2026-09-03 00:33:07,246 - pms - INFO - Starting Pharmacy Management System backend...
2026-09-03 00:33:07,378 - apscheduler.scheduler - INFO - Scheduler started
2026-09-04 00:28:29,920 - pms - INFO - Starting Pharmacy Management System backend...
2026-09-04 00:28:29,951 - apscheduler.scheduler - INFO - Scheduler started
2026-09-04 01:04:46,586 - pms - INFO - AUDIT: User admin exported 0 customers to CSV.
2026-09-04 01:23:05,161 - pms - INFO - Starting Pharmacy Management System backend...
2026-09-04 01:23:05,179 - apscheduler.scheduler - INFO - Scheduler started
2026-09-04 02:00:09,391 - pms - INFO - Starting Pharmacy Management System backend...
2026-09-04 02:00:09,410 - apscheduler.scheduler - INFO - Scheduler started
2026-09-04 02:00:09,436 - pms - INFO - Verified notifications table in database.
2026-09-04 02:00:09,606 - pms - INFO - Completed startup system notifications synchronization.
2026-09-04 02:00:58,688 - pms - INFO - Starting Pharmacy Management System backend...
2026-09-04 02:00:58,740 - apscheduler.scheduler - INFO - Scheduler started
2026-09-04 02:00:58,769 - pms - INFO - Verified notifications table in database.
2026-09-04 02:00:59,225 - pms - INFO - Completed startup system notifications synchronization.
2026-09-04 03:36:08,148 - pms - INFO - AUDIT: [SCREEN_LOCKED] Screen automatically locked due to inactivity (User: admin)
2026-09-04 05:24:40,274 - pms - ERROR - PMSException caught: Incorrect username or password (status: 401) | Path: /api/v1/auth/login
2026-09-04 05:25:00,697 - pms - INFO - AUDIT: [SCREEN_UNLOCKED] Screen unlocked successfully by user (User: admin)
2026-09-05 13:35:35,098 - pms - INFO - Starting Pharmacy Management System backend...
2026-09-05 13:35:35,126 - apscheduler.scheduler - INFO - Scheduler started
2026-09-05 13:35:35,150 - pms - INFO - Verified notifications table in database.
2026-09-05 13:35:35,313 - pms - INFO - Completed startup system notifications synchronization.
2026-09-05 14:38:39,598 - pms - INFO - AUDIT: User admin imported 5 categories. Skipped: 0. Errors: 0
2026-09-05 14:38:47,057 - pms - INFO - AUDIT: User admin imported 5 companies. Skipped: 0. Errors: 0
2026-09-05 14:38:54,104 - pms - INFO - AUDIT: User admin imported 5 suppliers. Skipped: 0. Errors: 0
2026-09-05 14:39:01,667 - pms - INFO - AUDIT: User admin imported 5 customers. Skipped: 0. Errors: 0
2026-09-05 14:47:16,855 - pms - INFO - AUDIT: User admin successfully deleted medicine 7 (Amoxil).
2026-09-05 14:47:24,540 - pms - INFO - AUDIT: User admin successfully deleted medicine 6 (Amoxil).
2026-09-05 14:47:31,131 - pms - INFO - AUDIT: User admin successfully deleted medicine 4 (Calpol).
2026-09-05 14:47:34,768 - pms - INFO - AUDIT: User admin successfully deleted medicine 5 (Betnovate).
2026-09-05 14:47:42,219 - pms - INFO - AUDIT: User admin successfully deleted medicine 10 (Gaviscon).
2026-09-05 14:47:54,329 - pms - INFO - AUDIT: User admin successfully deleted medicine 11 (Panadol).
2026-09-05 15:11:34,817 - pms - INFO - Starting Pharmacy Management System backend...
2026-09-05 15:11:34,862 - apscheduler.scheduler - INFO - Scheduler started
2026-09-05 15:11:34,874 - pms - INFO - Verified notifications table in database.
2026-09-05 15:11:35,146 - pms - INFO - Completed startup system notifications synchronization.
2026-09-05 15:14:47,579 - pms - INFO - Starting Pharmacy Management System backend...
2026-09-05 15:14:47,630 - apscheduler.scheduler - INFO - Scheduler started
2026-09-05 15:14:47,665 - pms - INFO - Verified notifications table in database.
2026-09-05 15:14:48,050 - pms - INFO - Completed startup system notifications synchronization.
2026-09-05 15:41:27,831 - pms - INFO - Clear Temp Data | User: admin | Deleted 2 files | Reclaimed: 0.94 KB
2026-09-05 15:42:10,595 - pms - INFO - AUDIT: User admin updated their profile information.
2026-09-05 15:43:15,634 - pms - INFO - Starting Pharmacy Management System backend...
2026-09-05 15:43:15,717 - apscheduler.scheduler - INFO - Scheduler started
2026-09-05 15:43:15,753 - pms - INFO - Verified notifications table in database.
2026-09-05 15:43:16,329 - pms - INFO - Completed startup system notifications synchronization.
2026-09-05 15:43:40,510 - pms - INFO - AUDIT: User admin updated their profile information.
2026-09-05 15:43:40,563 - pms - INFO - AUDIT: User admin uploaded a new Profile Photo.
2026-09-05 15:50:07,843 - pms - INFO - Starting Pharmacy Management System backend...
2026-09-05 15:50:07,877 - apscheduler.scheduler - INFO - Scheduler started
2026-09-05 15:50:07,929 - pms - INFO - Verified notifications table in database.
2026-09-05 15:50:08,394 - pms - INFO - Completed startup system notifications synchronization.
2026-09-05 15:55:26,148 - pms - INFO - Starting Pharmacy Management System backend...
2026-09-05 15:55:26,163 - apscheduler.scheduler - INFO - Scheduler started
2026-09-05 15:55:26,172 - pms - INFO - Verified notifications table in database.
2026-09-05 15:55:26,286 - pms - INFO - Completed startup system notifications synchronization.
2026-09-05 16:33:50,157 - pms - INFO - AUDIT: [SCREEN_LOCKED] Screen automatically locked due to inactivity (User: admin)
2026-09-05 21:18:17,185 - pms - INFO - AUDIT: [SCREEN_UNLOCKED] Screen unlocked successfully by user (User: admin)
2026-09-05 21:24:26,111 - pms - INFO - Starting Pharmacy Management System backend...
2026-09-05 21:24:26,151 - apscheduler.scheduler - INFO - Scheduler started
2026-09-05 21:24:26,290 - pms - INFO - Verified notifications table in database.
2026-09-05 21:24:27,080 - pms - INFO - Completed startup system notifications synchronization.
2026-09-05 21:37:23,125 - pms - INFO - Starting Pharmacy Management System backend...
2026-09-05 21:37:23,165 - apscheduler.scheduler - INFO - Scheduler started
2026-09-05 21:37:23,196 - pms - INFO - Verified notifications table in database.
2026-09-05 21:37:23,541 - pms - INFO - Completed startup system notifications synchronization.
2026-09-05 22:42:50,082 - pms - INFO - AUDIT: [SCREEN_LOCKED] Screen automatically locked due to inactivity (User: admin)
2026-09-06 00:15:01,395 - pms - INFO - AUDIT: [SCREEN_UNLOCKED] Screen unlocked successfully by user (User: admin)
2026-09-06 00:45:50,089 - pms - INFO - AUDIT: [SCREEN_LOCKED] Screen automatically locked due to inactivity (User: admin)
2026-09-06 01:21:09,371 - pms - INFO - Starting Pharmacy Management System backend...
2026-09-06 01:21:09,401 - apscheduler.scheduler - INFO - Scheduler started
2026-09-06 01:21:09,429 - pms - INFO - Verified notifications table in database.
2026-09-06 01:21:09,612 - pms - INFO - Completed startup system notifications synchronization.
2026-09-06 01:22:03,656 - pms - INFO - AUDIT: [SCREEN_UNLOCKED] Screen unlocked successfully by user (User: admin)
2026-09-06 02:04:42,084 - pms - INFO - Starting Pharmacy Management System backend...
2026-09-06 02:04:42,149 - apscheduler.scheduler - INFO - Scheduler started
2026-09-06 02:04:42,165 - pms - INFO - Verified notifications table in database.
2026-09-06 02:04:42,499 - pms - INFO - Completed startup system notifications synchronization.
2026-09-06 02:04:56,212 - pms - ERROR - Unhandled Exception caught: Don't know how to join to <Mapper at 0x1bab3e6ba10; StockBatch>. Please use the .select_from() method to establish an explicit left side, as well as providing an explicit ON clause if not present already to help resolve the ambiguity. | Path: /api/v1/dashboard/summary
NoneType: None
2026-09-06 02:04:57,207 - pms - ERROR - Unhandled Exception caught: Don't know how to join to <Mapper at 0x1bab3e6ba10; StockBatch>. Please use the .select_from() method to establish an explicit left side, as well as providing an explicit ON clause if not present already to help resolve the ambiguity. | Path: /api/v1/dashboard/summary
NoneType: None
2026-09-06 02:05:29,618 - pms - INFO - Starting Pharmacy Management System backend...
2026-09-06 02:05:29,675 - apscheduler.scheduler - INFO - Scheduler started
2026-09-06 02:05:29,707 - pms - INFO - Verified notifications table in database.
2026-09-06 02:05:30,451 - pms - INFO - Completed startup system notifications synchronization.
2026-09-06 02:05:33,550 - pms - ERROR - Unhandled Exception caught: Don't know how to join to <Mapper at 0x159ff21ba10; StockBatch>. Please use the .select_from() method to establish an explicit left side, as well as providing an explicit ON clause if not present already to help resolve the ambiguity. | Path: /api/v1/dashboard/summary
NoneType: None
2026-09-06 02:05:33,734 - pms - ERROR - Unhandled Exception caught: Don't know how to join to <Mapper at 0x159ff21ba10; StockBatch>. Please use the .select_from() method to establish an explicit left side, as well as providing an explicit ON clause if not present already to help resolve the ambiguity. | Path: /api/v1/dashboard/summary
NoneType: None
2026-09-06 02:05:37,361 - pms - ERROR - Unhandled Exception caught: Don't know how to join to <Mapper at 0x159ff21ba10; StockBatch>. Please use the .select_from() method to establish an explicit left side, as well as providing an explicit ON clause if not present already to help resolve the ambiguity. | Path: /api/v1/dashboard/summary
NoneType: None
2026-09-06 02:05:37,439 - pms - ERROR - Unhandled Exception caught: Don't know how to join to <Mapper at 0x159ff21ba10; StockBatch>. Please use the .select_from() method to establish an explicit left side, as well as providing an explicit ON clause if not present already to help resolve the ambiguity. | Path: /api/v1/dashboard/summary
NoneType: None
2026-09-06 02:06:34,590 - pms - INFO - Starting Pharmacy Management System backend...
2026-09-06 02:06:34,617 - apscheduler.scheduler - INFO - Scheduler started
2026-09-06 02:06:34,636 - pms - INFO - Verified notifications table in database.
2026-09-06 02:06:35,246 - pms - INFO - Completed startup system notifications synchronization.
2026-09-06 02:06:40,815 - pms - ERROR - Unhandled Exception caught: Don't know how to join to <Mapper at 0x23deee9ba10; StockBatch>. Please use the .select_from() method to establish an explicit left side, as well as providing an explicit ON clause if not present already to help resolve the ambiguity. | Path: /api/v1/dashboard/summary
NoneType: None
2026-09-06 02:06:40,888 - pms - ERROR - Unhandled Exception caught: Don't know how to join to <Mapper at 0x23deee9ba10; StockBatch>. Please use the .select_from() method to establish an explicit left side, as well as providing an explicit ON clause if not present already to help resolve the ambiguity. | Path: /api/v1/dashboard/summary
NoneType: None
2026-09-06 02:09:53,402 - pms - INFO - Starting Pharmacy Management System backend...
2026-09-06 02:09:53,457 - apscheduler.scheduler - INFO - Scheduler started
2026-09-06 02:09:53,473 - pms - INFO - Verified notifications table in database.
2026-09-06 02:09:53,931 - pms - INFO - Completed startup system notifications synchronization.
2026-09-06 02:10:00,075 - pms - ERROR - Unhandled Exception caught: Don't know how to join to <Mapper at 0x220fcd4ba10; StockBatch>. Please use the .select_from() method to establish an explicit left side, as well as providing an explicit ON clause if not present already to help resolve the ambiguity. | Path: /api/v1/dashboard/summary
NoneType: None
2026-09-06 02:10:00,181 - pms - ERROR - Unhandled Exception caught: Don't know how to join to <Mapper at 0x220fcd4ba10; StockBatch>. Please use the .select_from() method to establish an explicit left side, as well as providing an explicit ON clause if not present already to help resolve the ambiguity. | Path: /api/v1/dashboard/summary
NoneType: None
2026-09-06 02:10:55,184 - pms - ERROR - Unhandled Exception caught: Don't know how to join to <Mapper at 0x220fcd4ba10; StockBatch>. Please use the .select_from() method to establish an explicit left side, as well as providing an explicit ON clause if not present already to help resolve the ambiguity. | Path: /api/v1/dashboard/summary
NoneType: None
2026-09-06 02:10:55,220 - pms - ERROR - Unhandled Exception caught: Don't know how to join to <Mapper at 0x220fcd4ba10; StockBatch>. Please use the .select_from() method to establish an explicit left side, as well as providing an explicit ON clause if not present already to help resolve the ambiguity. | Path: /api/v1/dashboard/summary
NoneType: None
2026-09-06 02:10:57,974 - pms - ERROR - Unhandled Exception caught: Don't know how to join to <Mapper at 0x220fcd4ba10; StockBatch>. Please use the .select_from() method to establish an explicit left side, as well as providing an explicit ON clause if not present already to help resolve the ambiguity. | Path: /api/v1/dashboard/summary
NoneType: None
2026-09-06 02:10:58,043 - pms - ERROR - Unhandled Exception caught: Don't know how to join to <Mapper at 0x220fcd4ba10; StockBatch>. Please use the .select_from() method to establish an explicit left side, as well as providing an explicit ON clause if not present already to help resolve the ambiguity. | Path: /api/v1/dashboard/summary
NoneType: None
2026-09-06 02:11:08,488 - pms - ERROR - Unhandled Exception caught: Don't know how to join to <Mapper at 0x220fcd4ba10; StockBatch>. Please use the .select_from() method to establish an explicit left side, as well as providing an explicit ON clause if not present already to help resolve the ambiguity. | Path: /api/v1/dashboard/summary
NoneType: None
2026-09-06 02:11:08,584 - pms - ERROR - Unhandled Exception caught: Don't know how to join to <Mapper at 0x220fcd4ba10; StockBatch>. Please use the .select_from() method to establish an explicit left side, as well as providing an explicit ON clause if not present already to help resolve the ambiguity. | Path: /api/v1/dashboard/summary
NoneType: None
2026-09-06 02:11:10,799 - pms - ERROR - Unhandled Exception caught: Don't know how to join to <Mapper at 0x220fcd4ba10; StockBatch>. Please use the .select_from() method to establish an explicit left side, as well as providing an explicit ON clause if not present already to help resolve the ambiguity. | Path: /api/v1/dashboard/summary
NoneType: None
2026-09-06 02:11:10,925 - pms - ERROR - Unhandled Exception caught: Don't know how to join to <Mapper at 0x220fcd4ba10; StockBatch>. Please use the .select_from() method to establish an explicit left side, as well as providing an explicit ON clause if not present already to help resolve the ambiguity. | Path: /api/v1/dashboard/summary
NoneType: None
2026-09-06 02:11:20,058 - pms - ERROR - Unhandled Exception caught: Don't know how to join to <Mapper at 0x220fcd4ba10; StockBatch>. Please use the .select_from() method to establish an explicit left side, as well as providing an explicit ON clause if not present already to help resolve the ambiguity. | Path: /api/v1/dashboard/summary
NoneType: None
2026-09-06 02:11:20,129 - pms - ERROR - Unhandled Exception caught: Don't know how to join to <Mapper at 0x220fcd4ba10; StockBatch>. Please use the .select_from() method to establish an explicit left side, as well as providing an explicit ON clause if not present already to help resolve the ambiguity. | Path: /api/v1/dashboard/summary
NoneType: None
2026-09-06 02:11:52,000 - pms - ERROR - Unhandled Exception caught: Don't know how to join to <Mapper at 0x220fcd4ba10; StockBatch>. Please use the .select_from() method to establish an explicit left side, as well as providing an explicit ON clause if not present already to help resolve the ambiguity. | Path: /api/v1/dashboard/summary
NoneType: None
2026-09-06 02:11:52,068 - pms - ERROR - Unhandled Exception caught: Don't know how to join to <Mapper at 0x220fcd4ba10; StockBatch>. Please use the .select_from() method to establish an explicit left side, as well as providing an explicit ON clause if not present already to help resolve the ambiguity. | Path: /api/v1/dashboard/summary
NoneType: None
2026-09-06 02:12:38,496 - pms - ERROR - Unhandled Exception caught: Don't know how to join to <Mapper at 0x220fcd4ba10; StockBatch>. Please use the .select_from() method to establish an explicit left side, as well as providing an explicit ON clause if not present already to help resolve the ambiguity. | Path: /api/v1/dashboard/summary
NoneType: None
2026-09-06 02:12:38,530 - pms - ERROR - Unhandled Exception caught: Don't know how to join to <Mapper at 0x220fcd4ba10; StockBatch>. Please use the .select_from() method to establish an explicit left side, as well as providing an explicit ON clause if not present already to help resolve the ambiguity. | Path: /api/v1/dashboard/summary
NoneType: None
2026-09-06 02:13:32,939 - pms - ERROR - Unhandled Exception caught: Don't know how to join to <Mapper at 0x220fcd4ba10; StockBatch>. Please use the .select_from() method to establish an explicit left side, as well as providing an explicit ON clause if not present already to help resolve the ambiguity. | Path: /api/v1/dashboard/summary
NoneType: None
2026-09-06 02:13:33,014 - pms - ERROR - Unhandled Exception caught: Don't know how to join to <Mapper at 0x220fcd4ba10; StockBatch>. Please use the .select_from() method to establish an explicit left side, as well as providing an explicit ON clause if not present already to help resolve the ambiguity. | Path: /api/v1/dashboard/summary
NoneType: None
2026-09-06 02:15:00,278 - pms - ERROR - Unhandled Exception caught: Don't know how to join to <Mapper at 0x220fcd4ba10; StockBatch>. Please use the .select_from() method to establish an explicit left side, as well as providing an explicit ON clause if not present already to help resolve the ambiguity. | Path: /api/v1/dashboard/summary
NoneType: None
2026-09-06 02:15:00,353 - pms - ERROR - Unhandled Exception caught: Don't know how to join to <Mapper at 0x220fcd4ba10; StockBatch>. Please use the .select_from() method to establish an explicit left side, as well as providing an explicit ON clause if not present already to help resolve the ambiguity. | Path: /api/v1/dashboard/summary
NoneType: None
2026-09-06 02:15:10,376 - pms - INFO - Starting Pharmacy Management System backend...
2026-09-06 02:15:10,388 - apscheduler.scheduler - INFO - Scheduler started
2026-09-06 02:15:10,393 - pms - INFO - Verified notifications table in database.
2026-09-06 02:15:10,510 - pms - INFO - Completed startup system notifications synchronization.
2026-09-06 02:16:56,722 - pms - ERROR - Unhandled Exception caught: Don't know how to join to <Mapper at 0x220fcd4ba10; StockBatch>. Please use the .select_from() method to establish an explicit left side, as well as providing an explicit ON clause if not present already to help resolve the ambiguity. | Path: /api/v1/dashboard/summary
NoneType: None
2026-09-06 02:16:56,783 - pms - ERROR - Unhandled Exception caught: Don't know how to join to <Mapper at 0x220fcd4ba10; StockBatch>. Please use the .select_from() method to establish an explicit left side, as well as providing an explicit ON clause if not present already to help resolve the ambiguity. | Path: /api/v1/dashboard/summary
NoneType: None
2026-09-06 02:16:59,400 - pms - ERROR - Unhandled Exception caught: Don't know how to join to <Mapper at 0x220fcd4ba10; StockBatch>. Please use the .select_from() method to establish an explicit left side, as well as providing an explicit ON clause if not present already to help resolve the ambiguity. | Path: /api/v1/dashboard/summary
NoneType: None
2026-09-06 02:16:59,471 - pms - ERROR - Unhandled Exception caught: Don't know how to join to <Mapper at 0x220fcd4ba10; StockBatch>. Please use the .select_from() method to establish an explicit left side, as well as providing an explicit ON clause if not present already to help resolve the ambiguity. | Path: /api/v1/dashboard/summary
NoneType: None
2026-09-06 02:17:29,970 - pms - INFO - Starting Pharmacy Management System backend...
2026-09-06 02:17:29,993 - apscheduler.scheduler - INFO - Scheduler started
2026-09-06 02:17:30,009 - pms - INFO - Verified notifications table in database.
2026-09-06 02:17:30,261 - pms - INFO - Completed startup system notifications synchronization.
2026-09-06 02:17:35,069 - pms - ERROR - Unhandled Exception caught: Don't know how to join to <Mapper at 0x27cacdbba10; StockBatch>. Please use the .select_from() method to establish an explicit left side, as well as providing an explicit ON clause if not present already to help resolve the ambiguity. | Path: /api/v1/dashboard/summary
NoneType: None
2026-09-06 02:17:35,539 - pms - ERROR - Unhandled Exception caught: Don't know how to join to <Mapper at 0x27cacdbba10; StockBatch>. Please use the .select_from() method to establish an explicit left side, as well as providing an explicit ON clause if not present already to help resolve the ambiguity. | Path: /api/v1/dashboard/summary
NoneType: None
2026-09-06 02:17:39,726 - pms - ERROR - Unhandled Exception caught: Don't know how to join to <Mapper at 0x27cacdbba10; StockBatch>. Please use the .select_from() method to establish an explicit left side, as well as providing an explicit ON clause if not present already to help resolve the ambiguity. | Path: /api/v1/dashboard/summary
NoneType: None
2026-09-06 02:17:39,802 - pms - ERROR - Unhandled Exception caught: Don't know how to join to <Mapper at 0x27cacdbba10; StockBatch>. Please use the .select_from() method to establish an explicit left side, as well as providing an explicit ON clause if not present already to help resolve the ambiguity. | Path: /api/v1/dashboard/summary
NoneType: None
2026-09-06 02:17:59,950 - pms - INFO - Starting Pharmacy Management System backend...
2026-09-06 02:17:59,991 - apscheduler.scheduler - INFO - Scheduler started
2026-09-06 02:18:00,007 - pms - INFO - Verified notifications table in database.
2026-09-06 02:18:00,343 - pms - INFO - Completed startup system notifications synchronization.
2026-09-06 02:18:08,297 - pms - ERROR - Unhandled Exception caught: Don't know how to join to <Mapper at 0x1683cbaba10; StockBatch>. Please use the .select_from() method to establish an explicit left side, as well as providing an explicit ON clause if not present already to help resolve the ambiguity. | Path: /api/v1/dashboard/summary
NoneType: None
2026-09-06 02:18:08,372 - pms - ERROR - Unhandled Exception caught: Don't know how to join to <Mapper at 0x1683cbaba10; StockBatch>. Please use the .select_from() method to establish an explicit left side, as well as providing an explicit ON clause if not present already to help resolve the ambiguity. | Path: /api/v1/dashboard/summary
NoneType: None
2026-09-06 02:19:32,595 - pms - ERROR - Unhandled Exception caught: Don't know how to join to <Mapper at 0x1683cbaba10; StockBatch>. Please use the .select_from() method to establish an explicit left side, as well as providing an explicit ON clause if not present already to help resolve the ambiguity. | Path: /api/v1/dashboard/summary
NoneType: None
2026-09-06 02:19:36,359 - pms - ERROR - Unhandled Exception caught: Don't know how to join to <Mapper at 0x1683cbaba10; StockBatch>. Please use the .select_from() method to establish an explicit left side, as well as providing an explicit ON clause if not present already to help resolve the ambiguity. | Path: /api/v1/dashboard/summary
NoneType: None
2026-09-06 02:19:36,434 - pms - ERROR - Unhandled Exception caught: Don't know how to join to <Mapper at 0x1683cbaba10; StockBatch>. Please use the .select_from() method to establish an explicit left side, as well as providing an explicit ON clause if not present already to help resolve the ambiguity. | Path: /api/v1/dashboard/summary
NoneType: None
2026-09-06 02:20:50,525 - pms - INFO - Starting Pharmacy Management System backend...
2026-09-06 02:20:50,615 - apscheduler.scheduler - INFO - Scheduler started
2026-09-06 02:20:50,649 - pms - INFO - Verified notifications table in database.
2026-09-06 02:20:51,036 - pms - INFO - Completed startup system notifications synchronization.
2026-09-06 02:22:42,363 - pms - INFO - Starting Pharmacy Management System backend...
2026-09-06 02:22:42,391 - apscheduler.scheduler - INFO - Scheduler started
2026-09-06 02:22:42,406 - pms - INFO - Verified notifications table in database.
2026-09-06 02:22:42,730 - pms - INFO - Completed startup system notifications synchronization.
2026-09-06 02:25:12,579 - pms - INFO - Safe Data Reset | SUCCESS | User: admin | Snapshot: pre_reset_snapshot_20260906_022512.sqlite
2026-09-06 02:25:14,537 - pms - INFO - Clear Temp Data | User: admin | Deleted 0 files | Reclaimed: 0.00 KB
2026-09-06 02:25:48,418 - pms - INFO - AUDIT: User admin imported 5 categories. Skipped: 0. Errors: 0
2026-09-06 02:26:33,506 - pms - INFO - Safe Data Reset | SUCCESS | User: admin | Snapshot: pre_reset_snapshot_20260906_022633.sqlite
2026-09-06 02:26:34,373 - pms - INFO - Clear Temp Data | User: admin | Deleted 0 files | Reclaimed: 0.00 KB
2026-09-06 02:26:34,942 - pms - INFO - Clear Temp Data | User: admin | Deleted 0 files | Reclaimed: 0.00 KB
2026-09-06 02:26:53,476 - pms - INFO - AUDIT: User admin imported 5 categories. Skipped: 0. Errors: 0
2026-09-06 02:27:00,526 - pms - INFO - AUDIT: User admin imported 5 companies. Skipped: 0. Errors: 0
2026-09-06 02:27:08,268 - pms - INFO - AUDIT: User admin imported 5 suppliers. Skipped: 0. Errors: 0
2026-09-06 02:27:14,022 - pms - INFO - AUDIT: User admin imported 5 customers. Skipped: 0. Errors: 0
2026-09-06 02:29:28,466 - pms - INFO - Safe Data Reset | SUCCESS | User: admin | Snapshot: pre_reset_snapshot_20260906_022928.sqlite
2026-09-06 02:29:30,468 - pms - INFO - Clear Temp Data | User: admin | Deleted 0 files | Reclaimed: 0.00 KB
2026-09-06 02:33:57,903 - pms - INFO - Starting Pharmacy Management System backend...
2026-09-06 02:33:57,925 - apscheduler.scheduler - INFO - Scheduler started
2026-09-06 02:33:57,933 - pms - INFO - Verified notifications table in database.
2026-09-06 02:33:58,197 - pms - INFO - Completed startup system notifications synchronization.
2026-09-06 02:34:21,706 - pms - INFO - AUDIT: User admin imported 5 categories. Skipped: 0. Errors: 0
2026-09-06 02:34:28,947 - pms - INFO - AUDIT: User admin imported 5 companies. Skipped: 0. Errors: 0
2026-09-06 02:34:34,790 - pms - INFO - AUDIT: User admin imported 5 suppliers. Skipped: 0. Errors: 0
2026-09-06 02:34:40,427 - pms - INFO - AUDIT: User admin imported 5 customers. Skipped: 0. Errors: 0
2026-09-06 02:38:50,836 - pms - INFO - Starting Pharmacy Management System backend...
2026-09-06 02:38:50,872 - apscheduler.scheduler - INFO - Scheduler started
2026-09-06 02:38:50,883 - pms - INFO - Verified notifications table in database.
2026-09-06 02:38:51,166 - pms - INFO - Completed startup system notifications synchronization.
2026-09-06 02:44:34,537 - pms - INFO - AUDIT: User admin Deleted notification #6 (Type: OUT_OF_STOCK, Title: 'Out of Stock: Calpol').
2026-09-06 02:44:35,639 - pms - INFO - AUDIT: User admin Deleted notification #5 (Type: OUT_OF_STOCK, Title: 'Out of Stock: Betnovate').
2026-09-06 02:44:36,528 - pms - INFO - AUDIT: User admin Deleted notification #4 (Type: OUT_OF_STOCK, Title: 'Out of Stock: Amoxil 500mg').
2026-09-06 02:44:37,070 - pms - INFO - AUDIT: User admin Deleted notification #2 (Type: OUT_OF_STOCK, Title: 'Out of Stock: Gaviscon').
2026-09-06 02:45:01,080 - pms - INFO - AUDIT: User admin Deleted notification #1 (Type: OUT_OF_STOCK, Title: 'Out of Stock: Amoxil 500mg').
2026-09-06 02:45:01,717 - pms - INFO - AUDIT: User admin Deleted notification #2 (Type: OUT_OF_STOCK, Title: 'Out of Stock: Gaviscon').
2026-09-06 02:45:01,997 - pms - INFO - AUDIT: User admin Deleted notification #3 (Type: OUT_OF_STOCK, Title: 'Out of Stock: Betnovate').
2026-09-06 02:45:02,300 - pms - INFO - AUDIT: User admin Deleted notification #4 (Type: OUT_OF_STOCK, Title: 'Out of Stock: Calpol').
2026-09-06 02:45:12,893 - pms - INFO - AUDIT: User admin Deleted notification #4 (Type: OUT_OF_STOCK, Title: 'Out of Stock: Calpol').
2026-09-06 02:45:13,981 - pms - INFO - AUDIT: User admin Deleted notification #3 (Type: OUT_OF_STOCK, Title: 'Out of Stock: Betnovate').
2026-09-06 02:45:14,652 - pms - INFO - AUDIT: User admin Deleted notification #2 (Type: OUT_OF_STOCK, Title: 'Out of Stock: Gaviscon').
2026-09-06 02:45:15,301 - pms - INFO - AUDIT: User admin Deleted notification #1 (Type: OUT_OF_STOCK, Title: 'Out of Stock: Amoxil 500mg').
2026-09-06 02:48:13,330 - pms - INFO - Starting Pharmacy Management System backend...
2026-09-06 02:48:13,358 - apscheduler.scheduler - INFO - Scheduler started
2026-09-06 02:48:13,385 - pms - INFO - Verified notifications table in database.
2026-09-06 02:48:13,690 - pms - INFO - Completed startup system notifications synchronization.
2026-09-06 02:55:07,259 - pms - INFO - Starting Pharmacy Management System backend...
2026-09-06 02:55:07,296 - apscheduler.scheduler - INFO - Scheduler started
2026-09-06 02:55:07,348 - pms - INFO - Verified notifications table in database.
2026-09-06 02:55:07,768 - pms - INFO - Completed startup system notifications synchronization.
2026-09-06 02:58:23,213 - pms - INFO - Starting Pharmacy Management System backend...
2026-09-06 02:58:23,263 - apscheduler.scheduler - INFO - Scheduler started
2026-09-06 02:58:23,277 - pms - INFO - Verified notifications table in database.
2026-09-06 02:58:23,544 - pms - INFO - Completed startup system notifications synchronization.
2026-09-06 03:36:00,105 - pms - INFO - Starting Pharmacy Management System backend...
2026-09-06 03:36:00,152 - apscheduler.scheduler - INFO - Scheduler started
2026-09-06 03:36:00,166 - pms - INFO - Verified notifications table in database.
2026-09-06 03:36:00,462 - pms - INFO - Completed startup system notifications synchronization.
2026-09-06 03:41:06,588 - pms - INFO - Starting Pharmacy Management System backend...
2026-09-06 03:41:06,608 - apscheduler.scheduler - INFO - Scheduler started
2026-09-06 03:41:06,619 - pms - INFO - Verified notifications table in database.
2026-09-06 03:41:06,838 - pms - INFO - Completed startup system notifications synchronization.
2026-09-06 03:43:27,607 - pms - INFO - Safe Data Reset | SUCCESS | User: admin | Snapshot: pre_reset_snapshot_20260906_034327.sqlite
2026-09-06 03:43:29,523 - pms - INFO - Clear Temp Data | User: admin | Deleted 0 files | Reclaimed: 0.00 KB
2026-09-06 15:02:51,099 - pms - INFO - Starting Pharmacy Management System backend...
2026-09-06 15:02:51,155 - apscheduler.scheduler - INFO - Scheduler started
2026-09-06 15:02:51,193 - pms - INFO - Verified notifications table in database.
2026-09-06 15:02:51,564 - pms - INFO - Completed startup system notifications synchronization.
2026-09-06 15:30:01,250 - pms - INFO - AUDIT: User admin imported 5 categories. Skipped: 0. Errors: 0
2026-09-06 15:30:07,256 - pms - INFO - AUDIT: User admin imported 5 companies. Skipped: 0. Errors: 0
2026-09-06 15:30:12,516 - pms - INFO - AUDIT: User admin imported 5 suppliers. Skipped: 0. Errors: 0
2026-09-06 15:30:20,272 - pms - INFO - AUDIT: User admin imported 5 customers. Skipped: 0. Errors: 0
2026-09-06 16:46:25,158 - pms - INFO - AUDIT: [SCREEN_LOCKED] Screen automatically locked due to inactivity (User: admin)
2026-09-06 16:48:17,715 - pms - INFO - AUDIT: [SCREEN_UNLOCKED] Screen unlocked successfully by user (User: admin)
2026-09-06 17:20:46,908 - pms - INFO - Starting Pharmacy Management System backend...
2026-09-06 17:20:46,943 - apscheduler.scheduler - INFO - Scheduler started
2026-09-06 17:20:46,996 - pms - INFO - Verified notifications table in database.
2026-09-06 17:20:47,333 - pms - INFO - Completed startup system notifications synchronization.
2026-09-06 17:44:23,422 - pms - INFO - Starting Pharmacy Management System backend...
2026-09-06 17:44:23,470 - apscheduler.scheduler - INFO - Scheduler started
2026-09-06 17:44:23,648 - pms - INFO - Verified notifications table in database.
2026-09-06 17:44:24,220 - pms - INFO - Completed startup system notifications synchronization.
2026-09-06 18:00:36,108 - pms - INFO - Starting Pharmacy Management System backend...
2026-09-06 18:00:36,191 - apscheduler.scheduler - INFO - Scheduler started
2026-09-06 18:00:36,276 - pms - INFO - Verified notifications table in database.
2026-09-06 18:00:36,893 - pms - INFO - Completed startup system notifications synchronization.
2026-09-06 22:34:17,862 - pms - INFO - Starting Pharmacy Management System backend...
2026-09-06 22:34:17,915 - apscheduler.scheduler - INFO - Scheduler started
2026-09-06 22:34:17,947 - pms - INFO - Verified notifications table in database.
2026-09-06 22:34:18,212 - pms - INFO - Completed startup system notifications synchronization.
2026-09-06 22:37:41,754 - pms - INFO - Starting Pharmacy Management System backend...
2026-09-06 22:37:41,911 - apscheduler.scheduler - INFO - Scheduler started
2026-09-06 22:37:41,946 - pms - INFO - Verified notifications table in database.
2026-09-06 22:37:42,612 - pms - INFO - Completed startup system notifications synchronization.
2026-09-07 00:40:30,112 - pms - INFO - AUDIT: [SCREEN_LOCKED] Screen automatically locked due to inactivity (User: admin)
2026-09-07 09:47:25,155 - pms - INFO - Starting Pharmacy Management System backend...
2026-09-07 09:47:25,194 - apscheduler.scheduler - INFO - Scheduler started
2026-09-07 09:47:25,219 - pms - INFO - Verified notifications table in database.
2026-09-07 09:47:25,435 - pms - INFO - Completed startup system notifications synchronization.
2026-09-07 09:48:48,527 - pms - ERROR - PMSException caught: Incorrect username or password (status: 401) | Path: /api/v1/auth/login
2026-09-07 09:48:53,709 - pms - ERROR - PMSException caught: Incorrect username or password (status: 401) | Path: /api/v1/auth/login
2026-09-07 09:49:04,380 - pms - INFO - AUDIT: [SCREEN_UNLOCKED] Screen unlocked successfully by user (User: admin)
2026-09-07 10:21:36,157 - pms - INFO - AUDIT: [SCREEN_LOCKED] Screen automatically locked due to inactivity (User: admin)
2026-09-07 10:25:09,773 - pms - INFO - AUDIT: [SCREEN_UNLOCKED] Screen unlocked successfully by user (User: admin)
2026-09-07 10:40:49,180 - pms - INFO - Starting Pharmacy Management System backend...
2026-09-07 10:40:49,215 - apscheduler.scheduler - INFO - Scheduler started
2026-09-07 10:40:49,253 - pms - INFO - Verified notifications table in database.
2026-09-07 10:40:49,662 - pms - INFO - Completed startup system notifications synchronization.
2026-09-07 11:41:21,178 - pms - INFO - Starting Pharmacy Management System backend...
2026-09-07 11:41:21,189 - pms - INFO - Migrating backup_settings: adding BackupOnExit column.
2026-09-07 11:41:21,215 - pms - INFO - Verified notifications table in database.
2026-09-07 11:41:21,933 - pms - INFO - Completed startup system notifications synchronization.
2026-09-07 11:47:13,578 - pms - INFO - Backup Settings Updated | User: admin | AutoBackup: True | BackupOnExit: True
2026-09-07 11:47:44,795 - pms - INFO - Database Backup Executed | Type: Automatic | File: ExitBackup_2026_09_07_114744.zip | Size: 10551 bytes | Status: Success
2026-09-07 11:52:28,803 - pms - INFO - Database Backup Executed | Type: Automatic | File: ExitBackup_2026_09_07_115228.zip | Size: 10672 bytes | Status: Success
2026-09-07 11:52:50,471 - pms - INFO - Database Restore Initiated | Creating safety snapshot: backups\safety\pre_restore_safety_snapshot.sqlite
2026-09-07 11:52:50,488 - pms - INFO - Database Restore Successful | Restored from: E:/PMS Backup/ExitBackup_2026_09_07_115228.zip by user admin
2026-09-07 11:52:52,047 - pms - INFO - Database Backup Executed | Type: Automatic | File: ExitBackup_2026_09_07_115252.zip | Size: 10672 bytes | Status: Success
2026-09-07 11:54:36,822 - pms - INFO - Database Backup Executed | Type: Automatic | File: ExitBackup_2026_09_07_115436.zip | Size: 11033 bytes | Status: Success
2026-09-07 11:55:18,110 - pms - INFO - Database Restore Initiated | Creating safety snapshot: backups\safety\pre_restore_safety_snapshot.sqlite
2026-09-07 11:55:18,146 - pms - INFO - Database Restore Successful | Restored from: E:/PMS Backup/ExitBackup_2026_09_07_114744.zip by user admin
2026-09-07 11:55:19,729 - pms - INFO - Database Backup Executed | Type: Automatic | File: ExitBackup_2026_09_07_115519.zip | Size: 10551 bytes | Status: Success
2026-09-07 11:56:42,498 - pms - INFO - Database Backup Executed | Type: Automatic | File: ExitBackup_2026_09_07_115642.zip | Size: 10673 bytes | Status: Success
2026-09-07 11:56:48,365 - pms - INFO - Backup-on-exit skipped: duplicate request within 60 s (last: ExitBackup_2026_09_07_115642.zip)
2026-09-07 11:56:51,767 - pms - INFO - Backup-on-exit skipped: duplicate request within 60 s (last: ExitBackup_2026_09_07_115642.zip)
2026-09-07 11:57:53,344 - pms - INFO - Database Backup Executed | Type: Automatic | File: ExitBackup_2026_09_07_115753.zip | Size: 10753 bytes | Status: Success
2026-09-07 11:58:13,038 - pms - INFO - Backup Settings Updated | User: admin | AutoBackup: True | BackupOnExit: True
2026-09-07 11:58:34,825 - pms - INFO - Backup-on-exit skipped: duplicate request within 60 s (last: ExitBackup_2026_09_07_115753.zip)
2026-09-07 11:58:47,157 - pms - INFO - Database Backup Executed | Type: Automatic | File: ExitBackup_2026_09_07_115847.zip | Size: 10753 bytes | Status: Success
2026-09-07 11:58:50,757 - pms - INFO - Backup Settings Updated | User: admin | AutoBackup: True | BackupOnExit: True
2026-09-07 11:58:55,805 - pms - INFO - Backup-on-exit skipped: duplicate request within 60 s (last: ExitBackup_2026_09_07_115847.zip)
2026-09-07 11:59:09,604 - pms - INFO - Backup-on-exit skipped: duplicate request within 60 s (last: ExitBackup_2026_09_07_115847.zip)
2026-09-07 11:59:31,093 - pms - INFO - Database Restore Initiated | Creating safety snapshot: backups\safety\pre_restore_safety_snapshot.sqlite
2026-09-07 11:59:31,107 - pms - INFO - Database Restore Successful | Restored from: E:/PMS Backup/ExitBackup_2026_09_07_115847.zip by user admin
2026-09-07 11:59:32,663 - pms - INFO - Database Backup Executed | Type: Automatic | File: ExitBackup_2026_09_07_115932.zip | Size: 10753 bytes | Status: Success
2026-09-07 12:09:46,619 - pms - INFO - Database Backup Executed | Type: Automatic | File: ExitBackup_2026_09_07_120946.zip | Size: 10753 bytes | Status: Success
2026-09-07 12:11:14,060 - pms - INFO - Database Backup Executed | Type: Automatic | File: ExitBackup_2026_09_07_121114.zip | Size: 10754 bytes | Status: Success
2026-09-07 12:18:51,445 - pms - INFO - Database Backup Executed | Type: Automatic | File: ExitBackup_2026_09_07_121851.zip | Size: 10830 bytes | Status: Success
2026-09-07 12:21:38,319 - pms - INFO - Backup Settings Updated | User: admin | AutoBackup: True | BackupOnExit: True
2026-09-07 12:22:51,796 - pms - INFO - Database Backup Executed | Type: Automatic | File: TestBackup.zip | Size: 10868 bytes | Status: Success
2026-09-07 12:26:07,175 - pms - INFO - Database Backup Executed | Type: Automatic | File: TestBackup2.zip | Size: 10946 bytes | Status: Success
2026-09-07 12:27:39,057 - pms - INFO - Database Backup Executed | Type: Automatic | File: ExitBackup_Test3.zip | Size: 10961 bytes | Status: Success
2026-09-07 12:30:25,319 - pms - INFO - Starting Pharmacy Management System backend...
2026-09-07 12:30:25,330 - pms - INFO - Verified notifications table in database.
2026-09-07 12:30:25,510 - pms - ERROR - Error checking backups in notification sync: 'BackupHistory' object has no attribute 'FileName'
2026-09-07 12:30:25,514 - pms - INFO - Completed startup system notifications synchronization.
2026-09-07 12:30:48,488 - pms - INFO - Database Backup Executed | Type: Automatic | File: ExitBackup_2026_09_07_123048.zip | Size: 10988 bytes | Status: Success
2026-09-07 12:30:48,983 - pms - INFO - Exit backup verification: Passed
2026-09-07 12:31:33,498 - pms - INFO - Database Backup Executed | Type: Automatic | File: ExitBackup_2026_09_07_123133.zip | Size: 10978 bytes | Status: Success
2026-09-07 12:31:33,516 - pms - INFO - Exit backup verification: Passed
2026-09-07 12:31:57,221 - pms - INFO - Backup Settings Updated | User: admin | AutoBackup: True | BackupOnExit: True
2026-09-07 12:32:06,679 - pms - INFO - Backup Settings Updated | User: admin | AutoBackup: True | BackupOnExit: True
2026-09-07 12:32:09,683 - pms - INFO - Database Backup Executed | Type: Automatic | File: ExitBackup_2026_09_07_123209.zip | Size: 10972 bytes | Status: Success
2026-09-07 12:32:09,700 - pms - INFO - Exit backup verification: Passed
2026-09-07 12:32:16,951 - pms - INFO - Backup-on-exit skipped: duplicate request within 60 s (last: ExitBackup_2026_09_07_123209.zip)
2026-09-07 12:32:25,989 - pms - INFO - Backup-on-exit skipped: duplicate request within 60 s (last: ExitBackup_2026_09_07_123209.zip)
2026-09-07 12:32:50,530 - pms - INFO - Backup-on-exit skipped: duplicate request within 60 s (last: ExitBackup_2026_09_07_123209.zip)
2026-09-07 12:33:00,747 - pms - INFO - Backup-on-exit skipped: duplicate request within 60 s (last: ExitBackup_2026_09_07_123209.zip)
2026-09-07 12:33:03,407 - pms - INFO - Backup-on-exit skipped: duplicate request within 60 s (last: ExitBackup_2026_09_07_123209.zip)
2026-09-07 12:33:20,986 - pms - INFO - Database Backup Executed | Type: Automatic | File: ExitBackup_2026_09_07_123320.zip | Size: 10974 bytes | Status: Success
2026-09-07 12:33:21,005 - pms - INFO - Exit backup verification: Passed
2026-09-07 12:33:46,675 - pms - INFO - Database Backup Executed | Type: Manual | File: Backup_2026_09_07_123323.zip | Size: 10960 bytes | Status: Success
2026-09-07 12:33:53,365 - pms - INFO - Backup-on-exit skipped: duplicate request within 60 s (last: ExitBackup_2026_09_07_123320.zip)
2026-09-07 12:34:19,138 - pms - INFO - Database Backup Executed | Type: Manual | File: Backup_2026_09_07_123354.zip | Size: 10988 bytes | Status: Success
2026-09-07 12:34:34,997 - pms - INFO - Database Backup Executed | Type: Automatic | File: ExitBackup_2026_09_07_123434.zip | Size: 10995 bytes | Status: Success
2026-09-07 12:34:35,016 - pms - INFO - Exit backup verification: Passed
2026-09-07 12:34:43,247 - pms - INFO - Backup-on-exit skipped: duplicate request within 60 s (last: ExitBackup_2026_09_07_123434.zip)
2026-09-07 12:35:26,360 - pms - INFO - Database Backup Executed | Type: Manual | File: Backup_2026_09_07_123509.zip | Size: 10974 bytes | Status: Success
2026-09-07 12:36:00,524 - pms - INFO - Database Backup Executed | Type: Automatic | File: ExitBackup_2026_09_07_123600.zip | Size: 11056 bytes | Status: Success
2026-09-07 12:36:00,539 - pms - INFO - Exit backup verification: Passed
2026-09-07 12:36:12,777 - pms - INFO - Backup-on-exit skipped: duplicate request within 60 s (last: ExitBackup_2026_09_07_123600.zip)
2026-09-07 12:36:47,327 - pms - INFO - Database Backup Executed | Type: Manual | File: Backup_2026_09_07_123633.zip | Size: 11130 bytes | Status: Success
2026-09-07 12:36:58,416 - pms - INFO - Backup-on-exit skipped: duplicate request within 60 s (last: ExitBackup_2026_09_07_123600.zip)
2026-09-07 12:45:50,689 - pms - INFO - Database Backup Executed | Type: Automatic | File: ExitBackup_Test4.zip | Size: 11181 bytes | Status: Success
2026-09-07 12:48:06,251 - pms - INFO - Starting Pharmacy Management System backend...
2026-09-07 12:48:06,270 - pms - INFO - Verified notifications table in database.
2026-09-07 12:48:06,798 - pms - ERROR - Error checking backups in notification sync: 'BackupHistory' object has no attribute 'FileName'
2026-09-07 12:48:06,812 - pms - INFO - Completed startup system notifications synchronization.
2026-09-07 12:48:47,247 - pms - INFO - Starting Pharmacy Management System backend...
2026-09-07 12:48:47,263 - pms - INFO - Verified notifications table in database.
2026-09-07 12:48:47,813 - pms - ERROR - Error checking backups in notification sync: 'BackupHistory' object has no attribute 'FileName'
2026-09-07 12:48:47,835 - pms - INFO - Completed startup system notifications synchronization.
2026-09-07 12:49:19,757 - pms - INFO - Starting Pharmacy Management System backend...
2026-09-07 12:49:19,770 - pms - INFO - Verified notifications table in database.
2026-09-07 12:49:20,211 - pms - ERROR - Error checking backups in notification sync: 'BackupHistory' object has no attribute 'FileName'
2026-09-07 12:49:20,220 - pms - INFO - Completed startup system notifications synchronization.
2026-09-07 12:49:26,581 - pms - INFO - Database Backup Executed | Type: Automatic | File: ExitBackup_2026_09_07_124926.zip | Size: 11276 bytes | Status: Success
2026-09-07 12:49:27,148 - pms - INFO - Exit backup verification: Passed
2026-09-07 12:50:11,491 - pms - INFO - Backup Settings Updated | User: admin | AutoBackup: True | BackupOnExit: True
2026-09-07 12:50:53,105 - pms - INFO - Database Backup Executed | Type: Manual | File: Backup_2026_09_07_125028.zip | Size: 11269 bytes | Status: Success
2026-09-07 12:51:01,921 - pms - INFO - Database Backup Executed | Type: Automatic | File: ExitBackup_2026_09_07_125101.zip | Size: 11282 bytes | Status: Success
2026-09-07 12:51:01,936 - pms - INFO - Exit backup verification: Passed
2026-09-07 12:51:13,298 - pms - INFO - Backup Settings Updated | User: admin | AutoBackup: True | BackupOnExit: True
2026-09-07 12:51:31,477 - pms - INFO - Backup-on-exit skipped: duplicate request within 60 s (last: ExitBackup_2026_09_07_125101.zip)
2026-09-07 12:51:40,888 - pms - INFO - Backup-on-exit skipped: duplicate request within 60 s (last: ExitBackup_2026_09_07_125101.zip)
2026-09-07 12:52:40,879 - pms - INFO - Database Backup Executed | Type: Manual | File: Backup_2026_09_07_125143.zip | Size: 11280 bytes | Status: Success
2026-09-07 12:52:57,546 - pms - INFO - Database Backup Executed | Type: Manual | File: Backup_2026_09_07_125250.zip | Size: 11276 bytes | Status: Success
2026-09-07 12:53:04,233 - pms - INFO - Database Backup Executed | Type: Automatic | File: ExitBackup_2026_09_07_125304.zip | Size: 11284 bytes | Status: Success
2026-09-07 12:53:04,250 - pms - INFO - Exit backup verification: Passed
2026-09-07 12:54:07,319 - pms - INFO - Database Backup Executed | Type: Manual | File: Backup_2026_09_07_125305.zip | Size: 11278 bytes | Status: Success
2026-09-07 12:54:45,061 - pms - INFO - Database Backup Executed | Type: Manual | File: Backup_2026_09_07_125437.zip | Size: 11270 bytes | Status: Success
2026-09-07 12:55:12,019 - pms - INFO - Database Backup Executed | Type: Manual | File: Backup_2026_09_07_125445.zip | Size: 11269 bytes | Status: Success
2026-09-07 12:56:05,826 - pms - INFO - Database Backup Executed | Type: Manual | File: Backup_2026_09_07_125512.zip | Size: 11274 bytes | Status: Success
2026-09-07 12:56:08,593 - pms - INFO - Database Backup Executed | Type: Automatic | File: ExitBackup_2026_09_07_125608.zip | Size: 11280 bytes | Status: Success
2026-09-07 12:56:08,617 - pms - INFO - Exit backup verification: Passed
2026-09-07 15:12:01,442 - pms - INFO - AUDIT: [SCREEN_LOCKED] Screen automatically locked due to inactivity (User: admin)
2026-09-07 17:00:04,801 - pms - INFO - Starting Pharmacy Management System backend...
2026-09-07 17:00:04,829 - pms - INFO - Verified notifications table in database.
2026-09-07 17:00:05,140 - pms - ERROR - Error checking backups in notification sync: 'BackupHistory' object has no attribute 'FileName'
2026-09-07 17:00:05,148 - pms - INFO - Completed startup system notifications synchronization.
2026-09-07 17:36:48,493 - pms - INFO - Starting Pharmacy Management System backend...
2026-09-07 17:36:48,524 - pms - INFO - Verified notifications table in database.
2026-09-07 17:36:48,829 - pms - ERROR - Error checking backups in notification sync: 'BackupHistory' object has no attribute 'FileName'
2026-09-07 17:36:48,836 - pms - INFO - Completed startup system notifications synchronization.
2026-09-07 17:40:12,931 - pms - ERROR - PMSException caught: Incorrect username or password (status: 401) | Path: /api/v1/auth/login
2026-09-07 17:40:18,585 - pms - ERROR - PMSException caught: Incorrect username or password (status: 401) | Path: /api/v1/auth/login
2026-09-07 17:40:21,014 - pms - INFO - Database Backup Executed | Type: Automatic | File: ExitBackup_2026_09_07_174020.zip | Size: 11340 bytes | Status: Success
2026-09-07 17:40:22,166 - pms - INFO - Exit backup verification: Passed
2026-09-07 17:40:26,114 - pms - INFO - AUDIT: [SCREEN_UNLOCKED] Screen unlocked successfully by user (User: admin)
2026-09-07 17:43:48,844 - pms - INFO - Database Backup Executed | Type: Automatic | File: ExitBackup_2026_09_07_174348.zip | Size: 11417 bytes | Status: Success
2026-09-07 17:43:48,870 - pms - INFO - Exit backup verification: Passed
2026-09-07 17:45:22,452 - pms - INFO - Database Backup Executed | Type: Automatic | File: ExitBackup_2026_09_07_174522.zip | Size: 11412 bytes | Status: Success
2026-09-07 17:45:22,480 - pms - INFO - Exit backup verification: Passed
2026-09-07 17:46:18,181 - pms - INFO - Backup-on-exit skipped: duplicate request within 60 s (last: ExitBackup_2026_09_07_174522.zip)
2026-09-07 22:39:03,985 - pms - INFO - Starting Pharmacy Management System backend...
2026-09-07 22:39:04,007 - pms - INFO - Verified notifications table in database.
2026-09-07 22:39:04,186 - pms - ERROR - Error checking backups in notification sync: 'BackupHistory' object has no attribute 'FileName'
2026-09-07 22:39:04,190 - pms - INFO - Completed startup system notifications synchronization.
2026-09-07 22:40:17,829 - pms - INFO - Database Backup Executed | Type: Automatic | File: ExitBackup_2026_09_07_224017.zip | Size: 11406 bytes | Status: Success
2026-09-07 22:40:18,353 - pms - INFO - Exit backup verification: Passed
2026-09-07 22:41:30,476 - pms - INFO - Safe Data Reset | SUCCESS | User: admin | Snapshot: pre_reset_snapshot_20260907_224130.sqlite
2026-09-07 22:41:33,523 - pms - INFO - Database Backup Executed | Type: Automatic | File: ExitBackup_2026_09_07_224133.zip | Size: 8375 bytes | Status: Success
2026-09-07 22:41:33,539 - pms - INFO - Exit backup verification: Passed
2026-09-07 22:42:21,430 - pms - INFO - Database Restore Initiated | Creating safety snapshot: backups\safety\pre_restore_safety_snapshot.sqlite
2026-09-07 22:42:21,446 - pms - INFO - Database Restore Successful | Restored from: E:/PMS Backup/ExitBackup_2026_09_07_174522.zip by user admin
2026-09-07 22:42:23,013 - pms - INFO - Database Backup Executed | Type: Automatic | File: ExitBackup_2026_09_07_224222.zip | Size: 11412 bytes | Status: Success
2026-09-07 22:42:23,030 - pms - INFO - Exit backup verification: Passed
2026-09-07 22:42:35,766 - pms - INFO - Backup-on-exit skipped: duplicate request within 60 s (last: ExitBackup_2026_09_07_224222.zip)
2026-09-07 22:50:21,597 - pms - INFO - Starting Pharmacy Management System backend...
2026-09-07 22:50:21,606 - pms - INFO - Verified notifications table in database.
2026-09-07 22:50:21,731 - pms - ERROR - Error checking backups in notification sync: 'BackupHistory' object has no attribute 'FileName'
2026-09-07 22:50:21,735 - pms - INFO - Completed startup system notifications synchronization.
2026-09-07 22:55:13,603 - pms - INFO - Database Backup Executed | Type: Automatic | File: ExitBackup_2026_09_07_225513.zip | Size: 11691 bytes | Status: Success
2026-09-07 22:55:14,210 - pms - INFO - Exit backup verification: Passed
2026-09-07 22:58:25,660 - pms - INFO - Database Backup Executed | Type: Automatic | File: ExitBackup_2026_09_07_225825.zip | Size: 11696 bytes | Status: Success
2026-09-07 22:58:25,674 - pms - INFO - Exit backup verification: Passed
2026-09-07 22:59:00,351 - pms - INFO - Backup-on-exit skipped: duplicate request within 60 s (last: ExitBackup_2026_09_07_225825.zip)
2026-09-07 23:20:03,434 - pms - INFO - Starting Pharmacy Management System backend...
2026-09-07 23:20:03,455 - pms - INFO - Verified notifications table in database.
2026-09-07 23:20:03,871 - pms - ERROR - Error checking backups in notification sync: 'BackupHistory' object has no attribute 'FileName'
2026-09-07 23:20:03,881 - pms - INFO - Completed startup system notifications synchronization.
2026-09-07 23:20:19,643 - pms - INFO - Database Backup Executed | Type: Automatic | File: ExitBackup_2026_09_07_232019.zip | Size: 11692 bytes | Status: Success
2026-09-07 23:20:20,458 - pms - INFO - Exit backup verification: Passed
2026-09-07 23:21:04,214 - pms - INFO - Backup-on-exit skipped: duplicate request within 60 s (last: ExitBackup_2026_09_07_232019.zip)
2026-09-07 23:26:44,575 - pms - INFO - Database Backup Executed | Type: Automatic | File: ExitBackup_2026_09_07_232644.zip | Size: 11691 bytes | Status: Success
2026-09-07 23:26:44,603 - pms - INFO - Exit backup verification: Passed
2026-09-07 23:27:23,973 - pms - INFO - Backup-on-exit skipped: duplicate request within 60 s (last: ExitBackup_2026_09_07_232644.zip)
2026-09-07 23:27:26,994 - pms - INFO - Backup-on-exit skipped: duplicate request within 60 s (last: ExitBackup_2026_09_07_232644.zip)
2026-09-07 23:27:51,624 - pms - INFO - Database Backup Executed | Type: Automatic | File: ExitBackup_2026_09_07_232751.zip | Size: 11693 bytes | Status: Success
2026-09-07 23:27:51,647 - pms - INFO - Exit backup verification: Passed
2026-09-07 23:28:13,023 - pms - INFO - Backup-on-exit skipped: duplicate request within 60 s (last: ExitBackup_2026_09_07_232751.zip)
2026-09-07 23:30:35,582 - pms - INFO - Database Backup Executed | Type: Automatic | File: ExitBackup_2026_09_07_233035.zip | Size: 11686 bytes | Status: Success
2026-09-07 23:30:35,605 - pms - INFO - Exit backup verification: Passed
2026-09-07 23:31:32,999 - pms - INFO - Backup-on-exit skipped: duplicate request within 60 s (last: ExitBackup_2026_09_07_233035.zip)
2026-09-07 23:32:14,117 - pms - INFO - Database Backup Executed | Type: Automatic | File: ExitBackup_2026_09_07_233214.zip | Size: 11690 bytes | Status: Success
2026-09-07 23:32:14,142 - pms - INFO - Exit backup verification: Passed
2026-09-07 23:35:33,737 - pms - INFO - Database Backup Executed | Type: Automatic | File: ExitBackup_2026_09_07_233533.zip | Size: 11687 bytes | Status: Success
2026-09-07 23:35:33,764 - pms - INFO - Exit backup verification: Passed
2026-09-07 23:38:28,169 - pms - INFO - Database Backup Executed | Type: Automatic | File: ExitBackup_2026_09_07_233828.zip | Size: 11685 bytes | Status: Success
2026-09-07 23:38:28,194 - pms - INFO - Exit backup verification: Passed
2026-09-07 23:38:31,958 - pms - INFO - Backup-on-exit skipped: duplicate request within 60 s (last: ExitBackup_2026_09_07_233828.zip)
2026-09-07 23:39:32,073 - pms - INFO - Database Backup Executed | Type: Automatic | File: ExitBackup_2026_09_07_233932.zip | Size: 11692 bytes | Status: Success
2026-09-07 23:39:32,094 - pms - INFO - Exit backup verification: Passed
2026-09-07 23:39:53,640 - pms - INFO - Backup-on-exit skipped: duplicate request within 60 s (last: ExitBackup_2026_09_07_233932.zip)
2026-09-07 23:42:12,609 - pms - INFO - Database Backup Executed | Type: Automatic | File: ExitBackup_2026_09_07_234212.zip | Size: 11692 bytes | Status: Success
2026-09-07 23:42:12,633 - pms - INFO - Exit backup verification: Passed
2026-09-07 23:44:46,437 - pms - INFO - Database Backup Executed | Type: Automatic | File: ExitBackup_2026_09_07_234446.zip | Size: 11694 bytes | Status: Success
2026-09-07 23:44:46,464 - pms - INFO - Exit backup verification: Passed
2026-09-07 23:47:52,977 - pms - INFO - Database Backup Executed | Type: Automatic | File: ExitBackup_2026_09_07_234752.zip | Size: 11693 bytes | Status: Success
2026-09-07 23:47:53,000 - pms - INFO - Exit backup verification: Passed
2026-09-07 23:50:54,342 - pms - INFO - Database Backup Executed | Type: Automatic | File: ExitBackup_2026_09_07_235054.zip | Size: 11692 bytes | Status: Success
2026-09-07 23:50:54,370 - pms - INFO - Exit backup verification: Passed
2026-09-07 23:51:03,806 - pms - INFO - Backup-on-exit skipped: duplicate request within 60 s (last: ExitBackup_2026_09_07_235054.zip)
2026-09-07 23:52:18,200 - pms - INFO - Database Backup Executed | Type: Automatic | File: ExitBackup_2026_09_07_235218.zip | Size: 11684 bytes | Status: Success
2026-09-07 23:52:18,240 - pms - INFO - Exit backup verification: Passed
2026-09-07 23:58:42,158 - pms - INFO - Database Backup Executed | Type: Automatic | File: ExitBackup_2026_09_07_235842.zip | Size: 11686 bytes | Status: Success
2026-09-07 23:58:42,185 - pms - INFO - Exit backup verification: Passed
2026-09-08 00:00:14,943 - pms - INFO - Database Backup Executed | Type: Automatic | File: ExitBackup_2026_09_08_000014.zip | Size: 11693 bytes | Status: Success
2026-09-08 00:00:14,967 - pms - INFO - Exit backup verification: Passed
2026-09-08 00:01:41,066 - pms - INFO - Database Backup Executed | Type: Automatic | File: ExitBackup_2026_09_08_000141.zip | Size: 11699 bytes | Status: Success
2026-09-08 00:01:41,092 - pms - INFO - Exit backup verification: Passed
2026-09-08 00:06:39,395 - pms - INFO - Database Backup Executed | Type: Automatic | File: ExitBackup_2026_09_08_000639.zip | Size: 11754 bytes | Status: Success
2026-09-08 00:06:39,420 - pms - INFO - Exit backup verification: Passed
2026-09-08 00:07:19,119 - pms - INFO - Backup-on-exit skipped: duplicate request within 60 s (last: ExitBackup_2026_09_08_000639.zip)
2026-09-08 00:08:03,635 - pms - INFO - Database Backup Executed | Type: Automatic | File: ExitBackup_2026_09_08_000803.zip | Size: 11763 bytes | Status: Success
2026-09-08 00:08:03,660 - pms - INFO - Exit backup verification: Passed
2026-09-08 00:09:03,980 - pms - INFO - Database Backup Executed | Type: Automatic | File: ExitBackup_2026_09_08_000903.zip | Size: 11763 bytes | Status: Success
2026-09-08 00:09:04,006 - pms - INFO - Exit backup verification: Passed
2026-09-08 00:12:05,586 - pms - INFO - Database Backup Executed | Type: Automatic | File: ExitBackup_2026_09_08_001205.zip | Size: 11752 bytes | Status: Success
2026-09-08 00:12:05,610 - pms - INFO - Exit backup verification: Passed
2026-09-08 00:15:59,219 - pms - INFO - Database Backup Executed | Type: Automatic | File: ExitBackup_2026_09_08_001559.zip | Size: 11756 bytes | Status: Success
2026-09-08 00:15:59,244 - pms - INFO - Exit backup verification: Passed
2026-09-08 00:16:06,570 - pms - INFO - Backup-on-exit skipped: duplicate request within 60 s (last: ExitBackup_2026_09_08_001559.zip)
2026-09-08 00:20:50,124 - pms - INFO - Starting Pharmacy Management System backend...
2026-09-08 00:20:50,136 - pms - INFO - Verified notifications table in database.
2026-09-08 00:20:50,308 - pms - ERROR - Error checking backups in notification sync: 'BackupHistory' object has no attribute 'FileName'
2026-09-08 00:20:50,316 - pms - INFO - Completed startup system notifications synchronization.
2026-09-08 00:21:20,900 - pms - INFO - Database Backup Executed | Type: Automatic | File: ExitBackup_2026_09_08_002120.zip | Size: 11753 bytes | Status: Success
2026-09-08 00:21:21,988 - pms - INFO - Exit backup verification: Passed
2026-09-08 00:21:29,457 - pms - INFO - Backup-on-exit skipped: duplicate request within 60 s (last: ExitBackup_2026_09_08_002120.zip)
2026-09-08 00:22:50,749 - pms - INFO - Starting Pharmacy Management System backend...
2026-09-08 00:22:50,762 - pms - INFO - Verified notifications table in database.
2026-09-08 00:22:51,184 - pms - ERROR - Error checking backups in notification sync: 'BackupHistory' object has no attribute 'FileName'
2026-09-08 00:22:51,215 - pms - INFO - Completed startup system notifications synchronization.
2026-09-08 00:27:45,765 - pms - INFO - Starting Pharmacy Management System backend...
2026-09-08 00:27:45,779 - pms - INFO - Verified notifications table in database.
2026-09-08 00:27:46,066 - pms - ERROR - Error checking backups in notification sync: 'BackupHistory' object has no attribute 'FileName'
2026-09-08 00:27:46,078 - pms - INFO - Completed startup system notifications synchronization.
2026-09-08 00:28:11,754 - pms - INFO - Starting Pharmacy Management System backend...
2026-09-08 00:28:11,808 - pms - INFO - Verified notifications table in database.
2026-09-08 00:28:12,357 - pms - ERROR - Error checking backups in notification sync: 'BackupHistory' object has no attribute 'FileName'
2026-09-08 00:28:12,373 - pms - INFO - Completed startup system notifications synchronization.
2026-09-08 00:37:02,219 - pms - INFO - Starting Pharmacy Management System backend...
2026-09-08 00:37:02,234 - pms - INFO - Verified notifications table in database.
2026-09-08 00:37:02,887 - pms - ERROR - Error checking backups in notification sync: 'BackupHistory' object has no attribute 'FileName'
2026-09-08 00:37:02,911 - pms - INFO - Completed startup system notifications synchronization.
2026-09-08 00:37:12,364 - pms - INFO - Database Backup Executed | Type: Automatic | File: ExitBackup_2026_09_08_003712.zip | Size: 11755 bytes | Status: Success
2026-09-08 00:37:14,064 - pms - INFO - Exit backup verification: Passed
2026-09-08 00:37:18,878 - pms - INFO - Backup-on-exit skipped: duplicate request within 60 s (last: ExitBackup_2026_09_08_003712.zip)
2026-09-08 00:39:05,239 - pms - INFO - Database Backup Executed | Type: Automatic | File: ExitBackup_2026_09_08_003905.zip | Size: 11762 bytes | Status: Success
2026-09-08 00:39:05,276 - pms - INFO - Exit backup verification: Passed
2026-09-08 00:43:05,533 - pms - INFO - Database Backup Executed | Type: Automatic | File: ExitBackup_2026_09_08_004305.zip | Size: 11759 bytes | Status: Success
2026-09-08 00:43:05,564 - pms - INFO - Exit backup verification: Passed
2026-09-08 00:43:29,725 - pms - INFO - Safe Data Reset | SUCCESS | User: admin | Snapshot: pre_reset_snapshot_20260908_004329.sqlite
2026-09-08 00:43:31,420 - pms - INFO - Clear Temp Data | User: admin | Deleted 4 files | Reclaimed: 2.21 KB
2026-09-08 00:43:32,177 - pms - INFO - Clear Temp Data | User: admin | Deleted 0 files | Reclaimed: 0.00 KB
2026-09-08 00:43:35,105 - pms - INFO - Database Backup Executed | Type: Automatic | File: ExitBackup_2026_09_08_004335.zip | Size: 8375 bytes | Status: Success
2026-09-08 00:43:35,134 - pms - INFO - Exit backup verification: Passed
2026-09-08 00:43:56,343 - pms - INFO - Backup-on-exit skipped: duplicate request within 60 s (last: ExitBackup_2026_09_08_004335.zip)
2026-09-08 00:44:09,184 - pms - INFO - Backup-on-exit skipped: duplicate request within 60 s (last: ExitBackup_2026_09_08_004335.zip)
2026-09-08 00:56:06,542 - pms - INFO - Database Backup Executed | Type: Automatic | File: ExitBackup_2026_09_08_005606.zip | Size: 8508 bytes | Status: Success
2026-09-08 00:56:06,573 - pms - INFO - Exit backup verification: Passed
2026-09-08 01:02:38,629 - pms - INFO - Database Backup Executed | Type: Automatic | File: ExitBackup_2026_09_08_010238.zip | Size: 8593 bytes | Status: Success
2026-09-08 01:02:38,686 - pms - INFO - Exit backup verification: Passed
2026-09-08 01:06:29,958 - pms - INFO - Database Backup Executed | Type: Automatic | File: ExitBackup_2026_09_08_010629.zip | Size: 8674 bytes | Status: Success
2026-09-08 01:06:29,974 - pms - INFO - Exit backup verification: Passed
2026-09-08 01:06:44,339 - pms - INFO - Backup-on-exit skipped: duplicate request within 60 s (last: ExitBackup_2026_09_08_010629.zip)
2026-09-08 01:07:15,461 - pms - INFO - Backup-on-exit skipped: duplicate request within 60 s (last: ExitBackup_2026_09_08_010629.zip)
2026-09-08 01:15:20,413 - pms - INFO - AUDIT: User admin imported 5 categories. Skipped: 0. Errors: 0
2026-09-08 01:15:30,813 - pms - INFO - AUDIT: User admin imported 5 companies. Skipped: 0. Errors: 0
2026-09-08 01:15:40,748 - pms - INFO - AUDIT: User admin imported 5 suppliers. Skipped: 0. Errors: 0
2026-09-08 01:15:46,644 - pms - INFO - AUDIT: User admin imported 5 customers. Skipped: 0. Errors: 0
2026-09-08 01:27:03,049 - pms - INFO - Database Backup Executed | Type: Automatic | File: ExitBackup_2026_09_08_012703.zip | Size: 10944 bytes | Status: Success
2026-09-08 01:27:03,066 - pms - INFO - Exit backup verification: Passed
2026-09-08 01:28:08,131 - pms - INFO - Database Backup Executed | Type: Automatic | File: ExitBackup_2026_09_08_012808.zip | Size: 11022 bytes | Status: Success
2026-09-08 01:28:08,145 - pms - INFO - Exit backup verification: Passed
2026-09-08 01:30:34,202 - pms - INFO - Database Backup Executed | Type: Automatic | File: ExitBackup_2026_09_08_013034.zip | Size: 11017 bytes | Status: Success
2026-09-08 01:30:34,217 - pms - INFO - Exit backup verification: Passed
2026-09-08 01:32:46,308 - pms - INFO - Database Backup Executed | Type: Automatic | File: ExitBackup_2026_09_08_013246.zip | Size: 11018 bytes | Status: Success
2026-09-08 01:32:46,322 - pms - INFO - Exit backup verification: Passed
2026-09-08 01:39:43,742 - pms - INFO - Starting Pharmacy Management System backend...
2026-09-08 01:39:43,758 - pms - INFO - Verified notifications table in database.
2026-09-08 01:39:44,052 - pms - ERROR - Error checking backups in notification sync: 'BackupHistory' object has no attribute 'FileName'
2026-09-08 01:39:44,118 - pms - INFO - Completed startup system notifications synchronization.
2026-09-08 01:40:09,473 - pms - INFO - Database Backup Executed | Type: Automatic | File: ExitBackup_2026_09_08_014009.zip | Size: 11162 bytes | Status: Success
2026-09-08 01:40:10,061 - pms - INFO - Exit backup verification: Passed
2026-09-08 01:41:14,104 - pms - INFO - Starting Pharmacy Management System backend...
2026-09-08 01:41:14,133 - pms - INFO - Verified notifications table in database.
2026-09-08 01:41:14,579 - pms - ERROR - Error checking backups in notification sync: 'BackupHistory' object has no attribute 'FileName'
2026-09-08 01:41:14,591 - pms - INFO - Completed startup system notifications synchronization.
2026-09-08 01:48:24,422 - pms - ERROR - PMSException caught: Invalid authentication credentials (status: 401) | Path: /api/v1/sales/history
2026-09-08 02:01:30,208 - pms - INFO - Starting Pharmacy Management System backend...
2026-09-08 02:01:30,246 - pms - INFO - Verified notifications table in database.
2026-09-08 02:01:30,964 - pms - ERROR - Error checking backups in notification sync: 'BackupHistory' object has no attribute 'FileName'
2026-09-08 02:01:30,978 - pms - INFO - Completed startup system notifications synchronization.
2026-09-08 02:02:59,810 - pms - ERROR - Error checking backups in notification sync: 'BackupHistory' object has no attribute 'FileName'
2026-09-08 02:07:44,957 - pms - INFO - Database Backup Executed | Type: Automatic | File: ExitBackup_2026_09_08_020744.zip | Size: 11157 bytes | Status: Success
2026-09-08 02:07:46,244 - pms - INFO - Exit backup verification: Passed
2026-09-08 02:09:44,885 - pms - INFO - Database Backup Executed | Type: Automatic | File: ExitBackup_2026_09_08_020944.zip | Size: 11161 bytes | Status: Success
2026-09-08 02:09:44,911 - pms - INFO - Exit backup verification: Passed
2026-09-08 09:18:19,955 - pms - INFO - Starting Pharmacy Management System backend...
2026-09-08 09:18:19,987 - pms - INFO - Verified notifications table in database.
2026-09-08 09:18:20,267 - pms - ERROR - Error checking backups in notification sync: 'BackupHistory' object has no attribute 'FileName'
2026-09-08 09:18:20,272 - pms - INFO - Completed startup system notifications synchronization.
2026-09-08 09:24:15,731 - pms - INFO - Database Backup Executed | Type: Automatic | File: ExitBackup_2026_09_08_092415.zip | Size: 11231 bytes | Status: Success
2026-09-08 09:24:16,458 - pms - INFO - Exit backup verification: Passed
2026-09-08 09:25:47,306 - pms - INFO - AUDIT: User admin updated Pharmacy Branding (Name/Profile).
2026-09-08 10:05:15,391 - pms - INFO - Starting Pharmacy Management System backend...
2026-09-08 10:05:15,404 - pms - INFO - Verified notifications table in database.
2026-09-08 10:05:15,572 - pms - ERROR - Error checking backups in notification sync: 'BackupHistory' object has no attribute 'FileName'
2026-09-08 10:05:15,578 - pms - INFO - Completed startup system notifications synchronization.
2026-09-08 10:07:56,385 - pms - INFO - Database Backup Executed | Type: Automatic | File: ExitBackup_2026_09_08_100756.zip | Size: 11267 bytes | Status: Success
2026-09-08 10:07:57,604 - pms - INFO - Exit backup verification: Passed
2026-09-08 10:08:15,541 - pms - INFO - AUDIT: User admin updated Pharmacy Branding (Name/Profile).
2026-09-08 10:08:27,531 - pms - INFO - AUDIT: User admin updated Pharmacy Branding (Name/Profile).
2026-09-08 10:09:00,929 - pms - INFO - AUDIT: User admin updated Pharmacy Branding (Name/Profile).
2026-09-08 10:09:07,725 - pms - INFO - AUDIT: User admin updated Pharmacy Branding (Name/Profile).
2026-09-08 10:12:02,354 - pms - INFO - Database Backup Executed | Type: Automatic | File: ExitBackup_2026_09_08_101202.zip | Size: 11280 bytes | Status: Success
2026-09-08 10:12:02,379 - pms - INFO - Exit backup verification: Passed
2026-09-08 10:13:19,053 - pms - INFO - Database Backup Executed | Type: Automatic | File: ExitBackup_2026_09_08_101318.zip | Size: 11277 bytes | Status: Success
2026-09-08 10:13:19,085 - pms - INFO - Exit backup verification: Passed
2026-09-08 10:14:28,953 - pms - INFO - Database Backup Executed | Type: Automatic | File: ExitBackup_2026_09_08_101428.zip | Size: 11283 bytes | Status: Success
2026-09-08 10:14:28,968 - pms - INFO - Exit backup verification: Passed
2026-09-08 10:14:49,904 - pms - INFO - AUDIT: User admin updated Pharmacy Branding (Name/Profile).
2026-09-08 10:15:06,650 - pms - INFO - AUDIT: User admin updated Pharmacy Branding (Name/Profile).
2026-09-08 10:15:31,238 - pms - INFO - AUDIT: User admin updated Pharmacy Branding (Name/Profile).
2026-09-08 10:18:58,500 - pms - INFO - Database Backup Executed | Type: Automatic | File: ExitBackup_2026_09_08_101858.zip | Size: 11292 bytes | Status: Success
2026-09-08 10:18:58,518 - pms - INFO - Exit backup verification: Passed
2026-09-08 10:23:00,862 - pms - INFO - Database Backup Executed | Type: Automatic | File: ExitBackup_2026_09_08_102300.zip | Size: 11288 bytes | Status: Success
2026-09-08 10:23:00,877 - pms - INFO - Exit backup verification: Passed
2026-09-08 10:23:25,773 - pms - INFO - Backup-on-exit skipped: duplicate request within 60 s (last: ExitBackup_2026_09_08_102300.zip)
2026-09-08 10:23:33,708 - pms - INFO - AUDIT: User admin updated Pharmacy Branding (Name/Profile).
2026-09-08 10:23:37,448 - pms - INFO - AUDIT: User admin updated Pharmacy Branding (Name/Profile).
2026-09-08 10:23:55,388 - pms - INFO - AUDIT: User admin updated Pharmacy Branding (Name/Profile).
2026-09-08 10:23:55,479 - pms - INFO - AUDIT: User admin uploaded a new Receipt Logo.
2026-09-08 10:24:01,859 - pms - INFO - AUDIT: User admin updated Pharmacy Branding (Name/Profile).
2026-09-08 10:24:01,910 - pms - INFO - AUDIT: User admin uploaded a new Receipt Logo.
2026-09-08 10:24:09,138 - pms - INFO - AUDIT: User admin updated Pharmacy Branding (Name/Profile).
2026-09-08 10:24:09,184 - pms - INFO - AUDIT: User admin uploaded a new Receipt Logo.
2026-09-08 10:24:32,514 - pms - INFO - AUDIT: User admin updated Pharmacy Branding (Name/Profile).
2026-09-08 10:24:32,571 - pms - INFO - AUDIT: User admin uploaded a new Receipt Logo.
2026-09-08 10:26:30,632 - pms - INFO - AUDIT: User admin updated Pharmacy Branding (Name/Profile).
2026-09-08 10:26:30,694 - pms - INFO - AUDIT: User admin uploaded a new Receipt Logo.
2026-09-08 10:26:35,577 - pms - INFO - AUDIT: User admin updated Pharmacy Branding (Name/Profile).
2026-09-08 10:26:59,015 - pms - INFO - AUDIT: User admin updated Pharmacy Branding (Name/Profile).
2026-09-08 10:27:33,223 - pms - INFO - AUDIT: User admin updated Pharmacy Branding (Name/Profile).
2026-09-08 10:27:38,736 - pms - INFO - AUDIT: User admin updated Pharmacy Branding (Name/Profile).
2026-09-08 10:27:38,793 - pms - INFO - AUDIT: User admin uploaded a new Receipt Logo.
2026-09-08 10:29:35,875 - pms - INFO - Database Backup Executed | Type: Automatic | File: ExitBackup_2026_09_08_102935.zip | Size: 11292 bytes | Status: Success
2026-09-08 10:29:35,887 - pms - INFO - Exit backup verification: Passed
2026-09-08 10:30:19,367 - pms - INFO - Backup Settings Updated | User: admin | AutoBackup: True | BackupOnExit: True
2026-09-08 10:30:52,071 - pms - INFO - AUDIT: User admin updated Pharmacy Branding (Name/Profile).
2026-09-08 10:30:58,713 - pms - INFO - AUDIT: User admin updated Pharmacy Branding (Name/Profile).
2026-09-08 10:30:58,771 - pms - INFO - AUDIT: User admin uploaded a new Receipt Logo.
2026-09-08 10:31:07,061 - pms - INFO - AUDIT: User admin updated Pharmacy Branding (Name/Profile).
2026-09-08 10:31:14,680 - pms - INFO - AUDIT: User admin updated Pharmacy Branding (Name/Profile).
2026-09-08 10:31:14,723 - pms - INFO - AUDIT: User admin uploaded a new Receipt Logo.
2026-09-08 10:31:24,136 - pms - INFO - AUDIT: User admin updated Pharmacy Branding (Name/Profile).
2026-09-08 10:42:02,838 - pms - INFO - Database Backup Executed | Type: Automatic | File: ExitBackup_2026_09_08_104202.zip | Size: 11350 bytes | Status: Success
2026-09-08 10:42:02,853 - pms - INFO - Exit backup verification: Passed
2026-09-08 10:42:11,489 - pms - INFO - Backup-on-exit skipped: duplicate request within 60 s (last: ExitBackup_2026_09_08_104202.zip)
2026-09-08 10:44:09,497 - pms - INFO - Starting Pharmacy Management System backend...
2026-09-08 10:44:09,513 - pms - INFO - Verified notifications table in database.
2026-09-08 10:44:09,782 - pms - ERROR - Error checking backups in notification sync: 'BackupHistory' object has no attribute 'FileName'
2026-09-08 10:44:09,795 - pms - INFO - Completed startup system notifications synchronization.
2026-09-08 10:47:07,313 - pms - INFO - Database Backup Executed | Type: Automatic | File: ExitBackup_2026_09_08_104707.zip | Size: 11401 bytes | Status: Success
2026-09-08 10:47:08,019 - pms - INFO - Exit backup verification: Passed
2026-09-08 10:50:22,909 - pms - INFO - Database Backup Executed | Type: Automatic | File: ExitBackup_2026_09_08_105022.zip | Size: 11513 bytes | Status: Success
2026-09-08 10:50:22,926 - pms - INFO - Exit backup verification: Passed
2026-09-08 10:50:41,612 - pms - INFO - Backup-on-exit skipped: duplicate request within 60 s (last: ExitBackup_2026_09_08_105022.zip)
2026-09-08 10:53:39,888 - pms - INFO - AUDIT: User admin updated Pharmacy Branding (Name/Profile).
2026-09-08 10:53:39,935 - pms - INFO - AUDIT: User admin uploaded a new Pharmacy Logo.
2026-09-08 10:59:47,602 - pms - INFO - Database Backup Executed | Type: Automatic | File: ExitBackup_2026_09_08_105947.zip | Size: 11640 bytes | Status: Success
2026-09-08 10:59:47,620 - pms - INFO - Exit backup verification: Passed
2026-09-08 11:00:05,376 - pms - INFO - Backup-on-exit skipped: duplicate request within 60 s (last: ExitBackup_2026_09_08_105947.zip)
2026-09-08 11:00:25,767 - pms - INFO - Backup-on-exit skipped: duplicate request within 60 s (last: ExitBackup_2026_09_08_105947.zip)
2026-09-08 11:07:14,837 - pms - INFO - Database Backup Executed | Type: Automatic | File: ExitBackup_2026_09_08_110714.zip | Size: 11721 bytes | Status: Success
2026-09-08 11:07:14,852 - pms - INFO - Exit backup verification: Passed
2026-09-08 11:12:45,175 - pms - INFO - Database Backup Executed | Type: Automatic | File: ExitBackup_2026_09_08_111245.zip | Size: 11778 bytes | Status: Success
2026-09-08 11:12:45,190 - pms - INFO - Exit backup verification: Passed
2026-09-08 11:14:07,282 - pms - INFO - Database Backup Executed | Type: Automatic | File: ExitBackup_2026_09_08_111407.zip | Size: 11786 bytes | Status: Success
2026-09-08 11:14:07,300 - pms - INFO - Exit backup verification: Passed
2026-09-08 11:17:21,392 - pms - INFO - Database Backup Executed | Type: Automatic | File: ExitBackup_2026_09_08_111721.zip | Size: 11780 bytes | Status: Success
2026-09-08 11:17:21,406 - pms - INFO - Exit backup verification: Passed
2026-09-08 11:18:59,226 - pms - INFO - Database Backup Executed | Type: Automatic | File: ExitBackup_2026_09_08_111859.zip | Size: 11782 bytes | Status: Success
2026-09-08 11:18:59,238 - pms - INFO - Exit backup verification: Passed
2026-09-08 11:24:05,565 - pms - INFO - Starting Pharmacy Management System backend...
2026-09-08 11:24:05,631 - pms - INFO - Verified notifications table in database.
2026-09-08 11:24:06,080 - pms - ERROR - Error checking backups in notification sync: 'BackupHistory' object has no attribute 'FileName'
2026-09-08 11:24:06,096 - pms - INFO - Completed startup system notifications synchronization.
2026-09-08 11:24:44,064 - pms - INFO - AUDIT: User admin updated Pharmacy Branding (Name/Profile).
2026-09-08 11:24:53,008 - pms - INFO - AUDIT: User admin updated Pharmacy Branding (Name/Profile).
2026-09-08 11:24:59,412 - pms - INFO - AUDIT: User admin updated Pharmacy Branding (Name/Profile).
2026-09-08 11:26:02,730 - pms - INFO - Starting Pharmacy Management System backend...
2026-09-08 11:26:02,780 - pms - INFO - Verified notifications table in database.
2026-09-08 11:26:03,305 - pms - ERROR - Error checking backups in notification sync: 'BackupHistory' object has no attribute 'FileName'
2026-09-08 11:26:03,319 - pms - INFO - Completed startup system notifications synchronization.
2026-09-08 11:26:54,854 - pms - INFO - AUDIT: User admin updated Pharmacy Branding (Name/Profile).
2026-09-08 11:27:07,494 - pms - INFO - AUDIT: User admin updated Pharmacy Branding (Name/Profile).
2026-09-08 11:29:46,120 - pms - INFO - Database Backup Executed | Type: Automatic | File: ExitBackup_2026_09_08_112946.zip | Size: 11669 bytes | Status: Success
2026-09-08 11:29:46,818 - pms - INFO - Exit backup verification: Passed
2026-09-08 11:30:14,515 - pms - INFO - AUDIT: User admin updated Pharmacy Branding (Name/Profile).
2026-09-08 11:30:39,001 - pms - INFO - AUDIT: User admin updated Pharmacy Branding (Name/Profile).
2026-09-08 11:31:51,103 - pms - INFO - Database Backup Executed | Type: Automatic | File: ExitBackup_2026_09_08_113151.zip | Size: 11674 bytes | Status: Success
2026-09-08 11:31:51,118 - pms - INFO - Exit backup verification: Passed
2026-09-08 11:32:42,677 - pms - INFO - Backup-on-exit skipped: duplicate request within 60 s (last: ExitBackup_2026_09_08_113151.zip)
2026-09-08 11:33:07,181 - pms - INFO - AUDIT: User admin updated Pharmacy Branding (Name/Profile).
2026-09-08 12:50:53,601 - pms - INFO - AUDIT: [SCREEN_LOCKED] Screen automatically locked due to inactivity (User: admin)
2026-09-08 12:51:37,597 - pms - INFO - Database Backup Executed | Type: Automatic | File: ExitBackup_2026_09_08_125137.zip | Size: 11674 bytes | Status: Success
2026-09-08 12:51:37,632 - pms - INFO - Exit backup verification: Passed
2026-09-08 12:51:43,360 - pms - INFO - AUDIT: [SCREEN_UNLOCKED] Screen unlocked successfully by user (User: admin)
2026-09-08 12:51:46,162 - pms - INFO - Backup-on-exit skipped: duplicate request within 60 s (last: ExitBackup_2026_09_08_125137.zip)
2026-09-08 12:52:20,004 - pms - INFO - Backup-on-exit skipped: duplicate request within 60 s (last: ExitBackup_2026_09_08_125137.zip)
2026-09-08 12:55:14,779 - pms - INFO - Database Backup Executed | Type: Automatic | File: ExitBackup_2026_09_08_125514.zip | Size: 11731 bytes | Status: Success
2026-09-08 12:55:14,803 - pms - INFO - Exit backup verification: Passed
2026-09-08 12:57:32,799 - pms - INFO - Database Backup Executed | Type: Automatic | File: ExitBackup_2026_09_08_125732.zip | Size: 11881 bytes | Status: Success
2026-09-08 12:57:32,823 - pms - INFO - Exit backup verification: Passed
2026-09-08 12:58:43,229 - pms - INFO - Database Backup Executed | Type: Automatic | File: ExitBackup_2026_09_08_125843.zip | Size: 11958 bytes | Status: Success
2026-09-08 12:58:43,256 - pms - INFO - Exit backup verification: Passed
2026-09-08 13:04:44,440 - pms - INFO - Database Backup Executed | Type: Automatic | File: ExitBackup_2026_09_08_130444.zip | Size: 11957 bytes | Status: Success
2026-09-08 13:04:44,469 - pms - INFO - Exit backup verification: Passed
2026-09-08 13:09:05,496 - pms - INFO - Database Backup Executed | Type: Automatic | File: ExitBackup_2026_09_08_130905.zip | Size: 11951 bytes | Status: Success
2026-09-08 13:09:05,525 - pms - INFO - Exit backup verification: Passed
2026-09-08 13:09:52,606 - pms - INFO - Backup-on-exit skipped: duplicate request within 60 s (last: ExitBackup_2026_09_08_130905.zip)
2026-09-08 13:10:42,087 - pms - INFO - Database Backup Executed | Type: Automatic | File: ExitBackup_2026_09_08_131042.zip | Size: 11951 bytes | Status: Success
2026-09-08 13:10:42,118 - pms - INFO - Exit backup verification: Passed
2026-09-08 13:14:18,266 - pms - INFO - Database Backup Executed | Type: Automatic | File: ExitBackup_2026_09_08_131418.zip | Size: 11953 bytes | Status: Success
2026-09-08 13:14:18,309 - pms - INFO - Exit backup verification: Passed
2026-09-08 13:23:48,658 - pms - ERROR - Database Backup Failed | Type: Automatic | Name: ExitBackup_2026_09_08_132348 | Error: [WinError 32] The process cannot access the file because it is being used by another process: 'E:\\PMS Backup\\ExitBackup_2026_09_08_132348.sqlite'
2026-09-08 13:23:48,797 - pms - INFO - Backup-on-exit skipped: duplicate request within 60 s (last: ExitBackup_2026_09_08_132348)
2026-09-08 13:23:48,802 - pms - INFO - Backup-on-exit skipped: duplicate request within 60 s (last: ExitBackup_2026_09_08_132348)
2026-09-08 13:23:48,810 - pms - INFO - Backup-on-exit skipped: duplicate request within 60 s (last: ExitBackup_2026_09_08_132348)
2026-09-08 13:23:48,811 - pms - INFO - Backup-on-exit skipped: duplicate request within 60 s (last: ExitBackup_2026_09_08_132348)
2026-09-08 13:23:48,832 - pms - INFO - Backup-on-exit skipped: duplicate request within 60 s (last: ExitBackup_2026_09_08_132348)
2026-09-08 13:23:48,857 - pms - INFO - Database Backup Executed | Type: Automatic | File: ExitBackup_2026_09_08_132348.zip | Size: 11956 bytes | Status: Success
2026-09-08 13:23:48,881 - pms - INFO - Backup-on-exit skipped: duplicate request within 60 s (last: ExitBackup_2026_09_08_132348)
2026-09-08 13:23:48,908 - pms - INFO - Exit backup verification: Passed
2026-09-08 13:23:52,009 - pms - INFO - Backup-on-exit skipped: duplicate request within 60 s (last: ExitBackup_2026_09_08_132348)
2026-09-08 13:23:52,050 - pms - INFO - Backup-on-exit skipped: duplicate request within 60 s (last: ExitBackup_2026_09_08_132348)
2026-09-08 13:23:52,225 - pms - INFO - Backup-on-exit skipped: duplicate request within 60 s (last: ExitBackup_2026_09_08_132348)
2026-09-08 13:23:52,232 - pms - INFO - Backup-on-exit skipped: duplicate request within 60 s (last: ExitBackup_2026_09_08_132348)
2026-09-08 13:23:52,241 - pms - INFO - Backup-on-exit skipped: duplicate request within 60 s (last: ExitBackup_2026_09_08_132348)
2026-09-08 13:23:52,255 - pms - INFO - Backup-on-exit skipped: duplicate request within 60 s (last: ExitBackup_2026_09_08_132348)
2026-09-08 13:23:52,255 - pms - INFO - Backup-on-exit skipped: duplicate request within 60 s (last: ExitBackup_2026_09_08_132348)
2026-09-08 13:23:52,258 - pms - INFO - Backup-on-exit skipped: duplicate request within 60 s (last: ExitBackup_2026_09_08_132348)
2026-09-08 13:23:52,292 - pms - INFO - Backup-on-exit skipped: duplicate request within 60 s (last: ExitBackup_2026_09_08_132348)
2026-09-08 13:23:52,293 - pms - INFO - Backup-on-exit skipped: duplicate request within 60 s (last: ExitBackup_2026_09_08_132348)
2026-09-08 13:28:12,517 - pms - INFO - Database Backup Executed | Type: Automatic | File: ExitBackup_2026_09_08_132812.zip | Size: 11991 bytes | Status: Success
2026-09-08 13:28:12,530 - pms - INFO - Exit backup verification: Passed
2026-09-08 13:34:08,710 - pms - INFO - Database Backup Executed | Type: Automatic | File: ExitBackup_2026_09_08_133408.zip | Size: 11991 bytes | Status: Success
2026-09-08 13:34:08,727 - pms - INFO - Exit backup verification: Passed
2026-09-08 13:34:26,672 - pms - INFO - Backup-on-exit skipped: duplicate request within 60 s (last: ExitBackup_2026_09_08_133408.zip)
2026-09-08 13:34:34,535 - pms - INFO - Backup-on-exit skipped: duplicate request within 60 s (last: ExitBackup_2026_09_08_133408.zip)
2026-09-08 13:54:43,791 - pms - INFO - Starting Pharmacy Management System backend...
2026-09-08 13:54:43,801 - pms - INFO - Verified notifications table in database.
2026-09-08 13:54:44,048 - pms - ERROR - Error checking backups in notification sync: 'BackupHistory' object has no attribute 'FileName'
2026-09-08 13:54:44,092 - pms - INFO - Completed startup system notifications synchronization.
2026-09-08 13:57:02,526 - pms - INFO - Database Backup Executed | Type: Automatic | File: ExitBackup_2026_09_08_135702.zip | Size: 12222 bytes | Status: Success
2026-09-08 13:57:03,276 - pms - INFO - Exit backup verification: Passed
2026-09-08 13:58:19,800 - pms - INFO - Database Backup Executed | Type: Automatic | File: ExitBackup_2026_09_08_135819.zip | Size: 12229 bytes | Status: Success
2026-09-08 13:58:19,816 - pms - INFO - Exit backup verification: Passed
2026-09-08 14:00:10,953 - pms - INFO - Database Backup Executed | Type: Automatic | File: ExitBackup_2026_09_08_140010.zip | Size: 12233 bytes | Status: Success
2026-09-08 14:00:10,967 - pms - INFO - Exit backup verification: Passed
2026-09-08 14:30:56,257 - pms - INFO - Starting Pharmacy Management System backend...
2026-09-08 14:30:56,277 - pms - INFO - Verified notifications table in database.
2026-09-08 14:30:56,608 - pms - ERROR - Error checking backups in notification sync: 'BackupHistory' object has no attribute 'FileName'
2026-09-08 14:30:56,636 - pms - INFO - Completed startup system notifications synchronization.
2026-09-08 14:33:55,065 - pms - INFO - Database Backup Executed | Type: Automatic | File: ExitBackup_2026_09_08_143354.zip | Size: 12236 bytes | Status: Success
2026-09-08 14:33:55,566 - pms - INFO - Exit backup verification: Passed
2026-09-08 14:43:09,724 - pms - INFO - Database Backup Executed | Type: Automatic | File: ExitBackup_2026_09_08_144309.zip | Size: 12238 bytes | Status: Success
2026-09-08 14:43:09,755 - pms - INFO - Exit backup verification: Passed
2026-09-08 14:43:16,393 - pms - INFO - Backup-on-exit skipped: duplicate request within 60 s (last: ExitBackup_2026_09_08_144309.zip)
2026-09-08 14:44:06,851 - pms - INFO - Backup-on-exit skipped: duplicate request within 60 s (last: ExitBackup_2026_09_08_144309.zip)
2026-09-08 14:46:57,042 - pms - INFO - Database Backup Executed | Type: Automatic | File: ExitBackup_2026_09_08_144656.zip | Size: 12342 bytes | Status: Success
2026-09-08 14:46:57,072 - pms - INFO - Exit backup verification: Passed
2026-09-08 14:48:11,811 - pms - INFO - Database Backup Executed | Type: Automatic | File: ExitBackup_2026_09_08_144811.zip | Size: 12371 bytes | Status: Success
2026-09-08 14:48:11,843 - pms - INFO - Exit backup verification: Passed
2026-09-08 14:49:05,034 - pms - INFO - Backup-on-exit skipped: duplicate request within 60 s (last: ExitBackup_2026_09_08_144811.zip)
2026-09-08 14:49:15,022 - pms - INFO - Database Backup Executed | Type: Automatic | File: ExitBackup_2026_09_08_144914.zip | Size: 12407 bytes | Status: Success
2026-09-08 14:49:15,049 - pms - INFO - Exit backup verification: Passed
2026-09-08 14:51:46,674 - pms - INFO - Database Backup Executed | Type: Automatic | File: ExitBackup_2026_09_08_145146.zip | Size: 12403 bytes | Status: Success
2026-09-08 14:51:46,701 - pms - INFO - Exit backup verification: Passed
2026-09-08 14:52:22,531 - pms - INFO - Backup-on-exit skipped: duplicate request within 60 s (last: ExitBackup_2026_09_08_145146.zip)
2026-09-08 14:55:53,668 - pms - INFO - Database Backup Executed | Type: Automatic | File: ExitBackup_2026_09_08_145553.zip | Size: 12434 bytes | Status: Success
2026-09-08 14:55:53,699 - pms - INFO - Exit backup verification: Passed
2026-09-08 16:20:37,659 - pms - INFO - Starting Pharmacy Management System backend...
2026-09-08 16:20:37,689 - pms - INFO - Verified notifications table in database.
2026-09-08 16:20:37,956 - pms - ERROR - Error checking backups in notification sync: 'BackupHistory' object has no attribute 'FileName'
2026-09-08 16:20:37,962 - pms - INFO - Completed startup system notifications synchronization.
2026-09-08 16:33:04,851 - pms - INFO - Database Backup Executed | Type: Automatic | File: ExitBackup_2026_09_08_163304.zip | Size: 12433 bytes | Status: Success
2026-09-08 16:33:05,579 - pms - INFO - Exit backup verification: Passed
2026-09-08 17:02:29,725 - pms - INFO - Database Backup Executed | Type: Automatic | File: ExitBackup_2026_09_08_170229.zip | Size: 12503 bytes | Status: Success
2026-09-08 17:02:29,753 - pms - INFO - Exit backup verification: Passed
2026-09-08 17:02:34,601 - pms - INFO - Backup-on-exit skipped: duplicate request within 60 s (last: ExitBackup_2026_09_08_170229.zip)
2026-09-08 17:03:42,461 - pms - INFO - Database Backup Executed | Type: Automatic | File: ExitBackup_2026_09_08_170342.zip | Size: 12508 bytes | Status: Success
2026-09-08 17:03:42,477 - pms - INFO - Exit backup verification: Passed
2026-09-08 17:17:25,650 - pms - INFO - Database Backup Executed | Type: Automatic | File: ExitBackup_2026_09_08_171725.zip | Size: 12513 bytes | Status: Success
2026-09-08 17:17:25,669 - pms - INFO - Exit backup verification: Passed
2026-09-08 17:21:54,357 - pms - INFO - Database Backup Executed | Type: Automatic | File: ExitBackup_2026_09_08_172154.zip | Size: 12517 bytes | Status: Success
2026-09-08 17:21:54,376 - pms - INFO - Exit backup verification: Passed
2026-09-08 17:22:15,104 - pms - INFO - Backup-on-exit skipped: duplicate request within 60 s (last: ExitBackup_2026_09_08_172154.zip)
2026-09-08 17:25:07,888 - pms - INFO - Database Backup Executed | Type: Automatic | File: ExitBackup_2026_09_08_172507.zip | Size: 12519 bytes | Status: Success
2026-09-08 17:25:07,910 - pms - INFO - Exit backup verification: Passed
2026-09-08 17:41:30,586 - pms - INFO - Starting Pharmacy Management System backend...
2026-09-08 17:41:30,593 - pms - INFO - Verified notifications table in database.
2026-09-08 17:41:30,746 - pms - ERROR - Error checking backups in notification sync: 'BackupHistory' object has no attribute 'FileName'
2026-09-08 17:41:30,752 - pms - INFO - Completed startup system notifications synchronization.
2026-09-08 17:41:57,636 - pms - INFO - Starting Pharmacy Management System backend...
2026-09-08 17:41:57,647 - pms - INFO - Verified notifications table in database.
2026-09-08 17:41:58,191 - pms - ERROR - Error checking backups in notification sync: 'BackupHistory' object has no attribute 'FileName'
2026-09-08 17:41:58,237 - pms - INFO - Completed startup system notifications synchronization.
2026-09-08 18:22:22,996 - pms - INFO - AUDIT: [SCREEN_LOCKED] Screen automatically locked due to inactivity (User: admin)
2026-09-08 19:43:46,456 - pms - INFO - AUDIT: [SCREEN_UNLOCKED] Screen unlocked successfully by user (User: admin)
2026-09-08 19:43:50,167 - pms - INFO - Database Backup Executed | Type: Automatic | File: ExitBackup_2026_09_08_194350.zip | Size: 12514 bytes | Status: Success
2026-09-08 19:43:50,945 - pms - INFO - Exit backup verification: Passed
2026-09-08 20:22:25,717 - pms - INFO - Database Backup Executed | Type: Automatic | File: ExitBackup_2026_09_08_202225.zip | Size: 12514 bytes | Status: Success
2026-09-08 20:22:25,740 - pms - INFO - Exit backup verification: Passed
2026-09-08 20:22:34,499 - pms - INFO - Backup-on-exit skipped: duplicate request within 60 s (last: ExitBackup_2026_09_08_202225.zip)
2026-09-08 20:26:42,456 - pms - INFO - Starting Pharmacy Management System backend...
2026-09-08 20:26:42,491 - pms - INFO - Verified notifications table in database.
2026-09-08 20:26:43,147 - pms - ERROR - Error checking backups in notification sync: 'BackupHistory' object has no attribute 'FileName'
2026-09-08 20:26:43,160 - pms - INFO - Completed startup system notifications synchronization.
2026-09-08 20:27:19,691 - pms - INFO - Database Backup Executed | Type: Automatic | File: ExitBackup_2026_09_08_202719.zip | Size: 12511 bytes | Status: Success
2026-09-08 20:27:20,957 - pms - INFO - Exit backup verification: Passed
2026-09-08 20:27:44,221 - pms - INFO - Starting Pharmacy Management System backend...
2026-09-08 20:27:44,310 - pms - INFO - Verified notifications table in database.
2026-09-08 20:27:44,670 - pms - ERROR - Error checking backups in notification sync: 'BackupHistory' object has no attribute 'FileName'
2026-09-08 20:27:44,677 - pms - INFO - Completed startup system notifications synchronization.
2026-09-08 22:29:58,664 - pms - INFO - AUDIT: [SCREEN_LOCKED] Screen automatically locked due to inactivity (User: admin)
2026-09-08 22:30:47,134 - pms - ERROR - PMSException caught: Incorrect username or password (status: 401) | Path: /api/v1/auth/login
2026-09-08 22:31:12,185 - pms - INFO - Database Backup Executed | Type: Automatic | File: ExitBackup_2026_09_08_223112.zip | Size: 12516 bytes | Status: Success
2026-09-08 22:31:12,900 - pms - INFO - Exit backup verification: Passed
2026-09-08 22:32:00,595 - pms - INFO - Backup-on-exit skipped: duplicate request within 60 s (last: ExitBackup_2026_09_08_223112.zip)
2026-09-08 22:32:05,841 - pms - INFO - AUDIT: [SCREEN_UNLOCKED] Screen unlocked successfully by user (User: admin)
2026-09-08 22:32:09,425 - pms - INFO - Backup-on-exit skipped: duplicate request within 60 s (last: ExitBackup_2026_09_08_223112.zip)
2026-09-08 22:42:44,810 - pms - INFO - Database Backup Executed | Type: Automatic | File: ExitBackup_2026_09_08_224244.zip | Size: 12519 bytes | Status: Success
2026-09-08 22:42:44,831 - pms - INFO - Exit backup verification: Passed
2026-09-08 22:43:17,671 - pms - INFO - Backup-on-exit skipped: duplicate request within 60 s (last: ExitBackup_2026_09_08_224244.zip)
2026-09-08 22:43:20,341 - pms - INFO - Backup-on-exit skipped: duplicate request within 60 s (last: ExitBackup_2026_09_08_224244.zip)
2026-09-08 23:03:24,617 - pms - INFO - Starting Pharmacy Management System backend...
2026-09-08 23:03:24,624 - pms - INFO - Verified notifications table in database.
2026-09-08 23:03:24,759 - pms - ERROR - Error checking backups in notification sync: 'BackupHistory' object has no attribute 'FileName'
2026-09-08 23:03:24,763 - pms - INFO - Completed startup system notifications synchronization.
2026-09-08 23:04:01,373 - pms - INFO - Database Backup Executed | Type: Automatic | File: ExitBackup_2026_09_08_230401.zip | Size: 12518 bytes | Status: Success
2026-09-08 23:04:01,857 - pms - INFO - Exit backup verification: Passed
2026-09-08 23:05:12,356 - pms - INFO - Database Backup Executed | Type: Automatic | File: ExitBackup_2026_09_08_230512.zip | Size: 12529 bytes | Status: Success
2026-09-08 23:05:12,373 - pms - INFO - Exit backup verification: Passed
2026-09-08 23:05:25,623 - pms - INFO - Backup-on-exit skipped: duplicate request within 60 s (last: ExitBackup_2026_09_08_230512.zip)
2026-09-08 23:05:28,775 - pms - INFO - Backup-on-exit skipped: duplicate request within 60 s (last: ExitBackup_2026_09_08_230512.zip)
2026-09-08 23:05:45,565 - pms - ERROR - Error checking backups in notification sync: 'BackupHistory' object has no attribute 'FileName'
2026-09-08 23:06:04,755 - pms - INFO - Backup-on-exit skipped: duplicate request within 60 s (last: ExitBackup_2026_09_08_230512.zip)
2026-09-08 23:42:22,036 - pms - INFO - Starting Pharmacy Management System backend...
2026-09-08 23:42:22,050 - pms - INFO - Verified notifications table in database.
2026-09-08 23:42:22,433 - pms - ERROR - Error checking backups in notification sync: 'BackupHistory' object has no attribute 'FileName'
2026-09-08 23:42:22,446 - pms - INFO - Completed startup system notifications synchronization.
2026-09-08 23:47:31,535 - pms - INFO - Starting Pharmacy Management System backend...
2026-09-08 23:47:31,545 - pms - INFO - Verified notifications table in database.
2026-09-08 23:47:31,781 - pms - ERROR - Error checking backups in notification sync: 'BackupHistory' object has no attribute 'FileName'
2026-09-08 23:47:31,810 - pms - INFO - Completed startup system notifications synchronization.
2026-09-08 23:48:28,869 - pms - INFO - Starting Pharmacy Management System backend...
2026-09-08 23:48:28,884 - pms - INFO - Verified notifications table in database.
2026-09-08 23:48:29,036 - pms - ERROR - Error checking backups in notification sync: 'BackupHistory' object has no attribute 'FileName'
2026-09-08 23:48:29,045 - pms - INFO - Completed startup system notifications synchronization.
2026-09-08 23:56:25,963 - pms - INFO - Database Backup Executed | Type: Automatic | File: ExitBackup_2026_09_08_235625.zip | Size: 12527 bytes | Status: Success
2026-09-08 23:56:26,615 - pms - INFO - Exit backup verification: Passed
2026-09-09 07:11:56,228 - pms - INFO - Database Backup Executed | Type: Automatic | File: ExitBackup_2026_09_09_071156.zip | Size: 12523 bytes | Status: Success
2026-09-09 07:11:56,263 - pms - INFO - Exit backup verification: Passed
2026-09-09 07:12:18,934 - pms - INFO - Backup-on-exit skipped: duplicate request within 60 s (last: ExitBackup_2026_09_09_071156.zip)
2026-09-09 07:12:20,956 - pms - INFO - Backup-on-exit skipped: duplicate request within 60 s (last: ExitBackup_2026_09_09_071156.zip)
2026-09-09 09:11:34,957 - pms - INFO - Starting Pharmacy Management System backend...
2026-09-09 09:11:34,983 - pms - INFO - Verified notifications table in database.
2026-09-09 09:11:35,149 - pms - ERROR - Error checking backups in notification sync: 'BackupHistory' object has no attribute 'FileName'
2026-09-09 09:11:35,154 - pms - INFO - Completed startup system notifications synchronization.
2026-09-09 09:30:36,897 - pms - INFO - Database Backup Executed | Type: Automatic | File: ExitBackup_2026_09_09_093036.zip | Size: 12525 bytes | Status: Success
2026-09-09 09:30:37,431 - pms - INFO - Exit backup verification: Passed
2026-09-09 09:31:14,305 - pms - INFO - AUDIT: User admin updated Pharmacy Branding (Name/Profile).
2026-09-09 09:31:14,382 - pms - INFO - AUDIT: User admin uploaded a new Pharmacy Logo.
2026-09-09 09:31:19,664 - pms - INFO - Backup-on-exit skipped: duplicate request within 60 s (last: ExitBackup_2026_09_09_093036.zip)
2026-09-09 09:34:06,328 - pms - INFO - Database Backup Executed | Type: Automatic | File: ExitBackup_2026_09_09_093406.zip | Size: 12529 bytes | Status: Success
2026-09-09 09:34:06,345 - pms - INFO - Exit backup verification: Passed
2026-09-09 09:34:28,925 - pms - INFO - AUDIT: User admin updated General Settings (Login Page Branding).
2026-09-09 09:34:31,225 - pms - INFO - Backup-on-exit skipped: duplicate request within 60 s (last: ExitBackup_2026_09_09_093406.zip)
2026-09-09 09:35:27,551 - pms - INFO - AUDIT: User admin updated General Settings (Login Page Branding).
2026-09-09 09:35:35,840 - pms - INFO - Database Backup Executed | Type: Automatic | File: ExitBackup_2026_09_09_093535.zip | Size: 12543 bytes | Status: Success
2026-09-09 09:35:35,857 - pms - INFO - Exit backup verification: Passed
2026-09-09 09:37:24,412 - pms - INFO - Database Backup Executed | Type: Automatic | File: ExitBackup_2026_09_09_093724.zip | Size: 12539 bytes | Status: Success
2026-09-09 09:37:24,426 - pms - INFO - Exit backup verification: Passed
2026-09-09 09:45:03,249 - pms - INFO - Database Backup Executed | Type: Automatic | File: ExitBackup_2026_09_09_094503.zip | Size: 12538 bytes | Status: Success
2026-09-09 09:45:03,265 - pms - INFO - Exit backup verification: Passed
2026-09-09 09:52:45,496 - pms - INFO - Database Backup Executed | Type: Automatic | File: ExitBackup_2026_09_09_095245.zip | Size: 12539 bytes | Status: Success
2026-09-09 09:52:45,514 - pms - INFO - Exit backup verification: Passed
2026-09-09 09:56:24,916 - pms - INFO - Database Backup Executed | Type: Automatic | File: ExitBackup_2026_09_09_095624.zip | Size: 12529 bytes | Status: Success
2026-09-09 09:56:24,934 - pms - INFO - Exit backup verification: Passed
2026-09-09 09:56:26,527 - pms - INFO - Backup-on-exit skipped: duplicate request within 60 s (last: ExitBackup_2026_09_09_095624.zip)
2026-09-09 10:26:12,477 - pms - INFO - Starting Pharmacy Management System backend...
2026-09-09 10:26:12,488 - pms - INFO - Verified notifications table in database.
2026-09-09 10:26:12,650 - pms - ERROR - Error checking backups in notification sync: 'BackupHistory' object has no attribute 'FileName'
2026-09-09 10:26:12,657 - pms - INFO - Completed startup system notifications synchronization.
2026-09-09 10:26:52,912 - pms - INFO - Database Backup Executed | Type: Automatic | File: ExitBackup_2026_09_09_102652.zip | Size: 12517 bytes | Status: Success
2026-09-09 10:26:53,354 - pms - INFO - Exit backup verification: Passed
2026-09-09 10:57:18,119 - pms - INFO - Database Backup Executed | Type: Automatic | File: ExitBackup_2026_09_09_105717.zip | Size: 12530 bytes | Status: Success
2026-09-09 10:57:18,226 - pms - INFO - Exit backup verification: Passed
2026-09-09 11:03:48,665 - pms - INFO - Database Backup Executed | Type: Automatic | File: ExitBackup_2026_09_09_110348.zip | Size: 12536 bytes | Status: Success
2026-09-09 11:03:48,689 - pms - INFO - Exit backup verification: Passed
2026-09-09 11:04:40,892 - pms - INFO - Backup-on-exit skipped: duplicate request within 60 s (last: ExitBackup_2026_09_09_110348.zip)
2026-09-09 11:18:20,226 - pms - INFO - Starting Pharmacy Management System backend...
2026-09-09 11:18:20,285 - pms - INFO - Verified notifications table in database.
2026-09-09 11:18:20,977 - pms - ERROR - Error checking backups in notification sync: 'BackupHistory' object has no attribute 'FileName'
2026-09-09 11:18:20,993 - pms - INFO - Completed startup system notifications synchronization.
2026-09-09 11:18:45,470 - pms - ERROR - Unhandled Exception caught: 'SalesReportSummary' object has no attribute 'ProfitMargin' | Path: /api/v1/reports/sales/export/pdf
NoneType: None
2026-09-09 11:18:52,410 - pms - INFO - Database Backup Executed | Type: Automatic | File: ExitBackup_2026_09_09_111852.zip | Size: 12537 bytes | Status: Success
2026-09-09 11:18:52,987 - pms - INFO - Exit backup verification: Passed
2026-09-09 11:18:57,967 - pms - ERROR - Unhandled Exception caught: 'SalesReportSummary' object has no attribute 'ProfitMargin' | Path: /api/v1/reports/sales/export/pdf
NoneType: None
2026-09-09 11:19:20,311 - pms - INFO - Starting Pharmacy Management System backend...
2026-09-09 11:19:20,322 - pms - INFO - Verified notifications table in database.
2026-09-09 11:19:20,500 - pms - ERROR - Error checking backups in notification sync: 'BackupHistory' object has no attribute 'FileName'
2026-09-09 11:19:20,508 - pms - INFO - Completed startup system notifications synchronization.
2026-09-09 11:19:24,814 - pms - INFO - Backup-on-exit skipped: duplicate request within 60 s (last: ExitBackup_2026_09_09_111852.zip)
2026-09-09 11:19:30,992 - pms - ERROR - Unhandled Exception caught: 'SalesReportSummary' object has no attribute 'ProfitMargin' | Path: /api/v1/reports/sales/export/pdf
NoneType: None
2026-09-09 11:19:57,972 - pms - ERROR - Unhandled Exception caught: name 'build_premium_header' is not defined | Path: /api/v1/reports/inventory/export/pdf
NoneType: None
2026-09-09 11:20:02,972 - pms - ERROR - Unhandled Exception caught: name 'build_premium_header' is not defined | Path: /api/v1/reports/medicine/export/pdf
NoneType: None
2026-09-09 11:20:06,527 - pms - ERROR - Unhandled Exception caught: name 'build_premium_header' is not defined | Path: /api/v1/reports/financial/export/pdf
NoneType: None
2026-09-09 11:20:27,332 - pms - ERROR - Unhandled Exception caught: name 'build_premium_header' is not defined | Path: /api/v1/reports/financial/export/pdf
NoneType: None
2026-09-09 11:21:38,543 - pms - INFO - Database Backup Executed | Type: Automatic | File: ExitBackup_2026_09_09_112138.zip | Size: 12545 bytes | Status: Success
2026-09-09 11:21:39,200 - pms - INFO - Exit backup verification: Passed
2026-09-09 11:22:45,937 - pms - ERROR - Unhandled Exception caught: 'SalesReportSummary' object has no attribute 'ProfitMargin' | Path: /api/v1/reports/sales/export/pdf
NoneType: None
2026-09-09 11:23:15,295 - pms - ERROR - Unhandled Exception caught: 'SalesReportSummary' object has no attribute 'ProfitMargin' | Path: /api/v1/reports/sales/export/pdf
NoneType: None
2026-09-09 11:23:28,099 - pms - ERROR - Unhandled Exception caught: name 'build_premium_header' is not defined | Path: /api/v1/reports/inventory/export/pdf
NoneType: None
2026-09-09 11:32:09,461 - pms - INFO - Starting Pharmacy Management System backend...
2026-09-09 11:32:09,469 - pms - INFO - Verified notifications table in database.
2026-09-09 11:32:09,663 - pms - ERROR - Error checking backups in notification sync: 'BackupHistory' object has no attribute 'FileName'
2026-09-09 11:32:09,681 - pms - INFO - Completed startup system notifications synchronization.
2026-09-09 11:49:04,856 - pms - INFO - Starting Pharmacy Management System backend...
2026-09-09 11:49:04,872 - pms - INFO - Verified notifications table in database.
2026-09-09 11:49:05,118 - pms - ERROR - Error checking backups in notification sync: 'BackupHistory' object has no attribute 'FileName'
2026-09-09 11:49:05,156 - pms - INFO - Completed startup system notifications synchronization.
2026-09-09 11:49:18,563 - pms - INFO - Database Backup Executed | Type: Automatic | File: ExitBackup_2026_09_09_114918.zip | Size: 12541 bytes | Status: Success
2026-09-09 11:49:19,164 - pms - INFO - Exit backup verification: Passed
2026-09-09 12:08:16,441 - pms - INFO - Database Backup Executed | Type: Automatic | File: ExitBackup_2026_09_09_120816.zip | Size: 12712 bytes | Status: Success
2026-09-09 12:08:16,491 - pms - INFO - Exit backup verification: Passed
2026-09-09 13:39:37,556 - pms - INFO - AUDIT: [SCREEN_LOCKED] Screen automatically locked due to inactivity (User: admin)
2026-09-09 13:59:09,218 - httpx - INFO - HTTP Request: POST http://testserver/api/v1/auth/login "HTTP/1.1 200 OK"
2026-09-09 13:59:09,390 - httpx - INFO - HTTP Request: POST http://testserver/api/v1/auth/login "HTTP/1.1 200 OK"
2026-09-09 13:59:09,714 - httpx - INFO - HTTP Request: GET http://testserver/api/v1/sales/init "HTTP/1.1 200 OK"
2026-09-09 13:59:09,736 - httpx - INFO - HTTP Request: POST http://testserver/api/v1/customers "HTTP/1.1 422 Unprocessable Entity"
2026-09-09 13:59:09,767 - httpx - INFO - HTTP Request: GET http://testserver/api/v1/customers "HTTP/1.1 200 OK"
2026-09-09 13:59:09,948 - httpx - INFO - HTTP Request: GET http://testserver/api/v1/settings/printer "HTTP/1.1 200 OK"
2026-09-09 13:59:09,998 - httpx - INFO - HTTP Request: GET http://testserver/api/v1/security/settings "HTTP/1.1 200 OK"
2026-09-09 13:59:10,197 - pms - INFO - Database Backup Executed | Type: Automatic | File: ExitBackup_2026_09_09_135910.zip | Size: 12936 bytes | Status: Success
2026-09-09 13:59:11,172 - pms - INFO - Exit backup verification: Passed
2026-09-09 13:59:11,176 - httpx - INFO - HTTP Request: POST http://testserver/api/v1/backup/backup-on-exit "HTTP/1.1 200 OK"
2026-09-09 13:59:11,195 - httpx - INFO - HTTP Request: POST http://testserver/api/v1/security/change-password "HTTP/1.1 422 Unprocessable Entity"
2026-09-09 13:59:11,212 - httpx - INFO - HTTP Request: GET http://testserver/api/v1/medicines "HTTP/1.1 403 Forbidden"
2026-09-09 13:59:11,232 - httpx - INFO - HTTP Request: POST http://testserver/api/v1/medicines "HTTP/1.1 403 Forbidden"
2026-09-09 13:59:11,247 - httpx - INFO - HTTP Request: GET http://testserver/api/v1/inventory/kpi "HTTP/1.1 403 Forbidden"
2026-09-09 13:59:11,263 - httpx - INFO - HTTP Request: GET http://testserver/api/v1/purchases "HTTP/1.1 403 Forbidden"
2026-09-09 13:59:11,283 - httpx - INFO - HTTP Request: GET http://testserver/api/v1/dashboard/summary "HTTP/1.1 403 Forbidden"
2026-09-09 13:59:11,297 - httpx - INFO - HTTP Request: GET http://testserver/api/v1/reports/sales "HTTP/1.1 403 Forbidden"
2026-09-09 13:59:11,310 - httpx - INFO - HTTP Request: GET http://testserver/api/v1/customers/export "HTTP/1.1 403 Forbidden"
2026-09-09 13:59:11,321 - httpx - INFO - HTTP Request: PUT http://testserver/api/v1/customers/1 "HTTP/1.1 403 Forbidden"
2026-09-09 13:59:11,332 - httpx - INFO - HTTP Request: GET http://testserver/api/v1/backup/history "HTTP/1.1 403 Forbidden"
2026-09-09 13:59:11,346 - httpx - INFO - HTTP Request: PUT http://testserver/api/v1/security/settings "HTTP/1.1 403 Forbidden"
2026-09-09 13:59:11,364 - httpx - INFO - HTTP Request: GET http://testserver/api/v1/settings/profile "HTTP/1.1 200 OK"
2026-09-09 13:59:11,379 - httpx - INFO - HTTP Request: GET http://testserver/api/v1/about/info "HTTP/1.1 403 Forbidden"
2026-09-09 13:59:11,394 - httpx - INFO - HTTP Request: GET http://testserver/api/v1/system/diagnostics "HTTP/1.1 403 Forbidden"
2026-09-09 13:59:11,409 - httpx - INFO - HTTP Request: GET http://testserver/api/v1/settings/general "HTTP/1.1 200 OK"
2026-09-09 13:59:11,444 - httpx - INFO - HTTP Request: GET http://testserver/api/v1/medicines "HTTP/1.1 200 OK"
2026-09-09 13:59:11,541 - httpx - INFO - HTTP Request: GET http://testserver/api/v1/dashboard/summary "HTTP/1.1 200 OK"
2026-09-09 13:59:11,555 - httpx - INFO - HTTP Request: GET http://testserver/api/v1/backup/history "HTTP/1.1 200 OK"
2026-09-09 14:00:11,802 - httpx - INFO - HTTP Request: POST http://testserver/api/v1/auth/login "HTTP/1.1 200 OK"
2026-09-09 14:00:12,025 - httpx - INFO - HTTP Request: POST http://testserver/api/v1/customers "HTTP/1.1 200 OK"
2026-09-09 14:00:12,052 - httpx - INFO - HTTP Request: POST http://testserver/api/v1/customers "HTTP/1.1 200 OK"
2026-09-09 14:08:50,557 - httpx - INFO - HTTP Request: POST http://testserver/api/v1/auth/login "HTTP/1.1 200 OK"
2026-09-09 14:08:50,824 - httpx - INFO - HTTP Request: POST http://testserver/api/v1/auth/login "HTTP/1.1 200 OK"
2026-09-09 14:08:50,851 - httpx - INFO - HTTP Request: GET http://testserver/api/v1/auth/me "HTTP/1.1 200 OK"
2026-09-09 14:08:50,862 - httpx - INFO - HTTP Request: GET http://testserver/api/v1/auth/me "HTTP/1.1 200 OK"
2026-09-09 14:08:51,511 - httpx - INFO - HTTP Request: GET http://testserver/api/v1/users "HTTP/1.1 403 Forbidden"
2026-09-09 14:08:51,588 - httpx - INFO - HTTP Request: GET http://testserver/api/v1/users "HTTP/1.1 200 OK"
2026-09-09 14:08:51,915 - pms - INFO - AUDIT: User tfadmin created user 'cashier2' with role 'cashier'.
2026-09-09 14:08:51,919 - httpx - INFO - HTTP Request: POST http://testserver/api/v1/users "HTTP/1.1 200 OK"
2026-09-09 14:08:51,955 - httpx - INFO - HTTP Request: POST http://testserver/api/v1/users "HTTP/1.1 400 Bad Request"
2026-09-09 14:08:51,975 - httpx - INFO - HTTP Request: POST http://testserver/api/v1/users "HTTP/1.1 400 Bad Request"
2026-09-09 14:08:52,001 - httpx - INFO - HTTP Request: POST http://testserver/api/v1/users "HTTP/1.1 422 Unprocessable Entity"
2026-09-09 14:08:52,032 - pms - INFO - AUDIT: User tfadmin updated user 'cashier2' (role=admin, active=True).
2026-09-09 14:08:52,036 - httpx - INFO - HTTP Request: PUT http://testserver/api/v1/users/4 "HTTP/1.1 200 OK"
2026-09-09 14:08:52,216 - pms - INFO - AUDIT: User tfadmin updated user 'cashier2' (role=admin, active=True).
2026-09-09 14:08:52,220 - httpx - INFO - HTTP Request: PUT http://testserver/api/v1/users/4 "HTTP/1.1 200 OK"
2026-09-09 14:08:52,238 - httpx - INFO - HTTP Request: GET http://testserver/api/v1/users "HTTP/1.1 200 OK"
2026-09-09 14:08:52,256 - httpx - INFO - HTTP Request: PUT http://testserver/api/v1/users/2 "HTTP/1.1 400 Bad Request"
2026-09-09 14:08:52,274 - httpx - INFO - HTTP Request: PUT http://testserver/api/v1/users/2 "HTTP/1.1 400 Bad Request"
2026-09-09 14:08:52,298 - httpx - INFO - HTTP Request: GET http://testserver/api/v1/users "HTTP/1.1 200 OK"
2026-09-09 14:08:52,330 - pms - INFO - AUDIT: User tfadmin updated user 'admin' (role=cashier, active=True).
2026-09-09 14:08:52,333 - httpx - INFO - HTTP Request: PUT http://testserver/api/v1/users/1 "HTTP/1.1 200 OK"
2026-09-09 14:08:52,353 - httpx - INFO - HTTP Request: PUT http://testserver/api/v1/users/2 "HTTP/1.1 400 Bad Request"
2026-09-09 14:08:52,369 - httpx - INFO - HTTP Request: PUT http://testserver/api/v1/users/2 "HTTP/1.1 400 Bad Request"
2026-09-09 14:08:52,385 - httpx - INFO - HTTP Request: PUT http://testserver/api/v1/users/99999 "HTTP/1.1 404 Not Found"
2026-09-09 14:24:22,538 - pms - INFO - Starting Pharmacy Management System backend...
2026-09-09 14:24:22,564 - pms - INFO - Verified notifications table in database.
2026-09-09 14:24:23,031 - pms - ERROR - Error checking backups in notification sync: 'BackupHistory' object has no attribute 'FileName'
2026-09-09 14:24:23,060 - pms - INFO - Completed startup system notifications synchronization.
2026-09-09 14:25:18,576 - pms - INFO - Database Backup Executed | Type: Automatic | File: ExitBackup_2026_09_09_142518.zip | Size: 12628 bytes | Status: Success
2026-09-09 14:25:19,505 - pms - INFO - Exit backup verification: Passed
2026-09-09 14:25:24,123 - pms - INFO - AUDIT: [SCREEN_UNLOCKED] Screen unlocked successfully by user (User: admin)
2026-09-09 14:25:27,442 - pms - INFO - Backup-on-exit skipped: duplicate request within 60 s (last: ExitBackup_2026_09_09_142518.zip)
2026-09-09 14:25:29,711 - pms - INFO - Backup-on-exit skipped: duplicate request within 60 s (last: ExitBackup_2026_09_09_142518.zip)
2026-09-09 14:25:46,902 - pms - ERROR - Error checking backups in notification sync: 'BackupHistory' object has no attribute 'FileName'
2026-09-09 14:27:36,688 - pms - INFO - Database Backup Executed | Type: Automatic | File: ExitBackup_2026_09_09_142736.zip | Size: 12634 bytes | Status: Success
2026-09-09 14:27:36,799 - pms - INFO - Exit backup verification: Passed
2026-09-09 14:30:27,119 - pms - INFO - AUDIT: User admin updated user 'admin' (role=admin, active=True).
2026-09-09 14:30:48,120 - pms - INFO - AUDIT: User admin created user 'cashier 1' with role 'cashier'.
2026-09-09 14:31:09,889 - pms - INFO - Database Backup Executed | Type: Automatic | File: ExitBackup_2026_09_09_143109.zip | Size: 12763 bytes | Status: Success
2026-09-09 14:31:09,914 - pms - INFO - Exit backup verification: Passed
2026-09-09 14:31:12,781 - pms - INFO - Backup-on-exit skipped: duplicate request within 60 s (last: ExitBackup_2026_09_09_143109.zip)
2026-09-09 14:31:56,374 - pms - INFO - Backup-on-exit skipped: duplicate request within 60 s (last: ExitBackup_2026_09_09_143109.zip)
2026-09-09 14:32:06,141 - pms - ERROR - Error checking backups in notification sync: 'BackupHistory' object has no attribute 'FileName'
2026-09-09 14:32:26,072 - httpx - INFO - HTTP Request: POST http://testserver/api/v1/auth/login "HTTP/1.1 200 OK"
2026-09-09 14:32:26,193 - httpx - INFO - HTTP Request: POST http://testserver/api/v1/auth/login "HTTP/1.1 200 OK"
2026-09-09 14:32:26,211 - httpx - INFO - HTTP Request: GET http://testserver/api/v1/auth/me "HTTP/1.1 200 OK"
2026-09-09 14:32:26,221 - httpx - INFO - HTTP Request: GET http://testserver/api/v1/auth/me "HTTP/1.1 200 OK"
2026-09-09 14:32:41,536 - pms - INFO - Database Backup Executed | Type: Automatic | File: ExitBackup_2026_09_09_143241.zip | Size: 12761 bytes | Status: Success
2026-09-09 14:32:41,558 - pms - INFO - Exit backup verification: Passed
2026-09-09 14:32:43,696 - httpx - INFO - HTTP Request: POST http://testserver/api/v1/auth/login "HTTP/1.1 200 OK"
2026-09-09 14:32:43,801 - httpx - INFO - HTTP Request: POST http://testserver/api/v1/auth/login "HTTP/1.1 200 OK"
2026-09-09 14:32:43,815 - httpx - INFO - HTTP Request: GET http://testserver/api/v1/auth/me "HTTP/1.1 200 OK"
2026-09-09 14:32:43,821 - httpx - INFO - HTTP Request: GET http://testserver/api/v1/auth/me "HTTP/1.1 200 OK"
2026-09-09 14:32:51,972 - pms - INFO - Backup-on-exit skipped: duplicate request within 60 s (last: ExitBackup_2026_09_09_143241.zip)
2026-09-09 14:33:07,358 - pms - INFO - Backup-on-exit skipped: duplicate request within 60 s (last: ExitBackup_2026_09_09_143241.zip)
2026-09-09 14:33:24,876 - httpx - INFO - HTTP Request: POST http://testserver/api/v1/auth/login "HTTP/1.1 200 OK"
2026-09-09 14:33:25,004 - httpx - INFO - HTTP Request: POST http://testserver/api/v1/auth/login "HTTP/1.1 200 OK"
2026-09-09 14:33:25,022 - httpx - INFO - HTTP Request: GET http://testserver/api/v1/auth/me "HTTP/1.1 200 OK"
2026-09-09 14:33:25,030 - httpx - INFO - HTTP Request: GET http://testserver/api/v1/auth/me "HTTP/1.1 200 OK"
2026-09-09 14:33:25,314 - httpx - INFO - HTTP Request: GET http://testserver/api/v1/users "HTTP/1.1 200 OK"
2026-09-09 14:33:25,449 - pms - INFO - AUDIT: User tfadmin created user 'final_cashier' with role 'cashier'.
2026-09-09 14:33:25,452 - httpx - INFO - HTTP Request: POST http://testserver/api/v1/users "HTTP/1.1 200 OK"
2026-09-09 14:33:25,466 - httpx - INFO - HTTP Request: POST http://testserver/api/v1/users "HTTP/1.1 400 Bad Request"
2026-09-09 14:33:25,478 - httpx - INFO - HTTP Request: POST http://testserver/api/v1/users "HTTP/1.1 400 Bad Request"
2026-09-09 14:33:25,496 - pms - INFO - AUDIT: User tfadmin updated user 'final_cashier' (role=admin, active=True).
2026-09-09 14:33:25,499 - httpx - INFO - HTTP Request: PUT http://testserver/api/v1/users/5 "HTTP/1.1 200 OK"
2026-09-09 14:33:25,526 - pms - INFO - AUDIT: User tfadmin updated user 'final_cashier' (role=admin, active=False).
2026-09-09 14:33:25,529 - httpx - INFO - HTTP Request: PUT http://testserver/api/v1/users/5 "HTTP/1.1 200 OK"
2026-09-09 14:33:25,544 - httpx - INFO - HTTP Request: PUT http://testserver/api/v1/users/99999 "HTTP/1.1 404 Not Found"
2026-09-09 14:33:25,557 - httpx - INFO - HTTP Request: GET http://testserver/api/v1/users "HTTP/1.1 200 OK"
2026-09-09 14:33:25,569 - httpx - INFO - HTTP Request: PUT http://testserver/api/v1/users/3 "HTTP/1.1 400 Bad Request"
2026-09-09 14:33:25,582 - httpx - INFO - HTTP Request: PUT http://testserver/api/v1/users/3 "HTTP/1.1 400 Bad Request"
2026-09-09 14:33:25,647 - httpx - INFO - HTTP Request: GET http://testserver/api/v1/sales/history "HTTP/1.1 200 OK"
2026-09-09 14:33:25,666 - httpx - INFO - HTTP Request: GET http://testserver/api/v1/customers "HTTP/1.1 200 OK"
2026-09-09 14:33:25,693 - httpx - INFO - HTTP Request: POST http://testserver/api/v1/customers "HTTP/1.1 200 OK"
2026-09-09 14:33:25,708 - httpx - INFO - HTTP Request: GET http://testserver/api/v1/settings/printer "HTTP/1.1 200 OK"
2026-09-09 14:33:25,724 - httpx - INFO - HTTP Request: GET http://testserver/api/v1/security/settings "HTTP/1.1 200 OK"
2026-09-09 14:33:25,757 - httpx - INFO - HTTP Request: GET http://testserver/api/v1/notifications/unread-count "HTTP/1.1 200 OK"
2026-09-09 14:33:25,775 - httpx - INFO - HTTP Request: GET http://testserver/api/v1/medicines "HTTP/1.1 403 Forbidden"
2026-09-09 14:33:25,788 - httpx - INFO - HTTP Request: GET http://testserver/api/v1/categories "HTTP/1.1 403 Forbidden"
2026-09-09 14:33:25,801 - httpx - INFO - HTTP Request: GET http://testserver/api/v1/companies "HTTP/1.1 403 Forbidden"
2026-09-09 14:33:25,816 - httpx - INFO - HTTP Request: GET http://testserver/api/v1/suppliers "HTTP/1.1 403 Forbidden"
2026-09-09 14:33:25,831 - httpx - INFO - HTTP Request: GET http://testserver/api/v1/purchases "HTTP/1.1 403 Forbidden"
2026-09-09 14:33:25,845 - httpx - INFO - HTTP Request: GET http://testserver/api/v1/purchase-returns "HTTP/1.1 403 Forbidden"
2026-09-09 14:33:25,860 - httpx - INFO - HTTP Request: GET http://testserver/api/v1/inventory/summary "HTTP/1.1 403 Forbidden"
2026-09-09 14:33:25,868 - httpx - INFO - HTTP Request: GET http://testserver/api/v1/dashboard "HTTP/1.1 404 Not Found"
2026-09-09 14:33:25,884 - httpx - INFO - HTTP Request: GET http://testserver/api/v1/reports/sales "HTTP/1.1 403 Forbidden"
2026-09-09 14:33:25,900 - httpx - INFO - HTTP Request: GET http://testserver/api/v1/backup-settings "HTTP/1.1 403 Forbidden"
2026-09-09 14:33:25,910 - httpx - INFO - HTTP Request: GET http://testserver/api/v1/backup "HTTP/1.1 404 Not Found"
2026-09-09 14:33:25,924 - httpx - INFO - HTTP Request: GET http://testserver/api/v1/about/info "HTTP/1.1 403 Forbidden"
2026-09-09 14:33:25,939 - httpx - INFO - HTTP Request: GET http://testserver/api/v1/users "HTTP/1.1 403 Forbidden"
2026-09-09 14:33:25,950 - httpx - INFO - HTTP Request: PUT http://testserver/api/v1/customers/1 "HTTP/1.1 403 Forbidden"
2026-09-09 14:33:25,965 - httpx - INFO - HTTP Request: DELETE http://testserver/api/v1/customers/1 "HTTP/1.1 403 Forbidden"
2026-09-09 14:33:25,982 - httpx - INFO - HTTP Request: GET http://testserver/api/v1/settings/profile "HTTP/1.1 200 OK"
2026-09-09 14:33:26,012 - httpx - INFO - HTTP Request: GET http://testserver/api/v1/license/status "HTTP/1.1 200 OK"
2026-09-09 14:35:36,630 - httpx - INFO - HTTP Request: POST http://testserver/api/v1/auth/login "HTTP/1.1 200 OK"
2026-09-09 14:35:36,848 - httpx - INFO - HTTP Request: POST http://testserver/api/v1/auth/login "HTTP/1.1 200 OK"
2026-09-09 14:35:36,888 - httpx - INFO - HTTP Request: GET http://testserver/api/v1/auth/me "HTTP/1.1 200 OK"
2026-09-09 14:35:36,897 - httpx - INFO - HTTP Request: GET http://testserver/api/v1/auth/me "HTTP/1.1 200 OK"
2026-09-09 14:35:37,170 - httpx - INFO - HTTP Request: GET http://testserver/api/v1/users "HTTP/1.1 200 OK"
2026-09-09 14:35:37,298 - pms - INFO - AUDIT: User tfadmin created user 'final_cashier' with role 'cashier'.
2026-09-09 14:35:37,301 - httpx - INFO - HTTP Request: POST http://testserver/api/v1/users "HTTP/1.1 200 OK"
2026-09-09 14:35:37,315 - httpx - INFO - HTTP Request: POST http://testserver/api/v1/users "HTTP/1.1 400 Bad Request"
2026-09-09 14:35:37,329 - httpx - INFO - HTTP Request: POST http://testserver/api/v1/users "HTTP/1.1 400 Bad Request"
2026-09-09 14:35:37,350 - pms - INFO - AUDIT: User tfadmin updated user 'final_cashier' (role=admin, active=True).
2026-09-09 14:35:37,352 - httpx - INFO - HTTP Request: PUT http://testserver/api/v1/users/5 "HTTP/1.1 200 OK"
2026-09-09 14:35:37,383 - pms - INFO - AUDIT: User tfadmin updated user 'final_cashier' (role=admin, active=False).
2026-09-09 14:35:37,385 - httpx - INFO - HTTP Request: PUT http://testserver/api/v1/users/5 "HTTP/1.1 200 OK"
2026-09-09 14:35:37,398 - httpx - INFO - HTTP Request: PUT http://testserver/api/v1/users/99999 "HTTP/1.1 404 Not Found"
2026-09-09 14:35:37,416 - httpx - INFO - HTTP Request: GET http://testserver/api/v1/users "HTTP/1.1 200 OK"
2026-09-09 14:35:37,435 - httpx - INFO - HTTP Request: PUT http://testserver/api/v1/users/3 "HTTP/1.1 400 Bad Request"
2026-09-09 14:35:37,453 - httpx - INFO - HTTP Request: PUT http://testserver/api/v1/users/3 "HTTP/1.1 400 Bad Request"
2026-09-09 14:35:37,529 - httpx - INFO - HTTP Request: GET http://testserver/api/v1/sales/history "HTTP/1.1 200 OK"
2026-09-09 14:35:37,550 - httpx - INFO - HTTP Request: GET http://testserver/api/v1/customers "HTTP/1.1 200 OK"
2026-09-09 14:35:37,573 - httpx - INFO - HTTP Request: POST http://testserver/api/v1/customers "HTTP/1.1 200 OK"
2026-09-09 14:35:37,589 - httpx - INFO - HTTP Request: GET http://testserver/api/v1/settings/printer "HTTP/1.1 200 OK"
2026-09-09 14:35:37,604 - httpx - INFO - HTTP Request: GET http://testserver/api/v1/security/settings "HTTP/1.1 200 OK"
2026-09-09 14:35:37,629 - httpx - INFO - HTTP Request: GET http://testserver/api/v1/notifications/unread-count "HTTP/1.1 200 OK"
2026-09-09 14:35:37,641 - httpx - INFO - HTTP Request: GET http://testserver/api/v1/medicines "HTTP/1.1 403 Forbidden"
2026-09-09 14:35:37,656 - httpx - INFO - HTTP Request: GET http://testserver/api/v1/categories "HTTP/1.1 403 Forbidden"
2026-09-09 14:35:37,671 - httpx - INFO - HTTP Request: GET http://testserver/api/v1/companies "HTTP/1.1 403 Forbidden"
2026-09-09 14:35:37,681 - httpx - INFO - HTTP Request: GET http://testserver/api/v1/suppliers "HTTP/1.1 403 Forbidden"
2026-09-09 14:35:37,691 - httpx - INFO - HTTP Request: GET http://testserver/api/v1/purchases "HTTP/1.1 403 Forbidden"
2026-09-09 14:35:37,704 - httpx - INFO - HTTP Request: GET http://testserver/api/v1/purchase-returns "HTTP/1.1 403 Forbidden"
2026-09-09 14:35:37,716 - httpx - INFO - HTTP Request: GET http://testserver/api/v1/inventory/summary "HTTP/1.1 403 Forbidden"
2026-09-09 14:35:37,733 - httpx - INFO - HTTP Request: GET http://testserver/api/v1/dashboard/summary "HTTP/1.1 403 Forbidden"
2026-09-09 14:35:37,746 - httpx - INFO - HTTP Request: GET http://testserver/api/v1/reports/sales "HTTP/1.1 403 Forbidden"
2026-09-09 14:35:37,756 - httpx - INFO - HTTP Request: GET http://testserver/api/v1/backup-settings "HTTP/1.1 403 Forbidden"
2026-09-09 14:35:37,770 - httpx - INFO - HTTP Request: GET http://testserver/api/v1/backup/history "HTTP/1.1 403 Forbidden"
2026-09-09 14:35:37,784 - httpx - INFO - HTTP Request: GET http://testserver/api/v1/about/info "HTTP/1.1 403 Forbidden"
2026-09-09 14:35:37,796 - httpx - INFO - HTTP Request: GET http://testserver/api/v1/users "HTTP/1.1 403 Forbidden"
2026-09-09 14:35:37,806 - httpx - INFO - HTTP Request: PUT http://testserver/api/v1/customers/1 "HTTP/1.1 403 Forbidden"
2026-09-09 14:35:37,817 - httpx - INFO - HTTP Request: DELETE http://testserver/api/v1/customers/1 "HTTP/1.1 403 Forbidden"
2026-09-09 14:35:37,835 - httpx - INFO - HTTP Request: GET http://testserver/api/v1/settings/profile "HTTP/1.1 200 OK"
2026-09-09 14:35:37,860 - httpx - INFO - HTTP Request: GET http://testserver/api/v1/license/status "HTTP/1.1 200 OK"
2026-09-09 14:35:51,516 - httpx - INFO - HTTP Request: POST http://testserver/api/v1/auth/login "HTTP/1.1 200 OK"
2026-09-09 14:35:51,729 - httpx - INFO - HTTP Request: GET http://testserver/api/v1/medicines "HTTP/1.1 200 OK"
2026-09-09 14:35:51,761 - httpx - INFO - HTTP Request: GET http://testserver/api/v1/categories "HTTP/1.1 200 OK"
2026-09-09 14:35:51,781 - httpx - INFO - HTTP Request: GET http://testserver/api/v1/companies "HTTP/1.1 200 OK"
2026-09-09 14:35:51,801 - httpx - INFO - HTTP Request: GET http://testserver/api/v1/suppliers "HTTP/1.1 200 OK"
2026-09-09 14:35:51,846 - httpx - INFO - HTTP Request: GET http://testserver/api/v1/purchases "HTTP/1.1 200 OK"
2026-09-09 14:35:51,900 - httpx - INFO - HTTP Request: GET http://testserver/api/v1/inventory/summary "HTTP/1.1 200 OK"
2026-09-09 14:35:51,999 - httpx - INFO - HTTP Request: GET http://testserver/api/v1/dashboard/summary "HTTP/1.1 200 OK"
2026-09-09 14:35:52,072 - httpx - INFO - HTTP Request: GET http://testserver/api/v1/reports/sales "HTTP/1.1 200 OK"
2026-09-09 14:35:52,104 - httpx - INFO - HTTP Request: GET http://testserver/api/v1/backup-settings "HTTP/1.1 200 OK"
2026-09-09 14:35:52,118 - httpx - INFO - HTTP Request: GET http://testserver/api/v1/backup/history "HTTP/1.1 200 OK"
2026-09-09 14:35:52,381 - httpx - INFO - HTTP Request: GET http://testserver/api/v1/about/info "HTTP/1.1 200 OK"
2026-09-09 14:35:52,409 - httpx - INFO - HTTP Request: GET http://testserver/api/v1/users "HTTP/1.1 200 OK"
2026-09-09 14:35:52,459 - httpx - INFO - HTTP Request: GET http://testserver/api/v1/sales/history "HTTP/1.1 200 OK"
2026-09-09 14:35:52,475 - httpx - INFO - HTTP Request: GET http://testserver/api/v1/customers "HTTP/1.1 200 OK"
2026-09-09 14:37:55,125 - pms - ERROR - Error checking backups in notification sync: 'BackupHistory' object has no attribute 'FileName'
2026-09-09 14:42:28,004 - pms - INFO - Database Backup Executed | Type: Automatic | File: ExitBackup_2026_09_09_144227.zip | Size: 12756 bytes | Status: Success
2026-09-09 14:42:28,079 - pms - INFO - Exit backup verification: Passed
2026-09-09 14:42:29,651 - pms - INFO - Backup-on-exit skipped: duplicate request within 60 s (last: ExitBackup_2026_09_09_144227.zip)
2026-09-09 14:42:45,214 - pms - INFO - Backup-on-exit skipped: duplicate request within 60 s (last: ExitBackup_2026_09_09_144227.zip)
2026-09-09 14:43:18,705 - pms - INFO - Backup-on-exit skipped: duplicate request within 60 s (last: ExitBackup_2026_09_09_144227.zip)
2026-09-09 14:44:45,923 - pms - INFO - Database Backup Executed | Type: Automatic | File: ExitBackup_2026_09_09_144445.zip | Size: 12750 bytes | Status: Success
2026-09-09 14:44:45,949 - pms - INFO - Exit backup verification: Passed
2026-09-09 14:46:41,519 - pms - INFO - Starting Pharmacy Management System backend...
2026-09-09 14:46:41,541 - pms - INFO - Verified notifications table in database.
2026-09-09 14:46:41,944 - pms - ERROR - Error checking backups in notification sync: 'BackupHistory' object has no attribute 'FileName'
2026-09-09 14:46:41,952 - pms - INFO - Completed startup system notifications synchronization.
2026-09-09 14:48:12,695 - pms - INFO - Database Backup Executed | Type: Automatic | File: ExitBackup_2026_09_09_144812.zip | Size: 12748 bytes | Status: Success
2026-09-09 14:48:13,722 - pms - INFO - Exit backup verification: Passed
2026-09-09 14:48:22,300 - pms - INFO - Backup-on-exit skipped: duplicate request within 60 s (last: ExitBackup_2026_09_09_144812.zip)
2026-09-09 14:50:14,544 - pms - INFO - Database Backup Executed | Type: Automatic | File: ExitBackup_2026_09_09_145014.zip | Size: 12739 bytes | Status: Success
2026-09-09 14:50:14,566 - pms - INFO - Exit backup verification: Passed
2026-09-09 14:50:23,823 - pms - INFO - Backup-on-exit skipped: duplicate request within 60 s (last: ExitBackup_2026_09_09_145014.zip)
2026-09-09 14:50:52,992 - pms - INFO - Backup-on-exit skipped: duplicate request within 60 s (last: ExitBackup_2026_09_09_145014.zip)
2026-09-09 14:52:06,080 - pms - INFO - Database Backup Executed | Type: Automatic | File: ExitBackup_2026_09_09_145206.zip | Size: 12746 bytes | Status: Success
2026-09-09 14:52:06,096 - pms - INFO - Exit backup verification: Passed
2026-09-09 14:54:38,350 - pms - INFO - Database Backup Executed | Type: Automatic | File: ExitBackup_2026_09_09_145438.zip | Size: 12745 bytes | Status: Success
2026-09-09 14:54:38,366 - pms - INFO - Exit backup verification: Passed
2026-09-09 14:56:00,310 - pms - INFO - Database Backup Executed | Type: Automatic | File: ExitBackup_2026_09_09_145600.zip | Size: 12747 bytes | Status: Success
2026-09-09 14:56:00,326 - pms - INFO - Exit backup verification: Passed
2026-09-09 14:59:56,782 - pms - INFO - Database Backup Executed | Type: Automatic | File: ExitBackup_2026_09_09_145956.zip | Size: 12751 bytes | Status: Success
2026-09-09 14:59:56,800 - pms - INFO - Exit backup verification: Passed
2026-09-09 15:06:25,450 - pms - INFO - Database Backup Executed | Type: Automatic | File: ExitBackup_2026_09_09_150625.zip | Size: 12749 bytes | Status: Success
2026-09-09 15:06:25,479 - pms - INFO - Exit backup verification: Passed
2026-09-09 15:10:41,532 - pms - INFO - Database Backup Executed | Type: Automatic | File: ExitBackup_2026_09_09_151041.zip | Size: 12750 bytes | Status: Success
2026-09-09 15:10:41,551 - pms - INFO - Exit backup verification: Passed
2026-09-09 15:12:55,784 - pms - INFO - Database Backup Executed | Type: Automatic | File: ExitBackup_2026_09_09_151255.zip | Size: 12748 bytes | Status: Success
2026-09-09 15:12:55,803 - pms - INFO - Exit backup verification: Passed
2026-09-09 15:16:29,629 - pms - INFO - Database Backup Executed | Type: Automatic | File: ExitBackup_2026_09_09_151629.zip | Size: 12756 bytes | Status: Success
2026-09-09 15:16:29,651 - pms - INFO - Exit backup verification: Passed
2026-09-09 15:17:01,121 - pms - INFO - Backup-on-exit skipped: duplicate request within 60 s (last: ExitBackup_2026_09_09_151629.zip)
2026-09-09 15:17:05,883 - pms - INFO - Backup-on-exit skipped: duplicate request within 60 s (last: ExitBackup_2026_09_09_151629.zip)
2026-09-09 15:17:31,065 - pms - INFO - Database Backup Executed | Type: Automatic | File: ExitBackup_2026_09_09_151731.zip | Size: 12753 bytes | Status: Success
2026-09-09 15:17:31,079 - pms - INFO - Exit backup verification: Passed
2026-09-09 15:18:59,653 - pms - INFO - Starting Pharmacy Management System backend...
2026-09-09 15:18:59,778 - pms - INFO - Verified notifications table in database.
2026-09-09 15:19:00,299 - pms - ERROR - Error checking backups in notification sync: 'BackupHistory' object has no attribute 'FileName'
2026-09-09 15:19:00,319 - pms - INFO - Completed startup system notifications synchronization.
2026-09-09 15:19:12,816 - pms - INFO - Database Backup Executed | Type: Automatic | File: ExitBackup_09_09_2026_151912.zip | Size: 12930 bytes | Status: Success
2026-09-09 15:19:13,696 - pms - INFO - Exit backup verification: Passed
2026-09-09 15:19:40,256 - pms - ERROR - Error checking backups in notification sync: 'BackupHistory' object has no attribute 'FileName'
2026-09-09 15:21:02,142 - pms - INFO - Database Backup Executed | Type: Automatic | File: ExitBackup_09_09_2026_152102.zip | Size: 12934 bytes | Status: Success
2026-09-09 15:21:02,159 - pms - INFO - Exit backup verification: Passed
2026-09-09 15:24:17,112 - pms - INFO - Database Backup Executed | Type: Automatic | File: ExitBackup_09_09_2026_152417.zip | Size: 12926 bytes | Status: Success
2026-09-09 15:24:17,130 - pms - INFO - Exit backup verification: Passed
2026-09-09 15:24:33,582 - pms - INFO - Backup-on-exit skipped: duplicate request within 60 s (last: ExitBackup_09_09_2026_152417.zip)
2026-09-09 15:24:42,484 - pms - INFO - Backup-on-exit skipped: duplicate request within 60 s (last: ExitBackup_09_09_2026_152417.zip)
2026-09-09 15:25:13,947 - pms - INFO - Backup-on-exit skipped: duplicate request within 60 s (last: ExitBackup_09_09_2026_152417.zip)
2026-09-09 15:28:21,748 - pms - INFO - Database Backup Executed | Type: Automatic | File: ExitBackup_09_09_2026_152821.zip | Size: 12928 bytes | Status: Success
2026-09-09 15:28:21,765 - pms - INFO - Exit backup verification: Passed
2026-09-09 15:28:24,927 - pms - INFO - Backup-on-exit skipped: duplicate request within 60 s (last: ExitBackup_09_09_2026_152821.zip)
2026-09-09 15:28:32,732 - pms - ERROR - PMSException caught: Incorrect username or password (status: 401) | Path: /api/v1/auth/login
2026-09-09 15:28:41,652 - pms - INFO - Backup-on-exit skipped: duplicate request within 60 s (last: ExitBackup_09_09_2026_152821.zip)
2026-09-09 15:28:52,502 - pms - INFO - Backup-on-exit skipped: duplicate request within 60 s (last: ExitBackup_09_09_2026_152821.zip)
2026-09-09 15:28:59,984 - pms - ERROR - PMSException caught: Incorrect username or password (status: 401) | Path: /api/v1/auth/login
2026-09-09 15:29:13,724 - pms - INFO - Backup-on-exit skipped: duplicate request within 60 s (last: ExitBackup_09_09_2026_152821.zip)
2026-09-09 15:29:15,377 - pms - INFO - Backup-on-exit skipped: duplicate request within 60 s (last: ExitBackup_09_09_2026_152821.zip)
2026-09-09 15:29:22,076 - pms - INFO - Database Backup Executed | Type: Automatic | File: ExitBackup_09_09_2026_152922.zip | Size: 12927 bytes | Status: Success
2026-09-09 15:29:22,098 - pms - INFO - Exit backup verification: Passed
2026-09-09 15:29:24,433 - pms - INFO - Backup-on-exit skipped: duplicate request within 60 s (last: ExitBackup_09_09_2026_152922.zip)
2026-09-09 15:31:45,943 - pms - INFO - Database Backup Executed | Type: Automatic | File: ExitBackup_09_09_2026_153145.zip | Size: 12927 bytes | Status: Success
2026-09-09 15:31:45,986 - pms - INFO - Exit backup verification: Passed
2026-09-09 15:32:04,440 - pms - INFO - Backup-on-exit skipped: duplicate request within 60 s (last: ExitBackup_09_09_2026_153145.zip)
2026-09-09 15:32:15,256 - pms - INFO - Backup-on-exit skipped: duplicate request within 60 s (last: ExitBackup_09_09_2026_153145.zip)
2026-09-09 16:39:33,931 - pms - INFO - Starting Pharmacy Management System backend...
2026-09-09 16:39:33,952 - pms - INFO - Verified notifications table in database.
2026-09-09 16:39:34,167 - pms - ERROR - Error checking backups in notification sync: 'BackupHistory' object has no attribute 'FileName'
2026-09-09 16:39:34,172 - pms - INFO - Completed startup system notifications synchronization.
2026-09-09 16:40:32,470 - pms - INFO - Database Backup Executed | Type: Automatic | File: ExitBackup_09_09_2026_164032.zip | Size: 13000 bytes | Status: Success
2026-09-09 16:40:33,015 - pms - INFO - Exit backup verification: Passed
2026-09-09 16:45:10,239 - pms - INFO - Database Backup Executed | Type: Automatic | File: ExitBackup_09_09_2026_164510.zip | Size: 13002 bytes | Status: Success
2026-09-09 16:45:10,259 - pms - INFO - Exit backup verification: Passed
2026-09-09 16:45:10,322 - pms - INFO - Backup-on-exit skipped: duplicate request within 60 s (last: ExitBackup_09_09_2026_164510.zip)
2026-09-09 16:45:10,332 - pms - INFO - Backup-on-exit skipped: duplicate request within 60 s (last: ExitBackup_09_09_2026_164510.zip)
2026-09-09 16:45:12,113 - pms - INFO - Backup-on-exit skipped: duplicate request within 60 s (last: ExitBackup_09_09_2026_164510.zip)
2026-09-09 16:45:12,223 - pms - INFO - Backup-on-exit skipped: duplicate request within 60 s (last: ExitBackup_09_09_2026_164510.zip)
2026-09-09 16:45:12,263 - pms - INFO - Backup-on-exit skipped: duplicate request within 60 s (last: ExitBackup_09_09_2026_164510.zip)
2026-09-09 16:45:12,269 - pms - INFO - Backup-on-exit skipped: duplicate request within 60 s (last: ExitBackup_09_09_2026_164510.zip)
2026-09-09 16:45:12,275 - pms - INFO - Backup-on-exit skipped: duplicate request within 60 s (last: ExitBackup_09_09_2026_164510.zip)
2026-09-09 16:45:12,281 - pms - INFO - Backup-on-exit skipped: duplicate request within 60 s (last: ExitBackup_09_09_2026_164510.zip)
2026-09-09 16:45:12,283 - pms - INFO - Backup-on-exit skipped: duplicate request within 60 s (last: ExitBackup_09_09_2026_164510.zip)
2026-09-09 16:50:19,210 - pms - INFO - Starting Pharmacy Management System backend...
2026-09-09 16:50:19,219 - pms - INFO - Verified notifications table in database.
2026-09-09 16:50:19,374 - pms - ERROR - Error checking backups in notification sync: 'BackupHistory' object has no attribute 'FileName'
2026-09-09 16:50:19,378 - pms - INFO - Completed startup system notifications synchronization.
2026-09-09 16:51:14,201 - pms - INFO - Database Backup Executed | Type: Automatic | File: ExitBackup_09_09_2026_165114.zip | Size: 13001 bytes | Status: Success
2026-09-09 16:51:14,560 - pms - INFO - Exit backup verification: Passed
2026-09-09 16:51:56,202 - pms - INFO - AUDIT: User admin updated user 'cashier 1' (role=cashier, active=False).
2026-09-09 16:52:11,613 - pms - INFO - Backup-on-exit skipped: duplicate request within 60 s (last: ExitBackup_09_09_2026_165114.zip)
2026-09-09 16:52:20,508 - pms - ERROR - PMSException caught: Inactive user (status: 401) | Path: /api/v1/auth/login
2026-09-09 16:52:36,398 - pms - INFO - Database Backup Executed | Type: Automatic | File: ExitBackup_09_09_2026_165236.zip | Size: 13009 bytes | Status: Success
2026-09-09 16:52:36,414 - pms - INFO - Exit backup verification: Passed
2026-09-09 16:52:57,655 - pms - INFO - Backup-on-exit skipped: duplicate request within 60 s (last: ExitBackup_09_09_2026_165236.zip)
2026-09-12 21:57:18,943 - pms - INFO - PRODUCTION_TRACE license storage path=E:\Projects\PMS-Software\backend\licenses\active.lic exists=True
2026-09-12 21:57:20,562 - httpx - INFO - HTTP Request: OPTIONS http://testserver/api/v1/auth/login "HTTP/1.1 200 OK"
2026-09-12 21:57:20,566 - httpx - INFO - HTTP Request: OPTIONS http://testserver/api/v1/auth/login "HTTP/1.1 400 Bad Request"
2026-09-12 21:57:20,569 - httpx - INFO - HTTP Request: OPTIONS http://testserver/api/v1/auth/login "HTTP/1.1 400 Bad Request"
2026-09-12 21:57:20,572 - httpx - INFO - HTTP Request: OPTIONS http://testserver/api/v1/auth/login "HTTP/1.1 400 Bad Request"
2026-09-12 21:57:45,287 - pms - INFO - PRODUCTION_TRACE license storage path=E:\Projects\PMS-Software\backend\licenses\active.lic exists=True
2026-09-12 21:57:45,304 - pms - INFO - PRODUCTION_TRACE license storage path=E:\Projects\PMS-Software\backend\licenses\active.lic exists=True
2026-09-12 21:57:48,679 - pms - INFO - Starting Pharmacy Management System backend...
2026-09-12 21:57:48,768 - pms - INFO - Verified notifications table in database.
2026-09-12 21:57:49,061 - httpx - INFO - HTTP Request: OPTIONS http://testserver/api/v1/auth/login "HTTP/1.1 200 OK"
2026-09-12 21:57:49,201 - pms - ERROR - Error checking backups in notification sync: 'BackupHistory' object has no attribute 'FileName'
2026-09-12 21:57:49,209 - pms - INFO - Completed startup system notifications synchronization.
2026-09-12 21:57:49,672 - pms - INFO - PRODUCTION_TRACE auth accepted username=admin user_id=1
2026-09-12 21:57:49,686 - httpx - INFO - HTTP Request: POST http://testserver/api/v1/auth/login "HTTP/1.1 200 OK"
2026-09-12 21:57:49,807 - httpx - INFO - HTTP Request: GET http://testserver/api/v1/license/mac "HTTP/1.1 200 OK"
2026-09-12 21:57:49,813 - httpx - INFO - HTTP Request: OPTIONS http://testserver/api/v1/auth/login "HTTP/1.1 200 OK"
2026-09-12 21:57:50,107 - pms - INFO - PRODUCTION_TRACE auth accepted username=admin user_id=1
2026-09-12 21:57:50,110 - httpx - INFO - HTTP Request: POST http://testserver/api/v1/auth/login "HTTP/1.1 200 OK"
2026-09-12 21:57:50,117 - httpx - INFO - HTTP Request: GET http://testserver/api/v1/license/mac "HTTP/1.1 200 OK"
2026-09-12 21:57:50,121 - httpx - INFO - HTTP Request: OPTIONS http://testserver/api/v1/auth/login "HTTP/1.1 200 OK"
2026-09-12 21:57:50,310 - pms - INFO - PRODUCTION_TRACE auth accepted username=admin user_id=1
2026-09-12 21:57:50,316 - httpx - INFO - HTTP Request: POST http://testserver/api/v1/auth/login "HTTP/1.1 200 OK"
2026-09-12 21:57:50,322 - httpx - INFO - HTTP Request: GET http://testserver/api/v1/license/mac "HTTP/1.1 200 OK"
2026-09-12 21:57:50,326 - httpx - INFO - HTTP Request: OPTIONS http://testserver/api/v1/auth/login "HTTP/1.1 200 OK"
2026-09-12 21:57:50,552 - pms - INFO - PRODUCTION_TRACE auth accepted username=admin user_id=1
2026-09-12 21:57:50,556 - httpx - INFO - HTTP Request: POST http://testserver/api/v1/auth/login "HTTP/1.1 200 OK"
2026-09-12 21:57:50,564 - httpx - INFO - HTTP Request: GET http://testserver/api/v1/license/mac "HTTP/1.1 200 OK"
2026-09-12 21:57:56,443 - pms - INFO - PRODUCTION_TRACE license status=Active path=E:\Projects\PMS-Software\backend\licenses\active.lic
2026-09-12 21:58:02,001 - pms - WARNING - PRODUCTION_TRACE auth rejected username=admin reason=password-mismatch
2026-09-12 21:58:02,003 - pms - ERROR - PMSException caught: Incorrect username or password (status: 401) | Path: /api/v1/auth/login
2026-09-12 21:58:08,610 - pms - INFO - PRODUCTION_TRACE auth accepted username=admin user_id=1
2026-09-12 21:58:34,812 - pms - INFO - Database Backup Executed | Type: Automatic | File: ExitBackup_12_09_2026_215834.zip | Size: 13008 bytes | Status: Success
2026-09-12 21:58:35,317 - pms - INFO - PRODUCTION_TRACE license status=Active path=E:\Projects\PMS-Software\backend\licenses\active.lic
2026-09-12 21:58:35,646 - pms - INFO - Exit backup verification: Passed
2026-09-12 21:58:52,985 - pms - INFO - PRODUCTION_TRACE license storage path=E:\Projects\PMS-Software\backend\licenses\active.lic exists=True
2026-09-12 21:58:55,944 - pms - INFO - Starting Pharmacy Management System backend...
2026-09-12 21:58:55,983 - pms - INFO - Verified notifications table in database.
2026-09-12 21:58:56,371 - pms - ERROR - Error checking backups in notification sync: 'BackupHistory' object has no attribute 'FileName'
2026-09-12 21:58:56,447 - pms - INFO - Completed startup system notifications synchronization.
2026-09-12 21:59:00,423 - pms - INFO - PRODUCTION_TRACE license status=Active path=E:\Projects\PMS-Software\backend\licenses\active.lic
2026-09-12 22:00:46,938 - pms - INFO - Database Backup Executed | Type: Automatic | File: ExitBackup_12_09_2026_220046.zip | Size: 13014 bytes | Status: Success
2026-09-12 22:00:47,611 - pms - INFO - PRODUCTION_TRACE license status=Active path=E:\Projects\PMS-Software\backend\licenses\active.lic
2026-09-12 22:00:48,225 - pms - INFO - Exit backup verification: Passed
2026-09-12 22:00:49,729 - pms - INFO - Backup-on-exit skipped: duplicate request within 60 s (last: ExitBackup_12_09_2026_220046.zip)
2026-09-12 22:00:56,171 - pms - WARNING - PRODUCTION_TRACE auth rejected username=admin reason=password-mismatch
2026-09-12 22:00:56,173 - pms - ERROR - PMSException caught: Incorrect username or password (status: 401) | Path: /api/v1/auth/login
2026-09-12 22:01:01,277 - pms - INFO - PRODUCTION_TRACE auth accepted username=admin user_id=1
2026-09-12 22:01:24,090 - pms - INFO - Backup-on-exit skipped: duplicate request within 60 s (last: ExitBackup_12_09_2026_220046.zip)
2026-09-12 22:01:24,456 - pms - INFO - PRODUCTION_TRACE license status=Active path=E:\Projects\PMS-Software\backend\licenses\active.lic
2026-09-12 22:11:09,610 - pms - INFO - Database Backup Executed | Type: Automatic | File: ExitBackup_12_09_2026_221109.zip | Size: 13026 bytes | Status: Success
2026-09-12 22:11:09,692 - pms - INFO - Exit backup verification: Passed
2026-09-12 22:11:10,959 - pms - INFO - PRODUCTION_TRACE license status=Active path=E:\Projects\PMS-Software\backend\licenses\active.lic
2026-09-12 22:11:22,091 - pms - INFO - Backup-on-exit skipped: duplicate request within 60 s (last: ExitBackup_12_09_2026_221109.zip)
2026-09-12 22:11:22,453 - pms - INFO - PRODUCTION_TRACE license status=Active path=E:\Projects\PMS-Software\backend\licenses\active.lic
2026-09-12 22:11:53,778 - pms - WARNING - Safe Data Reset | Auth Failed | User: admin
2026-09-12 22:12:02,546 - pms - INFO - Safe Data Reset | SUCCESS | User: admin | Snapshot: pre_reset_snapshot_20260912_221202.sqlite
2026-09-12 22:12:11,928 - pms - INFO - Database Backup Executed | Type: Automatic | File: ExitBackup_12_09_2026_221211.zip | Size: 8924 bytes | Status: Success
2026-09-12 22:12:11,941 - pms - INFO - Exit backup verification: Passed
2026-09-12 22:12:12,212 - pms - INFO - PRODUCTION_TRACE license status=Active path=E:\Projects\PMS-Software\backend\licenses\active.lic
2026-09-12 22:12:21,092 - pms - INFO - AUDIT: User admin removed their Profile Photo.
2026-09-12 22:12:23,769 - pms - INFO - AUDIT: User admin updated their profile information.
2026-09-12 22:12:43,517 - pms - INFO - AUDIT: User admin updated their profile information.
2026-09-12 22:13:02,895 - pms - INFO - AUDIT: User admin updated Pharmacy Branding (Name/Profile).
2026-09-12 22:13:11,955 - pms - INFO - AUDIT: User admin updated Pharmacy Branding (Name/Profile).
2026-09-12 22:13:12,011 - pms - INFO - AUDIT: User admin uploaded a new Pharmacy Logo.
2026-09-12 22:13:12,015 - pms - ERROR - Unhandled Exception caught: Response content shorter than Content-Length | Path: /uploads/logo/logo_1.jpg
NoneType: None
2026-09-12 22:13:16,218 - pms - INFO - Database Backup Executed | Type: Automatic | File: ExitBackup_12_09_2026_221316.zip | Size: 9038 bytes | Status: Success
2026-09-12 22:13:16,234 - pms - INFO - Exit backup verification: Passed
2026-09-12 22:13:16,517 - pms - INFO - PRODUCTION_TRACE license status=Active path=E:\Projects\PMS-Software\backend\licenses\active.lic
2026-09-12 22:14:05,366 - pms - INFO - AUDIT: User admin updated Pharmacy Branding (Name/Profile).
2026-09-12 22:14:23,822 - pms - INFO - Database Backup Executed | Type: Automatic | File: ExitBackup_12_09_2026_221423.zip | Size: 9119 bytes | Status: Success
2026-09-12 22:14:23,838 - pms - INFO - Exit backup verification: Passed
2026-09-12 22:14:24,206 - pms - INFO - PRODUCTION_TRACE license status=Active path=E:\Projects\PMS-Software\backend\licenses\active.lic
2026-09-12 22:15:31,083 - pms - INFO - PRODUCTION_TRACE license storage path=E:\Projects\PMS-Software\backend\licenses\active.lic exists=True
2026-09-12 22:15:32,607 - pms - INFO - Starting Pharmacy Management System backend...
2026-09-12 22:15:32,616 - pms - INFO - Verified notifications table in database.
2026-09-12 22:15:32,744 - pms - ERROR - Error checking backups in notification sync: 'BackupHistory' object has no attribute 'FileName'
2026-09-12 22:15:32,755 - pms - INFO - Completed startup system notifications synchronization.
2026-09-12 22:15:58,783 - pms - INFO - Database Backup Executed | Type: Automatic | File: ExitBackup_12_09_2026_221558.zip | Size: 9172 bytes | Status: Success
2026-09-12 22:16:00,516 - pms - INFO - Exit backup verification: Passed
2026-09-12 22:16:03,071 - pms - INFO - PRODUCTION_TRACE license status=Active path=E:\Projects\PMS-Software\backend\licenses\active.lic
2026-09-12 22:19:42,488 - pms - INFO - Safe Data Reset | SUCCESS | User: admin | Snapshot: pre_reset_snapshot_20260912_221942.sqlite
2026-09-12 22:19:46,877 - pms - INFO - Clear Temp Data | User: admin | Deleted 0 files | Reclaimed: 0.00 KB
2026-09-12 22:19:47,744 - pms - INFO - Clear Temp Data | User: admin | Deleted 0 files | Reclaimed: 0.00 KB
2026-09-12 22:19:55,891 - pms - INFO - Database Backup Executed | Type: Automatic | File: ExitBackup_12_09_2026_221955.zip | Size: 8315 bytes | Status: Success
2026-09-12 22:19:55,904 - pms - INFO - Exit backup verification: Passed
2026-09-12 22:19:56,256 - pms - INFO - PRODUCTION_TRACE license status=Active path=E:\Projects\PMS-Software\backend\licenses\active.lic
2026-09-12 22:20:18,814 - pms - INFO - PRODUCTION_TRACE license storage path=E:\Projects\PMS-Software\backend\licenses\active.lic exists=True
2026-09-12 22:20:21,247 - pms - INFO - Starting Pharmacy Management System backend...
2026-09-12 22:20:21,260 - pms - INFO - Verified notifications table in database.
2026-09-12 22:20:21,544 - pms - ERROR - Error checking backups in notification sync: 'BackupHistory' object has no attribute 'FileName'
2026-09-12 22:20:21,556 - pms - INFO - Completed startup system notifications synchronization.
2026-09-12 22:20:22,492 - pms - INFO - Backup-on-exit skipped: duplicate request within 60 s (last: ExitBackup_12_09_2026_221955.zip)
2026-09-12 22:20:26,538 - pms - INFO - PRODUCTION_TRACE license status=Active path=E:\Projects\PMS-Software\backend\licenses\active.lic
2026-09-12 22:23:46,695 - pms - INFO - Database Backup Executed | Type: Automatic | File: ExitBackup_12_09_2026_222346.zip | Size: 8441 bytes | Status: Success
2026-09-12 22:23:47,179 - pms - INFO - Exit backup verification: Passed
2026-09-12 22:23:54,611 - pms - INFO - PRODUCTION_TRACE auth accepted username=admin user_id=1
2026-09-12 22:24:05,313 - pms - INFO - Backup Settings Updated | User: admin | AutoBackup: False | BackupOnExit: True
2026-09-12 22:24:05,776 - pms - INFO - Backup Settings Updated | User: admin | AutoBackup: False | BackupOnExit: True
2026-09-12 22:24:22,486 - pms - WARNING - PRODUCTION_TRACE auth rejected username=admin reason=password-mismatch
2026-09-12 22:24:22,491 - pms - ERROR - PMSException caught: Incorrect username or password (status: 401) | Path: /api/v1/auth/login
2026-09-12 22:24:28,938 - pms - INFO - PRODUCTION_TRACE auth accepted username=admin user_id=1
2026-09-12 22:32:09,491 - pms - INFO - Database Optimization | User: admin | Reclaimed: 0 bytes
2026-09-12 22:56:22,501 - pms - INFO - AUDIT: User admin imported 5 categories. Skipped: 0. Errors: 0
2026-09-12 22:56:31,081 - pms - INFO - AUDIT: User admin successfully deleted medicine 2 (Amoxil 500mg).
2026-09-12 22:56:33,037 - pms - INFO - AUDIT: User admin successfully deleted medicine 5 (Calpol).
2026-09-12 22:56:35,248 - pms - INFO - AUDIT: User admin successfully deleted medicine 4 (Betnovate).
2026-09-12 22:56:37,329 - pms - INFO - AUDIT: User admin successfully deleted medicine 3 (Gaviscon).
2026-09-12 22:56:39,336 - pms - INFO - AUDIT: User admin successfully deleted medicine 1 (Panadol).
2026-09-12 22:57:08,768 - pms - INFO - AUDIT: User admin imported 5 companies. Skipped: 0. Errors: 0
2026-09-12 22:57:17,553 - pms - INFO - AUDIT: User admin imported 5 suppliers. Skipped: 0. Errors: 0
2026-09-13 00:05:10,124 - pms - INFO - AUDIT: [SCREEN_LOCKED] Screen automatically locked due to inactivity (User: admin)
2026-09-13 00:40:16,933 - pms - WARNING - PRODUCTION_TRACE auth rejected username=admin reason=password-mismatch
2026-09-13 00:40:16,944 - pms - ERROR - PMSException caught: Incorrect username or password (status: 401) | Path: /api/v1/auth/login
2026-09-13 00:40:23,994 - pms - INFO - PRODUCTION_TRACE auth accepted username=admin user_id=1
2026-09-13 00:40:24,024 - pms - INFO - AUDIT: [SCREEN_UNLOCKED] Screen unlocked successfully by user (User: admin)
2026-09-13 00:40:38,140 - pms - INFO - PRODUCTION_TRACE license status=Active path=E:\Projects\PMS-Software\backend\licenses\active.lic
2026-09-13 00:41:21,547 - pms - INFO - PRODUCTION_TRACE license status=Active path=E:\Projects\PMS-Software\backend\licenses\active.lic
2026-09-13 00:42:20,239 - pms - INFO - PRODUCTION_TRACE license status=Active path=E:\Projects\PMS-Software\backend\licenses\active.lic
2026-09-13 00:42:41,972 - pms - INFO - AUDIT: User admin updated user 'cashier 1' (role=cashier, active=True).
2026-09-13 00:48:19,634 - pms - INFO - PRODUCTION_TRACE license storage path=E:\Projects\PMS-Software\backend\licenses\active.lic exists=True
2026-09-13 00:48:22,167 - pms - INFO - Starting Pharmacy Management System backend...
2026-09-13 00:48:22,201 - pms - INFO - Verified notifications table in database.
2026-09-13 00:48:22,425 - pms - ERROR - Error checking backups in notification sync: 'BackupHistory' object has no attribute 'FileName'
2026-09-13 00:48:22,452 - pms - INFO - Completed startup system notifications synchronization.
2026-09-13 00:48:36,455 - pms - INFO - PRODUCTION_TRACE license status=Active path=E:\Projects\PMS-Software\backend\licenses\active.lic
2026-09-13 00:48:58,923 - pms - INFO - PRODUCTION_TRACE license status=Active path=E:\Projects\PMS-Software\backend\licenses\active.lic
2026-09-13 00:49:02,386 - pms - INFO - PRODUCTION_TRACE license status=Active path=E:\Projects\PMS-Software\backend\licenses\active.lic
2026-09-13 00:56:26,144 - pms - INFO - PRODUCTION_TRACE license storage path=E:\Projects\PMS-Software\backend\licenses\active.lic exists=True
2026-09-13 00:56:30,294 - pms - INFO - Starting Pharmacy Management System backend...
2026-09-13 00:56:30,318 - pms - INFO - Verified notifications table in database.
2026-09-13 00:56:30,802 - pms - ERROR - Error checking backups in notification sync: 'BackupHistory' object has no attribute 'FileName'
2026-09-13 00:56:30,819 - pms - INFO - Completed startup system notifications synchronization.
2026-09-13 00:56:35,518 - pms - INFO - PRODUCTION_TRACE license status=Active path=E:\Projects\PMS-Software\backend\licenses\active.lic
2026-09-13 00:57:30,408 - pms - INFO - PRODUCTION_TRACE license storage path=E:\Projects\PMS-Software\backend\licenses\active.lic exists=True
2026-09-13 00:57:34,466 - pms - INFO - Starting Pharmacy Management System backend...
2026-09-13 00:57:34,480 - pms - INFO - Verified notifications table in database.
2026-09-13 00:57:35,207 - pms - ERROR - Error checking backups in notification sync: 'BackupHistory' object has no attribute 'FileName'
2026-09-13 00:57:35,230 - pms - INFO - Completed startup system notifications synchronization.
2026-09-13 00:57:39,508 - pms - INFO - PRODUCTION_TRACE license status=Active path=E:\Projects\PMS-Software\backend\licenses\active.lic
2026-09-13 00:58:28,432 - pms - INFO - PRODUCTION_TRACE license storage path=E:\Projects\PMS-Software\backend\licenses\active.lic exists=True
2026-09-13 00:58:32,084 - pms - INFO - Starting Pharmacy Management System backend...
2026-09-13 00:58:32,098 - pms - INFO - Verified notifications table in database.
2026-09-13 00:58:32,369 - pms - ERROR - Error checking backups in notification sync: 'BackupHistory' object has no attribute 'FileName'
2026-09-13 00:58:32,376 - pms - INFO - Completed startup system notifications synchronization.
2026-09-13 00:58:42,825 - pms - INFO - PRODUCTION_TRACE license status=Active path=E:\Projects\PMS-Software\backend\licenses\active.lic
2026-09-14 21:57:24,579 - pms - INFO - PRODUCTION_TRACE license storage path=E:\Projects\PMS-Software\backend\licenses\active.lic exists=True
2026-09-14 21:57:27,061 - pms - INFO - Starting Pharmacy Management System backend...
2026-09-14 21:57:27,098 - pms - INFO - Verified notifications table in database.
2026-09-14 21:57:27,388 - pms - ERROR - Error checking backups in notification sync: 'BackupHistory' object has no attribute 'FileName'
2026-09-14 21:57:27,394 - pms - INFO - Completed startup system notifications synchronization.
2026-09-14 21:57:44,535 - pms - INFO - PRODUCTION_TRACE license status=Active path=E:\Projects\PMS-Software\backend\licenses\active.lic
2026-09-14 21:57:49,819 - pms - INFO - PRODUCTION_TRACE auth accepted username=admin user_id=1
2026-09-14 21:58:06,341 - pms - INFO - PRODUCTION_TRACE license status=Active path=E:\Projects\PMS-Software\backend\licenses\active.lic
2026-09-14 21:58:08,855 - pms - INFO - PRODUCTION_TRACE license status=Active path=E:\Projects\PMS-Software\backend\licenses\active.lic
2026-09-14 22:10:32,636 - pms - INFO - PRODUCTION_TRACE license status=Active path=E:\Projects\PMS-Software\backend\licenses\active.lic
2026-09-14 22:48:38,082 - pms - INFO - AUDIT: [SCREEN_LOCKED] Screen automatically locked due to inactivity (User: admin)
2026-09-14 22:53:26,398 - pms - INFO - PRODUCTION_TRACE license storage path=E:\Projects\PMS-Software\backend\licenses\active.lic exists=True
2026-09-14 22:53:27,746 - pms - INFO - Starting Pharmacy Management System backend...
2026-09-14 22:53:27,753 - pms - INFO - Verified notifications table in database.
2026-09-14 22:53:27,892 - pms - ERROR - Error checking backups in notification sync: 'BackupHistory' object has no attribute 'FileName'
2026-09-14 22:53:27,904 - pms - INFO - Completed startup system notifications synchronization.
2026-09-15 06:50:52,899 - pms - ERROR - PMSException caught: Session expired. Please log in again. (status: 401) | Path: /api/v1/backup/backup-on-exit
2026-09-15 06:50:58,294 - pms - INFO - PRODUCTION_TRACE license status=Active path=E:\Projects\PMS-Software\backend\licenses\active.lic
2026-09-15 06:55:32,596 - pms - INFO - PRODUCTION_TRACE license status=Active path=E:\Projects\PMS-Software\backend\licenses\active.lic
2026-09-15 06:55:44,883 - pms - INFO - PRODUCTION_TRACE auth accepted username=admin user_id=1
2026-09-15 06:55:53,742 - pms - INFO - PRODUCTION_TRACE auth accepted username=admin user_id=1
2026-09-15 06:55:53,779 - pms - INFO - AUDIT: [SCREEN_UNLOCKED] Screen unlocked successfully by user (User: admin)
2026-09-15 06:56:02,294 - pms - INFO - PRODUCTION_TRACE license status=Active path=E:\Projects\PMS-Software\backend\licenses\active.lic
2026-09-15 07:36:30,846 - pms - INFO - AUDIT: [SCREEN_LOCKED] Screen automatically locked due to inactivity (User: admin)
2026-09-15 09:17:40,781 - pms - INFO - PRODUCTION_TRACE auth accepted username=admin user_id=1
2026-09-15 09:17:40,819 - pms - INFO - AUDIT: [SCREEN_UNLOCKED] Screen unlocked successfully by user (User: admin)
2026-09-15 09:20:26,810 - pms - INFO - Root endpoint accessed
2026-09-15 09:21:33,628 - pms - INFO - PRODUCTION_TRACE auth accepted username=admin user_id=1
2026-09-15 09:21:58,667 - pms - ERROR - Unhandled Exception caught: 'FinancialReportSummary' object has no attribute 'OperatingExpenses' | Path: /api/v1/reports/financial/export/csv
NoneType: None
2026-09-15 09:27:19,796 - pms - INFO - PRODUCTION_TRACE license storage path=E:\Projects\PMS-Software\backend\licenses\active.lic exists=True
2026-09-15 09:27:21,500 - pms - INFO - Starting Pharmacy Management System backend...
2026-09-15 09:27:21,508 - pms - INFO - Verified notifications table in database.
2026-09-15 09:27:21,662 - pms - INFO - Completed startup system notifications synchronization.
2026-09-15 10:46:44,290 - pms - INFO - PRODUCTION_TRACE license storage path=E:\Projects\PMS-Software\backend\licenses\active.lic exists=True
2026-09-15 10:46:45,544 - pms - INFO - Starting Pharmacy Management System backend...
2026-09-15 10:46:45,552 - pms - INFO - Verified notifications table in database.
2026-09-15 10:46:45,717 - pms - INFO - Completed startup system notifications synchronization.
2026-09-15 11:07:53,502 - pms - INFO - PRODUCTION_TRACE license storage path=E:\Projects\PMS-Software\backend\licenses\active.lic exists=True
2026-09-15 11:07:54,780 - pms - INFO - Starting Pharmacy Management System backend...
2026-09-15 11:07:54,795 - pms - INFO - Verified notifications table in database.
2026-09-15 11:07:54,962 - pms - INFO - Completed startup system notifications synchronization.
2026-09-15 11:09:28,980 - pms - INFO - PRODUCTION_TRACE license storage path=E:\Projects\PMS-Software\backend\licenses\active.lic exists=True
2026-09-15 11:10:05,961 - pms - INFO - PRODUCTION_TRACE license storage path=E:\Projects\PMS-Software\backend\licenses\active.lic exists=True
2026-09-15 11:12:30,572 - pms - INFO - PRODUCTION_TRACE license storage path=E:\Projects\PMS-Software\backend\licenses\active.lic exists=True
2026-09-15 11:13:37,663 - pms - INFO - PRODUCTION_TRACE license storage path=E:\Projects\PMS-Software\backend\licenses\active.lic exists=True
2026-09-15 11:13:38,807 - pms - INFO - Starting Pharmacy Management System backend...
2026-09-15 11:13:38,815 - pms - INFO - Verified notifications table in database.
2026-09-15 11:13:38,963 - pms - INFO - Completed startup system notifications synchronization.
2026-09-15 11:23:46,434 - pms - INFO - PRODUCTION_TRACE license storage path=E:\Projects\PMS-Software\backend\licenses\active.lic exists=True
2026-09-15 11:23:47,879 - pms - INFO - Starting Pharmacy Management System backend...
2026-09-15 11:23:47,888 - pms - INFO - Verified notifications table in database.
2026-09-15 11:23:48,043 - pms - INFO - Completed startup system notifications synchronization.
2026-09-15 11:24:27,904 - pms - INFO - PRODUCTION_TRACE license status=Active path=E:\Projects\PMS-Software\backend\licenses\active.lic
2026-09-15 11:25:07,656 - pms - INFO - PRODUCTION_TRACE auth accepted username=admin user_id=1
2026-09-15 12:18:29,851 - pms - INFO - AUDIT: [SCREEN_LOCKED] Screen automatically locked due to inactivity (User: admin)
2026-09-15 12:34:00,838 - pms - INFO - PRODUCTION_TRACE license storage path=E:\Projects\PMS-Software\backend\licenses\active.lic exists=True
2026-09-15 12:34:03,781 - pms - INFO - Starting Pharmacy Management System backend...
2026-09-15 12:34:03,802 - pms - INFO - Verified notifications table in database.
2026-09-15 12:34:04,144 - pms - INFO - Completed startup system notifications synchronization.
2026-09-15 13:49:14,723 - pms - INFO - Root endpoint accessed
2026-09-15 13:50:47,012 - pms - INFO - PRODUCTION_TRACE auth accepted username=admin user_id=1
2026-09-15 13:50:47,050 - pms - INFO - AUDIT: [SCREEN_UNLOCKED] Screen unlocked successfully by user (User: admin)
2026-09-15 13:50:50,697 - pms - INFO - PRODUCTION_TRACE license status=Active path=E:\Projects\PMS-Software\backend\licenses\active.lic
2026-09-15 13:54:51,833 - pms - INFO - PRODUCTION_TRACE license status=Active path=E:\Projects\PMS-Software\backend\licenses\active.lic
2026-09-15 13:55:58,196 - pms - INFO - AUDIT: User admin imported 5 customers. Skipped: 0. Errors: 0
2026-09-15 13:56:19,346 - pms - INFO - PRODUCTION_TRACE license status=Active path=E:\Projects\PMS-Software\backend\licenses\active.lic
2026-09-15 14:22:36,720 - pms - INFO - AUDIT: User admin updated Pharmacy Branding (Name/Profile).
2026-09-15 14:47:20,512 - pms - INFO - PRODUCTION_TRACE license status=Active path=E:\Projects\PMS-Software\backend\licenses\active.lic
2026-09-15 14:47:26,987 - pms - INFO - PRODUCTION_TRACE license status=Active path=E:\Projects\PMS-Software\backend\licenses\active.lic
2026-09-15 15:04:49,547 - pms - INFO - PRODUCTION_TRACE license status=Active path=E:\Projects\PMS-Software\backend\licenses\active.lic
2026-09-15 15:07:17,131 - pms - INFO - PRODUCTION_TRACE license status=Active path=E:\Projects\PMS-Software\backend\licenses\active.lic
2026-09-15 15:07:53,684 - pms - INFO - PRODUCTION_TRACE license status=Active path=E:\Projects\PMS-Software\backend\licenses\active.lic
2026-09-15 15:08:14,780 - pms - INFO - PRODUCTION_TRACE auth accepted username=admin user_id=1
2026-09-15 15:08:28,586 - pms - INFO - PRODUCTION_TRACE license status=Active path=E:\Projects\PMS-Software\backend\licenses\active.lic
2026-09-15 15:09:02,046 - pms - INFO - Backup Settings Updated | User: admin | AutoBackup: False | BackupOnExit: True
2026-09-15 15:09:15,050 - pms - INFO - PRODUCTION_TRACE auth accepted username=admin user_id=1
2026-09-15 15:13:06,761 - pms - INFO - PRODUCTION_TRACE license status=Active path=E:\Projects\PMS-Software\backend\licenses\active.lic
2026-09-15 21:48:12,944 - pms - INFO - PRODUCTION_TRACE license storage path=E:\Projects\PMS-Software\backend\licenses\active.lic exists=True
2026-09-15 21:48:14,467 - pms - INFO - Starting Pharmacy Management System backend...
2026-09-15 21:48:14,487 - pms - INFO - Verified notifications table in database.
2026-09-15 21:48:14,647 - pms - INFO - Completed startup system notifications synchronization.
2026-09-15 22:52:37,363 - pms - CRITICAL - SECURITY: SECRET_KEY is set to the insecure default value. Set a strong random SECRET_KEY in backend/.env before any production deployment.
2026-09-15 22:52:38,080 - pms - INFO - PRODUCTION_TRACE license storage path=E:\Projects\PMS-Software\backend\licenses\active.lic exists=True
2026-09-15 22:52:41,455 - pms - INFO - Starting Pharmacy Management System backend...
2026-09-15 22:52:41,535 - pms - INFO - Verified notifications table in database.
2026-09-15 22:52:42,143 - pms - INFO - Completed startup system notifications synchronization.
2026-09-15 22:52:54,310 - pms - INFO - PRODUCTION_TRACE license status=Active path=E:\Projects\PMS-Software\backend\licenses\active.lic
2026-09-15 22:52:58,858 - pms - CRITICAL - SECURITY: SECRET_KEY is set to the insecure default value. Set a strong random SECRET_KEY in backend/.env before any production deployment.
2026-09-15 22:53:00,241 - pms - INFO - PRODUCTION_TRACE auth accepted username=admin user_id=1
2026-09-15 22:53:07,000 - pms - INFO - PRODUCTION_TRACE license status=Active path=E:\Projects\PMS-Software\backend\licenses\active.lic
2026-09-15 22:53:49,703 - pms - INFO - PRODUCTION_TRACE license storage path=E:\Projects\PMS-Software\backend\licenses\active.lic exists=True
2026-09-15 22:53:51,002 - pms - INFO - Starting Pharmacy Management System backend...
2026-09-15 22:53:51,035 - pms - INFO - Verified notifications table in database.
2026-09-15 22:53:51,193 - pms - INFO - Completed startup system notifications synchronization.
2026-09-15 22:53:51,476 - pms - INFO - Root endpoint accessed
2026-09-15 22:54:59,835 - pms - WARNING - PRODUCTION_TRACE auth rejected username=admin reason=password-mismatch
2026-09-15 22:54:59,836 - pms - ERROR - PMSException caught: Incorrect username or password (status: 401) | Path: /api/v1/auth/login
2026-09-15 22:55:27,511 - pms - CRITICAL - SECURITY: SECRET_KEY is set to the insecure default value. Set a strong random SECRET_KEY in backend/.env before any production deployment.
2026-09-15 22:55:35,090 - pms - INFO - PRODUCTION_TRACE auth accepted username=admin user_id=1
2026-09-15 22:55:43,243 - pms - INFO - PRODUCTION_TRACE license status=Active path=E:\Projects\PMS-Software\backend\licenses\active.lic
2026-09-15 22:55:43,366 - pms - INFO - PRODUCTION_TRACE auth accepted username=admin user_id=1
2026-09-15 22:56:09,959 - pms - INFO - PRODUCTION_TRACE auth accepted username=admin user_id=1
2026-09-15 22:57:27,543 - pms - INFO - PRODUCTION_TRACE license storage path=E:\Projects\PMS-Software\backend\licenses\active.lic exists=True
2026-09-15 22:57:28,965 - pms - INFO - Starting Pharmacy Management System backend...
2026-09-15 22:57:28,991 - pms - INFO - Verified notifications table in database.
2026-09-15 22:57:29,153 - pms - INFO - Completed startup system notifications synchronization.
2026-09-15 22:57:30,304 - pms - INFO - Root endpoint accessed
2026-09-15 22:58:34,102 - pms - INFO - PRODUCTION_TRACE license storage path=E:\Projects\PMS-Software\backend\licenses\active.lic exists=True
2026-09-15 22:58:35,284 - pms - INFO - Starting Pharmacy Management System backend...
2026-09-15 22:58:35,310 - pms - INFO - Verified notifications table in database.
2026-09-15 22:58:35,463 - pms - INFO - Completed startup system notifications synchronization.
2026-09-15 22:58:36,086 - pms - INFO - Root endpoint accessed
2026-09-15 22:58:38,113 - pms - INFO - PRODUCTION_TRACE auth accepted username=admin user_id=1
2026-09-15 22:58:38,878 - pms - INFO - PRODUCTION_TRACE auth accepted username=admin user_id=1
2026-09-15 23:04:38,772 - pms - INFO - PRODUCTION_TRACE license storage path=E:\Projects\PMS-Software\backend\licenses\active.lic exists=True
2026-09-15 23:04:39,847 - pms - INFO - Starting Pharmacy Management System backend...
2026-09-15 23:04:39,871 - pms - INFO - Verified notifications table in database.
2026-09-15 23:04:40,012 - pms - INFO - Completed startup system notifications synchronization.
2026-09-15 23:04:40,361 - pms - INFO - Root endpoint accessed
2026-09-15 23:04:42,270 - pms - INFO - PRODUCTION_TRACE auth accepted username=admin user_id=1
2026-09-15 23:04:43,044 - pms - INFO - PRODUCTION_TRACE auth accepted username=admin user_id=1
2026-09-15 23:09:44,037 - pms - CRITICAL - SECURITY: SECRET_KEY is set to the insecure default value. Set a strong random SECRET_KEY in backend/.env before any production deployment.
2026-09-15 23:12:42,660 - pms - CRITICAL - SECURITY: SECRET_KEY is set to the insecure default value. Set a strong random SECRET_KEY in backend/.env before any production deployment.
2026-09-15 23:13:32,257 - pms - INFO - PRODUCTION_TRACE license storage path=E:\Projects\PMS-Software\backend\licenses\active.lic exists=True
2026-09-15 23:13:34,406 - pms - INFO - Starting Pharmacy Management System backend...
2026-09-15 23:13:34,458 - pms - INFO - Verified notifications table in database.
2026-09-15 23:13:34,713 - pms - INFO - Completed startup system notifications synchronization.
2026-09-15 23:13:35,151 - pms - INFO - Root endpoint accessed
2026-09-15 23:14:03,471 - pms - INFO - PRODUCTION_TRACE license storage path=E:\Projects\PMS-Software\backend\licenses\active.lic exists=True
2026-09-15 23:14:05,403 - pms - INFO - Starting Pharmacy Management System backend...
2026-09-15 23:14:05,450 - pms - INFO - Verified notifications table in database.
2026-09-15 23:14:05,713 - pms - INFO - Completed startup system notifications synchronization.
2026-09-15 23:14:06,488 - pms - INFO - Root endpoint accessed
2026-09-16 00:56:30,750 - pms - INFO - Unstamped schema detected; stamping to head (b3c4d5e6f7a8b9c0d1e2f3).
2026-09-16 01:33:48,052 - pms - CRITICAL - SECURITY: SECRET_KEY is set to the insecure default value. Set a strong random SECRET_KEY in backend/.env before any production deployment.
2026-09-16 01:33:48,590 - pms - INFO - PRODUCTION_TRACE license storage path=E:\Projects\PMS-Software\backend\licenses\active.lic exists=True
2026-09-16 01:33:50,239 - pms - INFO - Starting Pharmacy Management System backend...
2026-09-16 01:33:50,583 - alembic.runtime.plugins - INFO - setup plugin alembic.autogenerate.schemas
2026-09-16 01:33:50,583 - alembic.runtime.plugins - INFO - setup plugin alembic.autogenerate.tables
2026-09-16 01:33:50,583 - alembic.runtime.plugins - INFO - setup plugin alembic.autogenerate.types
2026-09-16 01:33:50,584 - alembic.runtime.plugins - INFO - setup plugin alembic.autogenerate.constraints
2026-09-16 01:33:50,584 - alembic.runtime.plugins - INFO - setup plugin alembic.autogenerate.defaults
2026-09-16 01:33:50,584 - alembic.runtime.plugins - INFO - setup plugin alembic.autogenerate.comments
2026-09-16 01:33:50,584 - alembic.runtime.plugins - INFO - setup plugin alembic.autogenerate.checkconstraint_byname
2026-09-16 01:33:50,675 - pms - INFO - Database at revision a1b2c3d4e5f6a7b8; upgrading to head (b3c4d5e6f7a8b9c0d1e2f3).
2026-09-16 08:30:47,897 - pms - CRITICAL - SECURITY: SECRET_KEY is set to the insecure default value. Set a strong random SECRET_KEY in backend/.env before any production deployment.
2026-09-16 08:45:23,598 - pms - CRITICAL - SECURITY: SECRET_KEY is set to the insecure default value. Set a strong random SECRET_KEY in backend/.env before any production deployment.
2026-09-16 08:45:24,352 - pms - INFO - PRODUCTION_TRACE license storage path=E:\Projects/PMS-Software/backend\licenses\active.lic exists=True
2026-09-16 08:45:27,082 - pms - INFO - Starting Pharmacy Management System backend...
2026-09-16 08:45:27,846 - alembic.runtime.plugins - INFO - setup plugin alembic.autogenerate.schemas
2026-09-16 08:45:27,846 - alembic.runtime.plugins - INFO - setup plugin alembic.autogenerate.tables
2026-09-16 08:45:27,846 - alembic.runtime.plugins - INFO - setup plugin alembic.autogenerate.types
2026-09-16 08:45:27,846 - alembic.runtime.plugins - INFO - setup plugin alembic.autogenerate.constraints
2026-09-16 08:45:27,846 - alembic.runtime.plugins - INFO - setup plugin alembic.autogenerate.defaults
2026-09-16 08:45:27,847 - alembic.runtime.plugins - INFO - setup plugin alembic.autogenerate.comments
2026-09-16 08:45:27,847 - alembic.runtime.plugins - INFO - setup plugin alembic.autogenerate.checkconstraint_byname
2026-09-16 08:45:28,069 - pms - INFO - Database at revision a1b2c3d4e5f6a7b8; upgrading to head (b3c4d5e6f7a8b9c0d1e2f3).
2026-09-16 08:45:32,749 - pms - CRITICAL - SECURITY: SECRET_KEY is set to the insecure default value. Set a strong random SECRET_KEY in backend/.env before any production deployment.
2026-09-16 08:45:33,486 - pms - INFO - PRODUCTION_TRACE license storage path=E:\Projects\PMS-Software\backend\licenses\active.lic exists=True
2026-09-16 08:45:35,626 - pms - INFO - Starting Pharmacy Management System backend...
2026-09-16 08:45:36,194 - alembic.runtime.plugins - INFO - setup plugin alembic.autogenerate.schemas
2026-09-16 08:45:36,195 - alembic.runtime.plugins - INFO - setup plugin alembic.autogenerate.tables
2026-09-16 08:45:36,195 - alembic.runtime.plugins - INFO - setup plugin alembic.autogenerate.types
2026-09-16 08:45:36,195 - alembic.runtime.plugins - INFO - setup plugin alembic.autogenerate.constraints
2026-09-16 08:45:36,195 - alembic.runtime.plugins - INFO - setup plugin alembic.autogenerate.defaults
2026-09-16 08:45:36,195 - alembic.runtime.plugins - INFO - setup plugin alembic.autogenerate.comments
2026-09-16 08:45:36,195 - alembic.runtime.plugins - INFO - setup plugin alembic.autogenerate.checkconstraint_byname
2026-09-16 08:45:36,402 - pms - INFO - Database schema already at migration head (b3c4d5e6f7a8b9c0d1e2f3).
2026-09-16 08:45:36,592 - pms - INFO - Completed startup system notifications synchronization.
2026-09-16 08:45:36,983 - pms - INFO - Root endpoint accessed
2026-09-16 08:45:36,986 - httpx - INFO - HTTP Request: GET http://testserver/ "HTTP/1.1 200 OK"
2026-09-16 08:45:36,992 - httpx - INFO - HTTP Request: GET http://testserver/health "HTTP/1.1 404 Not Found"
2026-09-16 08:50:46,659 - pms - CRITICAL - SECURITY: SECRET_KEY is set to the insecure default value. Set a strong random SECRET_KEY in backend/.env before any production deployment.
2026-09-16 08:50:47,386 - pms - INFO - PRODUCTION_TRACE license storage path=E:\Projects\PMS-Software\backend\licenses\active.lic exists=True
2026-09-16 08:50:49,269 - pms - INFO - Starting Pharmacy Management System backend...
2026-09-16 08:50:49,883 - alembic.runtime.plugins - INFO - setup plugin alembic.autogenerate.schemas
2026-09-16 08:50:49,883 - alembic.runtime.plugins - INFO - setup plugin alembic.autogenerate.tables
2026-09-16 08:50:49,883 - alembic.runtime.plugins - INFO - setup plugin alembic.autogenerate.types
2026-09-16 08:50:49,884 - alembic.runtime.plugins - INFO - setup plugin alembic.autogenerate.constraints
2026-09-16 08:50:49,884 - alembic.runtime.plugins - INFO - setup plugin alembic.autogenerate.defaults
2026-09-16 08:50:49,884 - alembic.runtime.plugins - INFO - setup plugin alembic.autogenerate.comments
2026-09-16 08:50:49,884 - alembic.runtime.plugins - INFO - setup plugin alembic.autogenerate.checkconstraint_byname
2026-09-16 08:50:50,049 - pms - INFO - Unstamped schema detected; stamping to head (b3c4d5e6f7a8b9c0d1e2f3).
2026-09-16 10:48:56,064 - pms - CRITICAL - SECURITY: SECRET_KEY is set to the insecure default value. Set a strong random SECRET_KEY in backend/.env before any production deployment.
2026-09-16 10:48:56,612 - pms - INFO - PRODUCTION_TRACE license storage path=E:\Projects\PMS-Software\backend\licenses\active.lic exists=True
2026-09-16 10:48:58,247 - pms - INFO - Starting Pharmacy Management System backend...
2026-09-16 10:48:58,841 - alembic.runtime.plugins - INFO - setup plugin alembic.autogenerate.schemas
2026-09-16 10:48:58,841 - alembic.runtime.plugins - INFO - setup plugin alembic.autogenerate.tables
2026-09-16 10:48:58,841 - alembic.runtime.plugins - INFO - setup plugin alembic.autogenerate.types
2026-09-16 10:48:58,841 - alembic.runtime.plugins - INFO - setup plugin alembic.autogenerate.constraints
2026-09-16 10:48:58,841 - alembic.runtime.plugins - INFO - setup plugin alembic.autogenerate.defaults
2026-09-16 10:48:58,842 - alembic.runtime.plugins - INFO - setup plugin alembic.autogenerate.comments
2026-09-16 10:48:58,842 - alembic.runtime.plugins - INFO - setup plugin alembic.autogenerate.checkconstraint_byname
2026-09-16 10:48:58,968 - pms - INFO - Database at revision a1b2c3d4e5f6a7b8; upgrading to head (b3c4d5e6f7a8b9c0d1e2f3).
2026-09-16 11:24:48,943 - pms - CRITICAL - SECURITY: SECRET_KEY is set to the insecure default value. Set a strong random SECRET_KEY in backend/.env before any production deployment.
2026-09-16 11:24:49,954 - pms - INFO - PRODUCTION_TRACE license storage path=E:\Projects\PMS-Software\backend\licenses\active.lic exists=True
2026-09-16 11:24:55,228 - pms - INFO - Starting Pharmacy Management System backend...
2026-09-16 11:24:56,678 - alembic.runtime.plugins - INFO - setup plugin alembic.autogenerate.schemas
2026-09-16 11:24:56,678 - alembic.runtime.plugins - INFO - setup plugin alembic.autogenerate.tables
2026-09-16 11:24:56,678 - alembic.runtime.plugins - INFO - setup plugin alembic.autogenerate.types
2026-09-16 11:24:56,679 - alembic.runtime.plugins - INFO - setup plugin alembic.autogenerate.constraints
2026-09-16 11:24:56,679 - alembic.runtime.plugins - INFO - setup plugin alembic.autogenerate.defaults
2026-09-16 11:24:56,679 - alembic.runtime.plugins - INFO - setup plugin alembic.autogenerate.comments
2026-09-16 11:24:56,679 - alembic.runtime.plugins - INFO - setup plugin alembic.autogenerate.checkconstraint_byname
2026-09-16 11:24:58,307 - pms - INFO - Database schema already at migration head (b3c4d5e6f7a8b9c0d1e2f3).
2026-09-16 11:24:58,776 - pms - INFO - Completed startup system notifications synchronization.
2026-09-16 11:24:59,024 - pms - INFO - PRODUCTION_TRACE license status=Active path=E:\Projects\PMS-Software\backend\licenses\active.lic
2026-09-16 11:25:02,280 - pms - INFO - PRODUCTION_TRACE license status=Active path=E:\Projects\PMS-Software\backend\licenses\active.lic
2026-09-16 11:25:07,703 - pms - INFO - PRODUCTION_TRACE license status=Active path=E:\Projects\PMS-Software\backend\licenses\active.lic
2026-09-16 11:56:08,154 - pms - INFO - AUDIT: [SCREEN_LOCKED] Screen automatically locked due to inactivity (User: admin)
2026-09-16 14:07:40,735 - pms - CRITICAL - SECURITY: SECRET_KEY is set to the insecure default value. Set a strong random SECRET_KEY in backend/.env before any production deployment.
2026-09-16 14:07:41,597 - pms - INFO - PRODUCTION_TRACE license storage path=E:\Projects\PMS-Software\backend\licenses\active.lic exists=True
2026-09-16 14:07:45,002 - pms - INFO - Starting Pharmacy Management System backend...
2026-09-16 14:07:46,313 - alembic.runtime.plugins - INFO - setup plugin alembic.autogenerate.schemas
2026-09-16 14:07:46,313 - alembic.runtime.plugins - INFO - setup plugin alembic.autogenerate.tables
2026-09-16 14:07:46,314 - alembic.runtime.plugins - INFO - setup plugin alembic.autogenerate.types
2026-09-16 14:07:46,314 - alembic.runtime.plugins - INFO - setup plugin alembic.autogenerate.constraints
2026-09-16 14:07:46,314 - alembic.runtime.plugins - INFO - setup plugin alembic.autogenerate.defaults
2026-09-16 14:07:46,314 - alembic.runtime.plugins - INFO - setup plugin alembic.autogenerate.comments
2026-09-16 14:07:46,315 - alembic.runtime.plugins - INFO - setup plugin alembic.autogenerate.checkconstraint_byname
2026-09-16 14:07:46,671 - pms - INFO - Database schema already at migration head (b3c4d5e6f7a8b9c0d1e2f3).
2026-09-16 14:07:47,086 - pms - INFO - Completed startup system notifications synchronization.
2026-09-16 14:08:01,698 - pms - INFO - PRODUCTION_TRACE license status=Active path=E:\Projects\PMS-Software\backend\licenses\active.lic
2026-09-16 14:08:07,702 - pms - INFO - PRODUCTION_TRACE auth accepted username=admin user_id=1
2026-09-16 14:08:12,677 - pms - INFO - PRODUCTION_TRACE license status=Active path=E:\Projects\PMS-Software\backend\licenses\active.lic
2026-09-16 14:09:00,495 - pms - CRITICAL - SECURITY: SECRET_KEY is set to the insecure default value. Set a strong random SECRET_KEY in backend/.env before any production deployment.
2026-09-16 14:09:59,966 - pms - CRITICAL - SECURITY: SECRET_KEY is set to the insecure default value. Set a strong random SECRET_KEY in backend/.env before any production deployment.
2026-09-16 14:10:00,705 - pms - INFO - PRODUCTION_TRACE license storage path=E:\Projects\PMS-Software\backend\licenses\active.lic exists=True
2026-09-16 14:10:03,894 - pms - INFO - Starting Pharmacy Management System backend...
2026-09-16 14:10:04,726 - alembic.runtime.plugins - INFO - setup plugin alembic.autogenerate.schemas
2026-09-16 14:10:04,727 - alembic.runtime.plugins - INFO - setup plugin alembic.autogenerate.tables
2026-09-16 14:10:04,729 - alembic.runtime.plugins - INFO - setup plugin alembic.autogenerate.types
2026-09-16 14:10:04,732 - alembic.runtime.plugins - INFO - setup plugin alembic.autogenerate.constraints
2026-09-16 14:10:04,733 - alembic.runtime.plugins - INFO - setup plugin alembic.autogenerate.defaults
2026-09-16 14:10:04,755 - alembic.runtime.plugins - INFO - setup plugin alembic.autogenerate.comments
2026-09-16 14:10:04,761 - alembic.runtime.plugins - INFO - setup plugin alembic.autogenerate.checkconstraint_byname
2026-09-16 14:10:05,069 - pms - INFO - Database schema already at migration head (b3c4d5e6f7a8b9c0d1e2f3).
2026-09-16 14:10:05,635 - pms - INFO - Completed startup system notifications synchronization.
2026-09-16 14:10:14,183 - pms - INFO - PRODUCTION_TRACE license status=Active path=E:\Projects\PMS-Software\backend\licenses\active.lic
2026-09-16 14:14:44,504 - pms - CRITICAL - SECURITY: SECRET_KEY is set to the insecure default value. Set a strong random SECRET_KEY in backend/.env before any production deployment.
2026-09-16 14:15:02,067 - pms - CRITICAL - SECURITY: SECRET_KEY is set to the insecure default value. Set a strong random SECRET_KEY in backend/.env before any production deployment.
2026-09-16 18:24:17,784 - pms - CRITICAL - SECURITY: SECRET_KEY is set to the insecure default value. Set a strong random SECRET_KEY in backend/.env before any production deployment.
2026-09-16 18:24:18,371 - pms - INFO - PRODUCTION_TRACE license storage path=E:\Projects\PMS-Software\backend\licenses\active.lic exists=True
2026-09-16 18:24:19,941 - pms - INFO - Starting Pharmacy Management System backend...
2026-09-16 18:24:20,412 - alembic.runtime.plugins - INFO - setup plugin alembic.autogenerate.schemas
2026-09-16 18:24:20,412 - alembic.runtime.plugins - INFO - setup plugin alembic.autogenerate.tables
2026-09-16 18:24:20,412 - alembic.runtime.plugins - INFO - setup plugin alembic.autogenerate.types
2026-09-16 18:24:20,413 - alembic.runtime.plugins - INFO - setup plugin alembic.autogenerate.constraints
2026-09-16 18:24:20,413 - alembic.runtime.plugins - INFO - setup plugin alembic.autogenerate.defaults
2026-09-16 18:24:20,413 - alembic.runtime.plugins - INFO - setup plugin alembic.autogenerate.comments
2026-09-16 18:24:20,413 - alembic.runtime.plugins - INFO - setup plugin alembic.autogenerate.checkconstraint_byname
2026-09-16 18:24:20,556 - pms - INFO - Database schema already at migration head (b3c4d5e6f7a8b9c0d1e2f3).
2026-09-16 18:24:20,737 - pms - INFO - Completed startup system notifications synchronization.
2026-09-16 20:33:57,613 - pms - INFO - PRODUCTION_TRACE license status=Active path=E:\Projects\PMS-Software\backend\licenses\active.lic
2026-09-16 20:34:08,549 - pms - INFO - PRODUCTION_TRACE auth accepted username=admin user_id=1
2026-09-16 20:35:59,858 - pms - INFO - PRODUCTION_TRACE license status=Active path=E:\Projects\PMS-Software\backend\licenses\active.lic
2026-09-16 20:38:20,263 - pms - INFO - PRODUCTION_TRACE license status=Active path=E:\Projects\PMS-Software\backend\licenses\active.lic
2026-09-16 20:42:01,964 - pms - INFO - PRODUCTION_TRACE license status=Active path=E:\Projects\PMS-Software\backend\licenses\active.lic
2026-09-16 20:43:53,556 - pms - INFO - PRODUCTION_TRACE license status=Active path=E:\Projects\PMS-Software\backend\licenses\active.lic
2026-09-16 21:16:08,143 - pms - INFO - AUDIT: [SCREEN_LOCKED] Screen automatically locked due to inactivity (User: admin)
2026-09-16 21:43:54,809 - pms - INFO - PRODUCTION_TRACE license status=Active path=E:\Projects\PMS-Software\backend\licenses\active.lic
2026-09-16 21:43:59,266 - pms - INFO - PRODUCTION_TRACE auth accepted username=admin user_id=1
2026-09-16 21:43:59,283 - pms - INFO - AUDIT: [SCREEN_UNLOCKED] Screen unlocked successfully by user (User: admin)
2026-09-16 21:44:03,926 - pms - INFO - PRODUCTION_TRACE license status=Active path=E:\Projects\PMS-Software\backend\licenses\active.lic
2026-09-16 22:05:41,788 - pms - INFO - PRODUCTION_TRACE license status=Active path=E:\Projects\PMS-Software\backend\licenses\active.lic
2026-09-16 22:31:25,324 - pms - CRITICAL - SECURITY: SECRET_KEY is set to the insecure default value. Set a strong random SECRET_KEY in backend/.env before any production deployment.
2026-09-16 22:34:40,896 - pms - CRITICAL - SECURITY: SECRET_KEY is set to the insecure default value. Set a strong random SECRET_KEY in backend/.env before any production deployment.
2026-09-16 22:35:05,292 - pms - CRITICAL - SECURITY: SECRET_KEY is set to the insecure default value. Set a strong random SECRET_KEY in backend/.env before any production deployment.
2026-09-16 22:37:08,160 - pms - INFO - AUDIT: [SCREEN_LOCKED] Screen automatically locked due to inactivity (User: admin)
2026-09-16 22:40:34,291 - pms - CRITICAL - SECURITY: SECRET_KEY is set to the insecure default value. Set a strong random SECRET_KEY in backend/.env before any production deployment.
2026-09-16 23:24:23,879 - pms - INFO - PRODUCTION_TRACE auth accepted username=admin user_id=1
2026-09-16 23:24:23,909 - pms - INFO - AUDIT: [SCREEN_UNLOCKED] Screen unlocked successfully by user (User: admin)
2026-09-16 23:24:31,168 - pms - INFO - PRODUCTION_TRACE license status=Active path=E:\Projects\PMS-Software\backend\licenses\active.lic
2026-09-16 23:31:20,189 - pms - INFO - PRODUCTION_TRACE license status=Active path=E:\Projects\PMS-Software\backend\licenses\active.lic
2026-09-16 23:47:04,239 - pms - INFO - Clear Temp Data | User: admin | Deleted 1 files | Reclaimed: 0.37 KB
2026-09-16 23:57:37,057 - pms - CRITICAL - SECURITY: SECRET_KEY is set to the insecure default value. Set a strong random SECRET_KEY in backend/.env before any production deployment.
2026-09-16 23:57:38,142 - pms - INFO - PRODUCTION_TRACE license storage path=E:\Projects\PMS-Software\backend\licenses\active.lic exists=True
2026-09-16 23:57:40,371 - pms - INFO - Starting Pharmacy Management System backend...
2026-09-16 23:57:41,109 - alembic.runtime.plugins - INFO - setup plugin alembic.autogenerate.schemas
2026-09-16 23:57:41,109 - alembic.runtime.plugins - INFO - setup plugin alembic.autogenerate.tables
2026-09-16 23:57:41,109 - alembic.runtime.plugins - INFO - setup plugin alembic.autogenerate.types
2026-09-16 23:57:41,109 - alembic.runtime.plugins - INFO - setup plugin alembic.autogenerate.constraints
2026-09-16 23:57:41,110 - alembic.runtime.plugins - INFO - setup plugin alembic.autogenerate.defaults
2026-09-16 23:57:41,110 - alembic.runtime.plugins - INFO - setup plugin alembic.autogenerate.comments
2026-09-16 23:57:41,110 - alembic.runtime.plugins - INFO - setup plugin alembic.autogenerate.checkconstraint_byname
2026-09-16 23:57:41,292 - pms - INFO - Database schema already at migration head (b3c4d5e6f7a8b9c0d1e2f3).
2026-09-16 23:57:41,456 - pms - INFO - Completed startup system notifications synchronization.
2026-09-17 00:10:43,537 - pms - INFO - PRODUCTION_TRACE license status=Active path=E:\Projects\PMS-Software\backend\licenses\active.lic
2026-09-17 00:11:37,252 - pms - CRITICAL - SECURITY: SECRET_KEY is set to the insecure default value. Set a strong random SECRET_KEY in backend/.env before any production deployment.
2026-09-17 00:11:37,842 - pms - INFO - PRODUCTION_TRACE license storage path=E:\Projects\PMS-Software\backend\licenses\active.lic exists=True
2026-09-17 00:11:39,689 - pms - INFO - Starting Pharmacy Management System backend...
2026-09-17 00:11:40,160 - alembic.runtime.plugins - INFO - setup plugin alembic.autogenerate.schemas
2026-09-17 00:11:40,160 - alembic.runtime.plugins - INFO - setup plugin alembic.autogenerate.tables
2026-09-17 00:11:40,160 - alembic.runtime.plugins - INFO - setup plugin alembic.autogenerate.types
2026-09-17 00:11:40,160 - alembic.runtime.plugins - INFO - setup plugin alembic.autogenerate.constraints
2026-09-17 00:11:40,160 - alembic.runtime.plugins - INFO - setup plugin alembic.autogenerate.defaults
2026-09-17 00:11:40,161 - alembic.runtime.plugins - INFO - setup plugin alembic.autogenerate.comments
2026-09-17 00:11:40,161 - alembic.runtime.plugins - INFO - setup plugin alembic.autogenerate.checkconstraint_byname
2026-09-17 00:11:40,305 - pms - INFO - Database schema already at migration head (b3c4d5e6f7a8b9c0d1e2f3).
2026-09-17 00:11:40,564 - pms - INFO - Completed startup system notifications synchronization.
2026-09-17 00:12:10,043 - pms - INFO - PRODUCTION_TRACE license status=Active path=E:\Projects\PMS-Software\backend\licenses\active.lic
2026-09-17 00:38:07,552 - pms - CRITICAL - SECURITY: SECRET_KEY is set to the insecure default value. Set a strong random SECRET_KEY in backend/.env before any production deployment.
2026-09-17 00:39:51,635 - pms - CRITICAL - SECURITY: SECRET_KEY is set to the insecure default value. Set a strong random SECRET_KEY in backend/.env before any production deployment.
2026-09-17 00:43:08,161 - pms - INFO - AUDIT: [SCREEN_LOCKED] Screen automatically locked due to inactivity (User: admin)
2026-09-17 00:45:48,753 - pms - CRITICAL - SECURITY: SECRET_KEY is set to the insecure default value. Set a strong random SECRET_KEY in backend/.env before any production deployment.
2026-09-17 00:51:09,264 - pms - CRITICAL - SECURITY: SECRET_KEY is set to the insecure default value. Set a strong random SECRET_KEY in backend/.env before any production deployment.
2026-09-17 08:53:25,912 - pms - CRITICAL - SECURITY: SECRET_KEY is set to the insecure default value. Set a strong random SECRET_KEY in backend/.env before any production deployment.
2026-09-17 08:53:27,176 - pms - INFO - PRODUCTION_TRACE license storage path=E:\Projects\PMS-Software\backend\licenses\active.lic exists=True
2026-09-17 08:53:29,882 - pms - INFO - Starting Pharmacy Management System backend...
2026-09-17 08:53:30,615 - alembic.runtime.plugins - INFO - setup plugin alembic.autogenerate.schemas
2026-09-17 08:53:30,615 - alembic.runtime.plugins - INFO - setup plugin alembic.autogenerate.tables
2026-09-17 08:53:30,615 - alembic.runtime.plugins - INFO - setup plugin alembic.autogenerate.types
2026-09-17 08:53:30,615 - alembic.runtime.plugins - INFO - setup plugin alembic.autogenerate.constraints
2026-09-17 08:53:30,615 - alembic.runtime.plugins - INFO - setup plugin alembic.autogenerate.defaults
2026-09-17 08:53:30,615 - alembic.runtime.plugins - INFO - setup plugin alembic.autogenerate.comments
2026-09-17 08:53:30,615 - alembic.runtime.plugins - INFO - setup plugin alembic.autogenerate.checkconstraint_byname
2026-09-17 08:53:30,884 - pms - INFO - Database schema already at migration head (b3c4d5e6f7a8b9c0d1e2f3).
2026-09-17 08:53:31,241 - pms - INFO - Completed startup system notifications synchronization.
2026-09-17 09:27:04,599 - pms - CRITICAL - SECURITY: SECRET_KEY is set to the insecure default value. Set a strong random SECRET_KEY in backend/.env before any production deployment.
2026-09-17 09:39:33,983 - pms - CRITICAL - SECURITY: SECRET_KEY is set to the insecure default value. Set a strong random SECRET_KEY in backend/.env before any production deployment.
2026-09-17 09:39:34,775 - pms - INFO - PRODUCTION_TRACE license storage path=E:\Projects\PMS-Software\backend\licenses\active.lic exists=True
2026-09-17 09:39:38,058 - pms - INFO - Starting Pharmacy Management System backend...
2026-09-17 09:39:38,794 - alembic.runtime.plugins - INFO - setup plugin alembic.autogenerate.schemas
2026-09-17 09:39:38,795 - alembic.runtime.plugins - INFO - setup plugin alembic.autogenerate.tables
2026-09-17 09:39:38,795 - alembic.runtime.plugins - INFO - setup plugin alembic.autogenerate.types
2026-09-17 09:39:38,795 - alembic.runtime.plugins - INFO - setup plugin alembic.autogenerate.constraints
2026-09-17 09:39:38,795 - alembic.runtime.plugins - INFO - setup plugin alembic.autogenerate.defaults
2026-09-17 09:39:38,795 - alembic.runtime.plugins - INFO - setup plugin alembic.autogenerate.comments
2026-09-17 09:39:38,795 - alembic.runtime.plugins - INFO - setup plugin alembic.autogenerate.checkconstraint_byname
2026-09-17 09:39:39,206 - pms - INFO - Database schema already at migration head (b3c4d5e6f7a8b9c0d1e2f3).
2026-09-17 09:39:39,763 - pms - INFO - Completed startup system notifications synchronization.
2026-09-17 09:39:48,995 - pms - INFO - PRODUCTION_TRACE license status=Active path=E:\Projects\PMS-Software\backend\licenses\active.lic
2026-09-17 09:40:12,423 - pms - INFO - PRODUCTION_TRACE auth accepted username=admin user_id=1
2026-09-17 09:40:18,715 - pms - INFO - PRODUCTION_TRACE auth accepted username=admin user_id=1
2026-09-17 09:40:18,741 - pms - INFO - AUDIT: [SCREEN_UNLOCKED] Screen unlocked successfully by user (User: admin)
2026-09-17 09:40:24,998 - pms - INFO - PRODUCTION_TRACE license status=Active path=E:\Projects\PMS-Software\backend\licenses\active.lic
2026-09-17 09:54:04,749 - pms - CRITICAL - SECURITY: SECRET_KEY is set to the insecure default value. Set a strong random SECRET_KEY in backend/.env before any production deployment.
2026-09-17 09:54:05,399 - pms - INFO - PRODUCTION_TRACE license storage path=E:\Projects\PMS-Software\backend\licenses\active.lic exists=True
2026-09-17 09:54:07,702 - pms - INFO - Starting Pharmacy Management System backend...
2026-09-17 09:54:08,611 - alembic.runtime.plugins - INFO - setup plugin alembic.autogenerate.schemas
2026-09-17 09:54:08,611 - alembic.runtime.plugins - INFO - setup plugin alembic.autogenerate.tables
2026-09-17 09:54:08,611 - alembic.runtime.plugins - INFO - setup plugin alembic.autogenerate.types
2026-09-17 09:54:08,611 - alembic.runtime.plugins - INFO - setup plugin alembic.autogenerate.constraints
2026-09-17 09:54:08,611 - alembic.runtime.plugins - INFO - setup plugin alembic.autogenerate.defaults
2026-09-17 09:54:08,611 - alembic.runtime.plugins - INFO - setup plugin alembic.autogenerate.comments
2026-09-17 09:54:08,612 - alembic.runtime.plugins - INFO - setup plugin alembic.autogenerate.checkconstraint_byname
2026-09-17 09:54:08,911 - pms - INFO - Database schema already at migration head (b3c4d5e6f7a8b9c0d1e2f3).
2026-09-17 09:54:09,231 - pms - INFO - Completed startup system notifications synchronization.
2026-09-17 09:54:20,054 - pms - INFO - PRODUCTION_TRACE license status=Active path=E:\Projects\PMS-Software\backend\licenses\active.lic
2026-09-17 09:59:16,320 - pms - INFO - PRODUCTION_TRACE license status=Active path=E:\Projects\PMS-Software\backend\licenses\active.lic
2026-09-17 09:59:26,896 - pms - INFO - PRODUCTION_TRACE license status=Active path=E:\Projects\PMS-Software\backend\licenses\active.lic
2026-09-17 09:59:40,270 - pms - CRITICAL - SECURITY: SECRET_KEY is set to the insecure default value. Set a strong random SECRET_KEY in backend/.env before any production deployment.
2026-09-17 09:59:40,853 - pms - INFO - PRODUCTION_TRACE license storage path=E:\Projects\PMS-Software\backend\licenses\active.lic exists=True
2026-09-17 09:59:43,563 - pms - INFO - Starting Pharmacy Management System backend...
2026-09-17 09:59:44,663 - alembic.runtime.plugins - INFO - setup plugin alembic.autogenerate.schemas
2026-09-17 09:59:44,663 - alembic.runtime.plugins - INFO - setup plugin alembic.autogenerate.tables
2026-09-17 09:59:44,664 - alembic.runtime.plugins - INFO - setup plugin alembic.autogenerate.types
2026-09-17 09:59:44,664 - alembic.runtime.plugins - INFO - setup plugin alembic.autogenerate.constraints
2026-09-17 09:59:44,664 - alembic.runtime.plugins - INFO - setup plugin alembic.autogenerate.defaults
2026-09-17 09:59:44,664 - alembic.runtime.plugins - INFO - setup plugin alembic.autogenerate.comments
2026-09-17 09:59:44,664 - alembic.runtime.plugins - INFO - setup plugin alembic.autogenerate.checkconstraint_byname
2026-09-17 09:59:44,971 - pms - INFO - Database schema already at migration head (b3c4d5e6f7a8b9c0d1e2f3).
2026-09-17 09:59:45,421 - pms - INFO - Completed startup system notifications synchronization.
2026-09-17 09:59:46,863 - pms - INFO - PRODUCTION_TRACE license status=Active path=E:\Projects\PMS-Software\backend\licenses\active.lic
2026-09-17 10:03:04,398 - pms - INFO - PRODUCTION_TRACE license status=Active path=E:\Projects\PMS-Software\backend\licenses\active.lic
2026-09-17 10:05:31,977 - pms - CRITICAL - SECURITY: SECRET_KEY is set to the insecure default value. Set a strong random SECRET_KEY in backend/.env before any production deployment.
2026-09-17 10:09:45,193 - pms - INFO - PRODUCTION_TRACE license status=Active path=E:\Projects\PMS-Software\backend\licenses\active.lic
2026-09-17 10:18:19,050 - pms - CRITICAL - SECURITY: SECRET_KEY is set to the insecure default value. Set a strong random SECRET_KEY in backend/.env before any production deployment.
2026-09-17 11:36:45,712 - pms - CRITICAL - SECURITY: SECRET_KEY is set to the insecure default value. Set a strong random SECRET_KEY in backend/.env before any production deployment.
2026-09-17 11:36:46,371 - pms - INFO - PRODUCTION_TRACE license storage path=E:\Projects\PMS-Software\backend\licenses\active.lic exists=True
2026-09-17 11:36:49,029 - pms - INFO - Starting Pharmacy Management System backend...
2026-09-17 11:36:50,022 - alembic.runtime.plugins - INFO - setup plugin alembic.autogenerate.schemas
2026-09-17 11:36:50,023 - alembic.runtime.plugins - INFO - setup plugin alembic.autogenerate.tables
2026-09-17 11:36:50,023 - alembic.runtime.plugins - INFO - setup plugin alembic.autogenerate.types
2026-09-17 11:36:50,023 - alembic.runtime.plugins - INFO - setup plugin alembic.autogenerate.constraints
2026-09-17 11:36:50,023 - alembic.runtime.plugins - INFO - setup plugin alembic.autogenerate.defaults
2026-09-17 11:36:50,023 - alembic.runtime.plugins - INFO - setup plugin alembic.autogenerate.comments
2026-09-17 11:36:50,024 - alembic.runtime.plugins - INFO - setup plugin alembic.autogenerate.checkconstraint_byname
2026-09-17 11:36:50,290 - pms - INFO - Database schema already at migration head (b3c4d5e6f7a8b9c0d1e2f3).
2026-09-17 11:36:50,816 - pms - INFO - Completed startup system notifications synchronization.
2026-09-17 11:36:53,554 - pms - INFO - PRODUCTION_TRACE license status=Active path=E:\Projects\PMS-Software\backend\licenses\active.lic
2026-09-17 11:43:22,832 - pms - CRITICAL - SECURITY: SECRET_KEY is set to the insecure default value. Set a strong random SECRET_KEY in backend/.env before any production deployment.
2026-09-17 11:43:30,247 - pms - CRITICAL - SECURITY: SECRET_KEY is set to the insecure default value. Set a strong random SECRET_KEY in backend/.env before any production deployment.
2026-09-17 11:43:30,927 - pms - INFO - PRODUCTION_TRACE license storage path=E:\Projects\PMS-Software\backend\licenses\active.lic exists=True
2026-09-17 11:43:33,221 - pms - INFO - Starting Pharmacy Management System backend...
2026-09-17 11:43:33,955 - alembic.runtime.plugins - INFO - setup plugin alembic.autogenerate.schemas
2026-09-17 11:43:33,956 - alembic.runtime.plugins - INFO - setup plugin alembic.autogenerate.tables
2026-09-17 11:43:33,956 - alembic.runtime.plugins - INFO - setup plugin alembic.autogenerate.types
2026-09-17 11:43:33,957 - alembic.runtime.plugins - INFO - setup plugin alembic.autogenerate.constraints
2026-09-17 11:43:33,958 - alembic.runtime.plugins - INFO - setup plugin alembic.autogenerate.defaults
2026-09-17 11:43:33,958 - alembic.runtime.plugins - INFO - setup plugin alembic.autogenerate.comments
2026-09-17 11:43:33,958 - alembic.runtime.plugins - INFO - setup plugin alembic.autogenerate.checkconstraint_byname
2026-09-17 11:43:34,140 - pms - INFO - Database schema already at migration head (b3c4d5e6f7a8b9c0d1e2f3).
2026-09-17 11:43:34,584 - pms - INFO - Completed startup system notifications synchronization.
2026-09-17 11:43:39,967 - pms - INFO - PRODUCTION_TRACE license status=Active path=E:\Projects\PMS-Software\backend\licenses\active.lic
2026-09-17 11:44:23,975 - pms - INFO - PRODUCTION_TRACE license status=Active path=E:\Projects\PMS-Software\backend\licenses\active.lic
2026-09-17 11:44:24,582 - pms - INFO - PRODUCTION_TRACE license status=Active path=E:\Projects\PMS-Software\backend\licenses\active.lic
2026-09-17 11:44:34,052 - pms - INFO - PRODUCTION_TRACE auth accepted username=admin user_id=1
2026-09-17 11:52:56,194 - pms - CRITICAL - SECURITY: SECRET_KEY is set to the insecure default value. Set a strong random SECRET_KEY in backend/.env before any production deployment.
2026-09-17 11:54:12,503 - pms - CRITICAL - SECURITY: SECRET_KEY is set to the insecure default value. Set a strong random SECRET_KEY in backend/.env before any production deployment.
2026-09-17 11:54:13,051 - pms - INFO - PRODUCTION_TRACE license storage path=E:\Projects\PMS-Software\backend\licenses\active.lic exists=True
2026-09-17 11:54:15,185 - pms - INFO - Starting Pharmacy Management System backend...
2026-09-17 11:54:15,839 - alembic.runtime.plugins - INFO - setup plugin alembic.autogenerate.schemas
2026-09-17 11:54:15,840 - alembic.runtime.plugins - INFO - setup plugin alembic.autogenerate.tables
2026-09-17 11:54:15,840 - alembic.runtime.plugins - INFO - setup plugin alembic.autogenerate.types
2026-09-17 11:54:15,840 - alembic.runtime.plugins - INFO - setup plugin alembic.autogenerate.constraints
2026-09-17 11:54:15,840 - alembic.runtime.plugins - INFO - setup plugin alembic.autogenerate.defaults
2026-09-17 11:54:15,840 - alembic.runtime.plugins - INFO - setup plugin alembic.autogenerate.comments
2026-09-17 11:54:15,840 - alembic.runtime.plugins - INFO - setup plugin alembic.autogenerate.checkconstraint_byname
2026-09-17 11:54:16,027 - pms - INFO - Database schema already at migration head (b3c4d5e6f7a8b9c0d1e2f3).
2026-09-17 11:54:16,588 - pms - INFO - Completed startup system notifications synchronization.
2026-09-17 11:55:09,895 - pms - INFO - PRODUCTION_TRACE license status=Active path=E:\Projects\PMS-Software\backend\licenses\active.lic
2026-09-17 12:07:28,835 - pms - CRITICAL - SECURITY: SECRET_KEY is set to the insecure default value. Set a strong random SECRET_KEY in backend/.env before any production deployment.
2026-09-17 12:07:51,942 - pms - CRITICAL - SECURITY: SECRET_KEY is set to the insecure default value. Set a strong random SECRET_KEY in backend/.env before any production deployment.
2026-09-17 12:13:06,321 - pms - CRITICAL - SECURITY: SECRET_KEY is set to the insecure default value. Set a strong random SECRET_KEY in backend/.env before any production deployment.
2026-09-17 12:13:06,890 - pms - INFO - PRODUCTION_TRACE license storage path=E:\Projects\PMS-Software\backend\licenses\active.lic exists=True
2026-09-17 15:04:15,883 - pms - CRITICAL - SECURITY: SECRET_KEY is set to the insecure default value. Set a strong random SECRET_KEY in backend/.env before any production deployment.
2026-09-17 15:04:16,661 - pms - INFO - PRODUCTION_TRACE license storage path=E:\Projects\PMS-Software\backend\licenses\active.lic exists=True
2026-09-17 15:04:18,707 - pms - INFO - Starting Pharmacy Management System backend...
2026-09-17 15:04:19,336 - alembic.runtime.plugins - INFO - setup plugin alembic.autogenerate.schemas
2026-09-17 15:04:19,337 - alembic.runtime.plugins - INFO - setup plugin alembic.autogenerate.tables
2026-09-17 15:04:19,337 - alembic.runtime.plugins - INFO - setup plugin alembic.autogenerate.types
2026-09-17 15:04:19,337 - alembic.runtime.plugins - INFO - setup plugin alembic.autogenerate.constraints
2026-09-17 15:04:19,337 - alembic.runtime.plugins - INFO - setup plugin alembic.autogenerate.defaults
2026-09-17 15:04:19,337 - alembic.runtime.plugins - INFO - setup plugin alembic.autogenerate.comments
2026-09-17 15:04:19,337 - alembic.runtime.plugins - INFO - setup plugin alembic.autogenerate.checkconstraint_byname
2026-09-17 15:04:19,520 - pms - INFO - Database schema already at migration head (b3c4d5e6f7a8b9c0d1e2f3).
2026-09-17 15:04:19,760 - pms - INFO - Completed startup system notifications synchronization.
2026-09-17 15:05:07,379 - pms - INFO - PRODUCTION_TRACE license status=Active path=E:\Projects\PMS-Software\backend\licenses\active.lic
2026-09-17 15:05:08,498 - pms - ERROR - Unhandled Exception caught: 1 validation error for UserResponse
Permissions
  Input should be a valid list [type=list_type, input_value='["sales"]', input_type=str]
    For further information visit https://errors.pydantic.dev/2.13/v/list_type | Path: /api/v1/users
NoneType: None
2026-09-17 15:05:09,074 - pms - ERROR - Unhandled Exception caught: 1 validation error for UserResponse
Permissions
  Input should be a valid list [type=list_type, input_value='["sales"]', input_type=str]
    For further information visit https://errors.pydantic.dev/2.13/v/list_type | Path: /api/v1/users
NoneType: None
2026-09-17 15:05:51,853 - pms - INFO - PRODUCTION_TRACE license status=Active path=E:\Projects\PMS-Software\backend\licenses\active.lic
2026-09-17 15:39:16,141 - pms - INFO - AUDIT: [SCREEN_LOCKED] Screen automatically locked due to inactivity (User: admin)
2026-09-17 15:51:35,421 - pms - INFO - PRODUCTION_TRACE auth accepted username=admin user_id=1
2026-09-17 15:51:35,449 - pms - INFO - AUDIT: [SCREEN_UNLOCKED] Screen unlocked successfully by user (User: admin)
2026-09-17 21:23:48,766 - pms - CRITICAL - SECURITY: SECRET_KEY is set to the insecure default value. Set a strong random SECRET_KEY in backend/.env before any production deployment.
2026-09-17 21:23:50,360 - pms - INFO - PRODUCTION_TRACE license storage path=E:\Projects\PMS-Software\backend\licenses\active.lic exists=True
2026-09-17 21:23:53,219 - pms - INFO - Starting Pharmacy Management System backend...
2026-09-17 21:23:53,940 - alembic.runtime.plugins - INFO - setup plugin alembic.autogenerate.schemas
2026-09-17 21:23:53,940 - alembic.runtime.plugins - INFO - setup plugin alembic.autogenerate.tables
2026-09-17 21:23:53,941 - alembic.runtime.plugins - INFO - setup plugin alembic.autogenerate.types
2026-09-17 21:23:53,941 - alembic.runtime.plugins - INFO - setup plugin alembic.autogenerate.constraints
2026-09-17 21:23:53,941 - alembic.runtime.plugins - INFO - setup plugin alembic.autogenerate.defaults
2026-09-17 21:23:53,941 - alembic.runtime.plugins - INFO - setup plugin alembic.autogenerate.comments
2026-09-17 21:23:53,941 - alembic.runtime.plugins - INFO - setup plugin alembic.autogenerate.checkconstraint_byname
2026-09-17 21:23:54,157 - pms - INFO - Database schema already at migration head (b3c4d5e6f7a8b9c0d1e2f3).
2026-09-17 21:23:54,406 - pms - INFO - Completed startup system notifications synchronization.
2026-09-17 21:24:29,120 - pms - INFO - PRODUCTION_TRACE license status=Active path=E:\Projects\PMS-Software\backend\licenses\active.lic
2026-09-17 21:24:40,802 - pms - INFO - PRODUCTION_TRACE auth accepted username=admin user_id=1
2026-09-17 21:24:45,348 - pms - INFO - PRODUCTION_TRACE license status=Active path=E:\Projects\PMS-Software\backend\licenses\active.lic
2026-09-17 21:24:56,687 - pms - ERROR - Unhandled Exception caught: 1 validation error for UserResponse
Permissions
  Input should be a valid list [type=list_type, input_value='["sales"]', input_type=str]
    For further information visit https://errors.pydantic.dev/2.13/v/list_type | Path: /api/v1/users
NoneType: None
2026-09-17 21:24:56,869 - pms - ERROR - Unhandled Exception caught: 1 validation error for UserResponse
Permissions
  Input should be a valid list [type=list_type, input_value='["sales"]', input_type=str]
    For further information visit https://errors.pydantic.dev/2.13/v/list_type | Path: /api/v1/users
NoneType: None
2026-09-17 21:25:01,262 - pms - INFO - PRODUCTION_TRACE license status=Active path=E:\Projects\PMS-Software\backend\licenses\active.lic
2026-09-17 21:25:01,598 - pms - ERROR - Unhandled Exception caught: 1 validation error for UserResponse
Permissions
  Input should be a valid list [type=list_type, input_value='["sales"]', input_type=str]
    For further information visit https://errors.pydantic.dev/2.13/v/list_type | Path: /api/v1/users
NoneType: None
2026-09-17 21:25:01,655 - pms - ERROR - Unhandled Exception caught: 1 validation error for UserResponse
Permissions
  Input should be a valid list [type=list_type, input_value='["sales"]', input_type=str]
    For further information visit https://errors.pydantic.dev/2.13/v/list_type | Path: /api/v1/users
NoneType: None
2026-09-17 21:25:13,696 - pms - CRITICAL - SECURITY: SECRET_KEY is set to the insecure default value. Set a strong random SECRET_KEY in backend/.env before any production deployment.
2026-09-17 21:25:14,287 - pms - INFO - PRODUCTION_TRACE license storage path=E:\Projects\PMS-Software\backend\licenses\active.lic exists=True
2026-09-17 21:25:16,739 - pms - INFO - Starting Pharmacy Management System backend...
2026-09-17 21:25:17,641 - alembic.runtime.plugins - INFO - setup plugin alembic.autogenerate.schemas
2026-09-17 21:25:17,641 - alembic.runtime.plugins - INFO - setup plugin alembic.autogenerate.tables
2026-09-17 21:25:17,643 - alembic.runtime.plugins - INFO - setup plugin alembic.autogenerate.types
2026-09-17 21:25:17,643 - alembic.runtime.plugins - INFO - setup plugin alembic.autogenerate.constraints
2026-09-17 21:25:17,644 - alembic.runtime.plugins - INFO - setup plugin alembic.autogenerate.defaults
2026-09-17 21:25:17,644 - alembic.runtime.plugins - INFO - setup plugin alembic.autogenerate.comments
2026-09-17 21:25:17,644 - alembic.runtime.plugins - INFO - setup plugin alembic.autogenerate.checkconstraint_byname
2026-09-17 21:25:18,000 - pms - INFO - Database schema already at migration head (b3c4d5e6f7a8b9c0d1e2f3).
2026-09-17 21:25:18,568 - pms - INFO - Completed startup system notifications synchronization.
2026-09-17 21:25:20,642 - pms - INFO - PRODUCTION_TRACE license status=Active path=E:\Projects\PMS-Software\backend\licenses\active.lic
2026-09-17 21:25:21,236 - pms - ERROR - Unhandled Exception caught: 1 validation error for UserResponse
Permissions
  Input should be a valid list [type=list_type, input_value='["sales"]', input_type=str]
    For further information visit https://errors.pydantic.dev/2.13/v/list_type | Path: /api/v1/users
NoneType: None
2026-09-17 21:25:21,326 - pms - ERROR - Unhandled Exception caught: 1 validation error for UserResponse
Permissions
  Input should be a valid list [type=list_type, input_value='["sales"]', input_type=str]
    For further information visit https://errors.pydantic.dev/2.13/v/list_type | Path: /api/v1/users
NoneType: None
2026-09-17 21:25:25,033 - pms - INFO - PRODUCTION_TRACE license status=Active path=E:\Projects\PMS-Software\backend\licenses\active.lic
2026-09-17 21:25:25,256 - pms - ERROR - Unhandled Exception caught: 1 validation error for UserResponse
Permissions
  Input should be a valid list [type=list_type, input_value='["sales"]', input_type=str]
    For further information visit https://errors.pydantic.dev/2.13/v/list_type | Path: /api/v1/users
NoneType: None
2026-09-17 21:25:25,312 - pms - ERROR - Unhandled Exception caught: 1 validation error for UserResponse
Permissions
  Input should be a valid list [type=list_type, input_value='["sales"]', input_type=str]
    For further information visit https://errors.pydantic.dev/2.13/v/list_type | Path: /api/v1/users
NoneType: None
2026-09-17 21:25:32,881 - pms - ERROR - Unhandled Exception caught: 1 validation error for UserResponse
Permissions
  Input should be a valid list [type=list_type, input_value='["sales"]', input_type=str]
    For further information visit https://errors.pydantic.dev/2.13/v/list_type | Path: /api/v1/users
NoneType: None
2026-09-17 21:25:32,903 - pms - ERROR - Unhandled Exception caught: 1 validation error for UserResponse
Permissions
  Input should be a valid list [type=list_type, input_value='["sales"]', input_type=str]
    For further information visit https://errors.pydantic.dev/2.13/v/list_type | Path: /api/v1/users
NoneType: None
2026-09-17 21:25:57,285 - pms - ERROR - Unhandled Exception caught: 1 validation error for UserResponse
Permissions
  Input should be a valid list [type=list_type, input_value='["sales"]', input_type=str]
    For further information visit https://errors.pydantic.dev/2.13/v/list_type | Path: /api/v1/users
NoneType: None
2026-09-17 21:25:57,307 - pms - ERROR - Unhandled Exception caught: 1 validation error for UserResponse
Permissions
  Input should be a valid list [type=list_type, input_value='["sales"]', input_type=str]
    For further information visit https://errors.pydantic.dev/2.13/v/list_type | Path: /api/v1/users
NoneType: None
2026-09-17 21:27:41,054 - pms - ERROR - Unhandled Exception caught: 1 validation error for UserResponse
Permissions
  Input should be a valid list [type=list_type, input_value='["sales"]', input_type=str]
    For further information visit https://errors.pydantic.dev/2.13/v/list_type | Path: /api/v1/users
NoneType: None
2026-09-17 21:27:41,076 - pms - ERROR - Unhandled Exception caught: 1 validation error for UserResponse
Permissions
  Input should be a valid list [type=list_type, input_value='["sales"]', input_type=str]
    For further information visit https://errors.pydantic.dev/2.13/v/list_type | Path: /api/v1/users
NoneType: None
2026-09-17 21:28:08,646 - pms - ERROR - Unhandled Exception caught: 1 validation error for UserResponse
Permissions
  Input should be a valid list [type=list_type, input_value='["sales"]', input_type=str]
    For further information visit https://errors.pydantic.dev/2.13/v/list_type | Path: /api/v1/users
NoneType: None
2026-09-17 21:28:08,668 - pms - ERROR - Unhandled Exception caught: 1 validation error for UserResponse
Permissions
  Input should be a valid list [type=list_type, input_value='["sales"]', input_type=str]
    For further information visit https://errors.pydantic.dev/2.13/v/list_type | Path: /api/v1/users
NoneType: None
2026-09-17 21:34:34,615 - pms - CRITICAL - SECURITY: SECRET_KEY is set to the insecure default value. Set a strong random SECRET_KEY in backend/.env before any production deployment.
2026-09-17 21:34:35,129 - pms - INFO - PRODUCTION_TRACE license storage path=E:\Projects\PMS-Software\backend\licenses\active.lic exists=True
2026-09-17 21:34:37,143 - pms - INFO - Starting Pharmacy Management System backend...
2026-09-17 21:34:37,674 - alembic.runtime.plugins - INFO - setup plugin alembic.autogenerate.schemas
2026-09-17 21:34:37,678 - alembic.runtime.plugins - INFO - setup plugin alembic.autogenerate.tables
2026-09-17 21:34:37,679 - alembic.runtime.plugins - INFO - setup plugin alembic.autogenerate.types
2026-09-17 21:34:37,680 - alembic.runtime.plugins - INFO - setup plugin alembic.autogenerate.constraints
2026-09-17 21:34:37,681 - alembic.runtime.plugins - INFO - setup plugin alembic.autogenerate.defaults
2026-09-17 21:34:37,681 - alembic.runtime.plugins - INFO - setup plugin alembic.autogenerate.comments
2026-09-17 21:34:37,681 - alembic.runtime.plugins - INFO - setup plugin alembic.autogenerate.checkconstraint_byname
2026-09-17 21:34:37,904 - pms - INFO - Database schema already at migration head (b3c4d5e6f7a8b9c0d1e2f3).
2026-09-17 21:34:38,267 - pms - INFO - Completed startup system notifications synchronization.
2026-09-17 21:34:46,338 - pms - INFO - PRODUCTION_TRACE license status=Active path=E:\Projects\PMS-Software\backend\licenses\active.lic
2026-09-17 21:35:27,663 - pms - INFO - AUDIT: Admin admin updated permissions for 'cashier 1': ['sales', 'dashboard', 'purchases', 'inventory', 'medicines', 'suppliers', 'customers', 'reports']
2026-09-17 21:35:36,073 - pms - WARNING - PRODUCTION_TRACE auth rejected username=cashier 1 reason=password-mismatch
2026-09-17 21:35:36,075 - pms - ERROR - PMSException caught: Incorrect username or password (status: 401) | Path: /api/v1/auth/login
2026-09-17 21:35:41,743 - pms - INFO - PRODUCTION_TRACE auth accepted username=cashier 1 user_id=2
2026-09-17 21:36:40,204 - pms - INFO - PRODUCTION_TRACE auth accepted username=admin user_id=1
2026-09-17 21:38:49,639 - pms - INFO - PRODUCTION_TRACE auth accepted username=cashier 1 user_id=2
2026-09-17 21:41:43,850 - pms - CRITICAL - SECURITY: SECRET_KEY is set to the insecure default value. Set a strong random SECRET_KEY in backend/.env before any production deployment.
2026-09-17 21:41:44,352 - pms - INFO - PRODUCTION_TRACE license storage path=E:\Projects\PMS-Software\backend\licenses\active.lic exists=True
2026-09-17 21:41:46,571 - pms - INFO - Starting Pharmacy Management System backend...
2026-09-17 21:41:47,051 - alembic.runtime.plugins - INFO - setup plugin alembic.autogenerate.schemas
2026-09-17 21:41:47,051 - alembic.runtime.plugins - INFO - setup plugin alembic.autogenerate.tables
2026-09-17 21:41:47,052 - alembic.runtime.plugins - INFO - setup plugin alembic.autogenerate.types
2026-09-17 21:41:47,052 - alembic.runtime.plugins - INFO - setup plugin alembic.autogenerate.constraints
2026-09-17 21:41:47,052 - alembic.runtime.plugins - INFO - setup plugin alembic.autogenerate.defaults
2026-09-17 21:41:47,052 - alembic.runtime.plugins - INFO - setup plugin alembic.autogenerate.comments
2026-09-17 21:41:47,052 - alembic.runtime.plugins - INFO - setup plugin alembic.autogenerate.checkconstraint_byname
2026-09-17 21:41:47,138 - pms - INFO - Database schema already at migration head (b3c4d5e6f7a8b9c0d1e2f3).
2026-09-17 21:41:47,259 - pms - INFO - Completed startup system notifications synchronization.
2026-09-17 21:42:33,602 - pms - INFO - PRODUCTION_TRACE license status=Active path=E:\Projects\PMS-Software\backend\licenses\active.lic
2026-09-17 21:42:39,816 - pms - INFO - PRODUCTION_TRACE auth accepted username=admin user_id=1
2026-09-17 21:42:52,936 - pms - INFO - AUDIT: Admin admin updated permissions for 'cashier 1': ['sales', 'dashboard', 'purchases', 'inventory', 'medicines', 'suppliers', 'customers', 'reports', 'settings']
2026-09-17 21:43:06,054 - pms - INFO - PRODUCTION_TRACE auth accepted username=cashier 1 user_id=2
2026-09-17 21:43:47,025 - pms - INFO - PRODUCTION_TRACE auth accepted username=cashier 1 user_id=2
2026-09-17 22:16:55,189 - pms - CRITICAL - SECURITY: SECRET_KEY is set to the insecure default value. Set a strong random SECRET_KEY in backend/.env before any production deployment.
2026-09-17 22:16:55,688 - pms - INFO - PRODUCTION_TRACE license storage path=E:\Projects\PMS-Software\backend\licenses\active.lic exists=True
2026-09-17 22:22:01,806 - pms - CRITICAL - SECURITY: SECRET_KEY is set to the insecure default value. Set a strong random SECRET_KEY in backend/.env before any production deployment.
2026-09-17 22:22:02,169 - pms - INFO - PRODUCTION_TRACE license storage path=E:\Projects\PMS-Software\backend\licenses\active.lic exists=True
2026-09-17 22:22:51,944 - pms - CRITICAL - SECURITY: SECRET_KEY is set to the insecure default value. Set a strong random SECRET_KEY in backend/.env before any production deployment.
2026-09-17 22:22:52,382 - pms - INFO - PRODUCTION_TRACE license storage path=E:\Projects\PMS-Software\backend\licenses\active.lic exists=True
2026-09-17 22:22:54,483 - pms - INFO - Starting Pharmacy Management System backend...
2026-09-17 22:22:55,131 - alembic.runtime.plugins - INFO - setup plugin alembic.autogenerate.schemas
2026-09-17 22:22:55,131 - alembic.runtime.plugins - INFO - setup plugin alembic.autogenerate.tables
2026-09-17 22:22:55,131 - alembic.runtime.plugins - INFO - setup plugin alembic.autogenerate.types
2026-09-17 22:22:55,131 - alembic.runtime.plugins - INFO - setup plugin alembic.autogenerate.constraints
2026-09-17 22:22:55,132 - alembic.runtime.plugins - INFO - setup plugin alembic.autogenerate.defaults
2026-09-17 22:22:55,132 - alembic.runtime.plugins - INFO - setup plugin alembic.autogenerate.comments
2026-09-17 22:22:55,132 - alembic.runtime.plugins - INFO - setup plugin alembic.autogenerate.checkconstraint_byname
2026-09-17 22:22:55,319 - pms - INFO - Database schema already at migration head (b3c4d5e6f7a8b9c0d1e2f3).
2026-09-17 22:22:55,883 - pms - INFO - Completed startup system notifications synchronization.
2026-09-17 22:23:04,191 - pms - INFO - PRODUCTION_TRACE license status=Active path=E:\Projects\PMS-Software\backend\licenses\active.lic
2026-09-17 22:23:11,873 - pms - INFO - PRODUCTION_TRACE auth accepted username=admin user_id=1
2026-09-17 22:23:15,474 - pms - INFO - PRODUCTION_TRACE license status=Active path=E:\Projects\PMS-Software\backend\licenses\active.lic
2026-09-17 22:23:24,804 - pms - INFO - AUDIT: User admin updated Pharmacy Branding (Name/Profile).
2026-09-17 22:23:45,496 - pms - INFO - AUDIT: User admin updated their profile information.
2026-09-17 22:23:55,000 - pms - INFO - AUDIT: User admin updated their profile information.
2026-09-17 22:24:02,146 - pms - INFO - AUDIT: User admin updated Pharmacy Branding (Name/Profile).
2026-09-17 22:24:02,880 - pms - INFO - AUDIT: User admin updated Pharmacy Branding (Name/Profile).
2026-09-17 22:24:03,270 - pms - INFO - AUDIT: User admin updated Pharmacy Branding (Name/Profile).
2026-09-17 22:24:03,455 - pms - INFO - AUDIT: User admin updated Pharmacy Branding (Name/Profile).
2026-09-17 22:24:03,590 - pms - INFO - AUDIT: User admin updated Pharmacy Branding (Name/Profile).
2026-09-17 22:24:03,855 - pms - INFO - AUDIT: User admin updated Pharmacy Branding (Name/Profile).
2026-09-17 22:24:04,039 - pms - INFO - AUDIT: User admin updated Pharmacy Branding (Name/Profile).
2026-09-17 22:24:04,191 - pms - INFO - AUDIT: User admin updated Pharmacy Branding (Name/Profile).
2026-09-17 22:24:04,350 - pms - INFO - AUDIT: User admin updated Pharmacy Branding (Name/Profile).
2026-09-17 22:24:04,503 - pms - INFO - AUDIT: User admin updated Pharmacy Branding (Name/Profile).
2026-09-17 22:24:04,678 - pms - INFO - AUDIT: User admin updated Pharmacy Branding (Name/Profile).
2026-09-17 22:24:04,839 - pms - INFO - AUDIT: User admin updated Pharmacy Branding (Name/Profile).
2026-09-17 22:24:06,915 - pms - INFO - PRODUCTION_TRACE license status=Active path=E:\Projects\PMS-Software\backend\licenses\active.lic
2026-09-17 22:24:27,860 - pms - INFO - PRODUCTION_TRACE license status=Active path=E:\Projects\PMS-Software\backend\licenses\active.lic
2026-09-17 22:24:33,114 - pms - INFO - PRODUCTION_TRACE auth accepted username=admin user_id=1
2026-09-17 22:24:47,049 - pms - INFO - AUDIT: Admin admin updated permissions for 'cashier 1': ['sales']
2026-09-17 22:24:55,765 - pms - INFO - PRODUCTION_TRACE auth accepted username=cashier 1 user_id=2
2026-09-17 22:25:05,637 - pms - INFO - PRODUCTION_TRACE auth accepted username=admin user_id=1
2026-09-17 22:25:19,667 - pms - INFO - AUDIT: Admin admin updated permissions for 'cashier 1': ['sales', 'dashboard', 'purchases', 'inventory', 'medicines', 'suppliers', 'customers', 'reports', 'settings']
2026-09-17 22:25:31,795 - pms - INFO - PRODUCTION_TRACE auth accepted username=cashier 1 user_id=2
2026-09-17 22:26:46,642 - pms - INFO - PRODUCTION_TRACE license status=Active path=E:\Projects\PMS-Software\backend\licenses\active.lic
2026-09-17 22:27:32,967 - pms - INFO - AUDIT: User cashier 1 updated their profile information.
2026-09-17 22:28:36,108 - pms - INFO - PRODUCTION_TRACE auth accepted username=admin user_id=1
2026-09-17 22:29:09,738 - pms - INFO - AUDIT: User admin updated Pharmacy Branding (Name/Profile).
2026-09-17 22:29:15,896 - pms - INFO - AUDIT: User admin updated Pharmacy Branding (Name/Profile).
2026-09-17 22:29:36,753 - pms - INFO - AUDIT: User admin removed the Pharmacy Logo.
2026-09-17 22:29:39,239 - pms - INFO - AUDIT: User admin updated Pharmacy Branding (Name/Profile).
2026-09-17 22:29:45,194 - pms - INFO - AUDIT: User admin updated Pharmacy Branding (Name/Profile).
2026-09-17 22:29:45,224 - pms - INFO - AUDIT: User admin uploaded a new Pharmacy Logo.
2026-09-17 22:29:46,225 - pms - INFO - AUDIT: User admin updated Pharmacy Branding (Name/Profile).
2026-09-17 22:29:46,841 - pms - INFO - AUDIT: User admin updated Pharmacy Branding (Name/Profile).
2026-09-17 22:29:47,031 - pms - INFO - AUDIT: User admin updated Pharmacy Branding (Name/Profile).
2026-09-17 22:29:47,176 - pms - INFO - AUDIT: User admin updated Pharmacy Branding (Name/Profile).
2026-09-17 22:29:47,345 - pms - INFO - AUDIT: User admin updated Pharmacy Branding (Name/Profile).
2026-09-17 22:29:47,527 - pms - INFO - AUDIT: User admin updated Pharmacy Branding (Name/Profile).
2026-09-17 22:31:50,327 - pms - INFO - AUDIT: User admin updated Pharmacy Branding (Name/Profile).
2026-09-17 22:31:55,741 - pms - INFO - AUDIT: User admin updated their profile information.
2026-09-17 22:32:01,070 - pms - INFO - AUDIT: User admin updated their profile information.
2026-09-17 22:32:05,485 - pms - INFO - AUDIT: User admin updated their profile information.
2026-09-17 22:32:12,028 - pms - INFO - AUDIT: User admin updated their profile information.
2026-09-17 22:32:12,062 - pms - INFO - AUDIT: User admin uploaded a new Profile Photo.
2026-09-17 22:36:30,542 - pms - CRITICAL - SECURITY: SECRET_KEY is set to the insecure default value. Set a strong random SECRET_KEY in backend/.env before any production deployment.
2026-09-17 22:36:31,073 - pms - INFO - PRODUCTION_TRACE license storage path=E:\Projects\PMS-Software\backend\licenses\active.lic exists=True
2026-09-17 22:36:33,285 - pms - INFO - Starting Pharmacy Management System backend...
2026-09-17 22:36:33,654 - alembic.runtime.plugins - INFO - setup plugin alembic.autogenerate.schemas
2026-09-17 22:36:33,654 - alembic.runtime.plugins - INFO - setup plugin alembic.autogenerate.tables
2026-09-17 22:36:33,654 - alembic.runtime.plugins - INFO - setup plugin alembic.autogenerate.types
2026-09-17 22:36:33,654 - alembic.runtime.plugins - INFO - setup plugin alembic.autogenerate.constraints
2026-09-17 22:36:33,654 - alembic.runtime.plugins - INFO - setup plugin alembic.autogenerate.defaults
2026-09-17 22:36:33,654 - alembic.runtime.plugins - INFO - setup plugin alembic.autogenerate.comments
2026-09-17 22:36:33,655 - alembic.runtime.plugins - INFO - setup plugin alembic.autogenerate.checkconstraint_byname
2026-09-17 22:36:33,780 - pms - INFO - Database schema already at migration head (b3c4d5e6f7a8b9c0d1e2f3).
2026-09-17 22:36:33,947 - pms - INFO - Completed startup system notifications synchronization.
2026-09-17 22:36:38,931 - pms - INFO - PRODUCTION_TRACE license status=Active path=E:\Projects\PMS-Software\backend\licenses\active.lic
2026-09-17 22:36:53,044 - pms - INFO - AUDIT: User admin updated Pharmacy Branding (Name/Profile).
2026-09-17 22:37:02,361 - pms - INFO - AUDIT: User admin updated Pharmacy Branding (Name/Profile).
2026-09-17 22:37:08,082 - pms - INFO - AUDIT: User admin removed the Pharmacy Logo.
2026-09-17 22:37:09,007 - pms - INFO - AUDIT: User admin updated Pharmacy Branding (Name/Profile).
2026-09-17 22:37:16,089 - pms - INFO - AUDIT: User admin updated Pharmacy Branding (Name/Profile).
2026-09-17 22:37:16,120 - pms - INFO - AUDIT: User admin uploaded a new Pharmacy Logo.
2026-09-17 22:37:17,731 - pms - INFO - PRODUCTION_TRACE license status=Active path=E:\Projects\PMS-Software\backend\licenses\active.lic
2026-09-17 22:37:26,551 - pms - INFO - AUDIT: User admin removed the Pharmacy Logo.
2026-09-17 22:37:32,596 - pms - INFO - PRODUCTION_TRACE license status=Active path=E:\Projects\PMS-Software\backend\licenses\active.lic
2026-09-17 22:37:43,939 - pms - INFO - AUDIT: User admin updated Pharmacy Branding (Name/Profile).
2026-09-17 22:37:43,964 - pms - INFO - AUDIT: User admin uploaded a new Pharmacy Logo.
2026-09-17 22:37:49,662 - pms - INFO - AUDIT: User admin removed the Pharmacy Logo.
2026-09-17 22:37:53,925 - pms - INFO - AUDIT: User admin updated Pharmacy Branding (Name/Profile).
2026-09-17 22:37:56,334 - pms - INFO - PRODUCTION_TRACE license status=Active path=E:\Projects\PMS-Software\backend\licenses\active.lic
2026-09-17 22:38:02,400 - pms - INFO - AUDIT: User admin updated Pharmacy Branding (Name/Profile).
2026-09-17 22:38:02,438 - pms - INFO - AUDIT: User admin uploaded a new Pharmacy Logo.
2026-09-17 22:38:04,400 - pms - INFO - PRODUCTION_TRACE license status=Active path=E:\Projects\PMS-Software\backend\licenses\active.lic
2026-09-17 22:38:53,695 - pms - INFO - AUDIT: Admin admin updated permissions for 'cashier 1': ['sales', 'dashboard']
2026-09-17 22:39:00,284 - pms - WARNING - PRODUCTION_TRACE auth rejected username=cashier 1 reason=password-mismatch
2026-09-17 22:39:00,286 - pms - ERROR - PMSException caught: Incorrect username or password (status: 401) | Path: /api/v1/auth/login
2026-09-17 22:39:04,929 - pms - INFO - PRODUCTION_TRACE auth accepted username=cashier 1 user_id=2
2026-09-17 22:39:22,902 - pms - INFO - PRODUCTION_TRACE auth accepted username=admin user_id=1
2026-09-17 22:39:34,603 - pms - INFO - AUDIT: Admin admin updated permissions for 'cashier 1': ['sales', 'dashboard', 'purchases', 'inventory', 'medicines', 'suppliers', 'customers', 'reports', 'settings']
2026-09-17 22:39:41,856 - pms - INFO - PRODUCTION_TRACE auth accepted username=cashier 1 user_id=2
2026-09-17 22:40:40,730 - pms - INFO - AUDIT: User cashier 1 updated their profile information.
2026-09-17 22:40:54,622 - pms - INFO - AUDIT: User cashier 1 updated their profile information.
2026-09-17 22:44:05,469 - pms - INFO - AUDIT: User cashier 1 updated their profile information.
2026-09-17 22:44:05,499 - pms - INFO - AUDIT: User cashier 1 uploaded a new Profile Photo.
2026-09-17 22:53:27,880 - pms - INFO - PRODUCTION_TRACE auth accepted username=cashier 1 user_id=2
2026-09-17 22:53:41,460 - pms - INFO - PRODUCTION_TRACE auth accepted username=admin user_id=1
2026-09-17 22:54:09,423 - pms - INFO - PRODUCTION_TRACE auth accepted username=cashier 1 user_id=2
2026-09-17 23:08:58,655 - pms - CRITICAL - SECURITY: SECRET_KEY is set to the insecure default value. Set a strong random SECRET_KEY in backend/.env before any production deployment.
2026-09-17 23:08:59,216 - pms - INFO - PRODUCTION_TRACE license storage path=E:\Projects\PMS-Software\backend\licenses\active.lic exists=True
2026-09-17 23:09:01,493 - pms - INFO - Starting Pharmacy Management System backend...
2026-09-17 23:09:02,390 - alembic.runtime.plugins - INFO - setup plugin alembic.autogenerate.schemas
2026-09-17 23:09:02,391 - alembic.runtime.plugins - INFO - setup plugin alembic.autogenerate.tables
2026-09-17 23:09:02,391 - alembic.runtime.plugins - INFO - setup plugin alembic.autogenerate.types
2026-09-17 23:09:02,391 - alembic.runtime.plugins - INFO - setup plugin alembic.autogenerate.constraints
2026-09-17 23:09:02,391 - alembic.runtime.plugins - INFO - setup plugin alembic.autogenerate.defaults
2026-09-17 23:09:02,391 - alembic.runtime.plugins - INFO - setup plugin alembic.autogenerate.comments
2026-09-17 23:09:02,392 - alembic.runtime.plugins - INFO - setup plugin alembic.autogenerate.checkconstraint_byname
2026-09-17 23:09:02,605 - pms - INFO - Database schema already at migration head (b3c4d5e6f7a8b9c0d1e2f3).
2026-09-17 23:09:03,245 - pms - INFO - Completed startup system notifications synchronization.
2026-09-17 23:09:05,464 - pms - INFO - PRODUCTION_TRACE license status=Active path=E:\Projects\PMS-Software\backend\licenses\active.lic
2026-09-17 23:09:18,763 - pms - INFO - PRODUCTION_TRACE license status=Active path=E:\Projects\PMS-Software\backend\licenses\active.lic
2026-09-17 23:09:24,544 - pms - INFO - PRODUCTION_TRACE auth accepted username=cashier 1 user_id=2
2026-09-17 23:17:33,957 - pms - CRITICAL - SECURITY: SECRET_KEY is set to the insecure default value. Set a strong random SECRET_KEY in backend/.env before any production deployment.
2026-09-17 23:17:34,384 - pms - INFO - PRODUCTION_TRACE license storage path=E:\Projects\PMS-Software\backend\licenses\active.lic exists=True
2026-09-17 23:28:41,464 - pms - CRITICAL - SECURITY: SECRET_KEY is set to the insecure default value. Set a strong random SECRET_KEY in backend/.env before any production deployment.
2026-09-17 23:28:42,048 - pms - INFO - PRODUCTION_TRACE license storage path=E:\Projects\PMS-Software\backend\licenses\active.lic exists=True
2026-09-17 23:28:44,547 - pms - INFO - Starting Pharmacy Management System backend...
2026-09-17 23:28:45,036 - alembic.runtime.plugins - INFO - setup plugin alembic.autogenerate.schemas
2026-09-17 23:28:45,036 - alembic.runtime.plugins - INFO - setup plugin alembic.autogenerate.tables
2026-09-17 23:28:45,037 - alembic.runtime.plugins - INFO - setup plugin alembic.autogenerate.types
2026-09-17 23:28:45,037 - alembic.runtime.plugins - INFO - setup plugin alembic.autogenerate.constraints
2026-09-17 23:28:45,037 - alembic.runtime.plugins - INFO - setup plugin alembic.autogenerate.defaults
2026-09-17 23:28:45,037 - alembic.runtime.plugins - INFO - setup plugin alembic.autogenerate.comments
2026-09-17 23:28:45,037 - alembic.runtime.plugins - INFO - setup plugin alembic.autogenerate.checkconstraint_byname
2026-09-17 23:28:45,180 - pms - INFO - Database schema already at migration head (b3c4d5e6f7a8b9c0d1e2f3).
2026-09-17 23:28:45,482 - pms - INFO - Completed startup system notifications synchronization.
2026-09-17 23:40:18,197 - pms - INFO - PRODUCTION_TRACE auth accepted username=admin user_id=1
2026-09-17 23:50:34,987 - pms - CRITICAL - SECURITY: SECRET_KEY is set to the insecure default value. Set a strong random SECRET_KEY in backend/.env before any production deployment.
2026-09-17 23:50:35,541 - pms - INFO - PRODUCTION_TRACE license storage path=E:\Projects\PMS-Software\backend\licenses\active.lic exists=True
2026-09-17 23:50:37,019 - pms - INFO - Starting Pharmacy Management System backend...
2026-09-17 23:50:37,455 - alembic.runtime.plugins - INFO - setup plugin alembic.autogenerate.schemas
2026-09-17 23:50:37,456 - alembic.runtime.plugins - INFO - setup plugin alembic.autogenerate.tables
2026-09-17 23:50:37,456 - alembic.runtime.plugins - INFO - setup plugin alembic.autogenerate.types
2026-09-17 23:50:37,456 - alembic.runtime.plugins - INFO - setup plugin alembic.autogenerate.constraints
2026-09-17 23:50:37,456 - alembic.runtime.plugins - INFO - setup plugin alembic.autogenerate.defaults
2026-09-17 23:50:37,456 - alembic.runtime.plugins - INFO - setup plugin alembic.autogenerate.comments
2026-09-17 23:50:37,456 - alembic.runtime.plugins - INFO - setup plugin alembic.autogenerate.checkconstraint_byname
2026-09-17 23:50:37,580 - pms - INFO - Database schema already at migration head (b3c4d5e6f7a8b9c0d1e2f3).
2026-09-17 23:50:37,695 - pms - INFO - Completed startup system notifications synchronization.
2026-09-17 23:51:15,195 - pms - INFO - PRODUCTION_TRACE auth accepted username=admin user_id=1
2026-09-17 23:51:26,952 - pms - INFO - PRODUCTION_TRACE auth accepted username=cashier 1 user_id=2
2026-09-17 23:52:01,404 - pms - CRITICAL - SECURITY: SECRET_KEY is set to the insecure default value. Set a strong random SECRET_KEY in backend/.env before any production deployment.
2026-09-17 23:52:01,786 - pms - INFO - PRODUCTION_TRACE license storage path=E:\Projects\PMS-Software\backend\licenses\active.lic exists=True
2026-09-17 23:52:26,110 - pms - CRITICAL - SECURITY: SECRET_KEY is set to the insecure default value. Set a strong random SECRET_KEY in backend/.env before any production deployment.
2026-09-17 23:52:26,501 - pms - INFO - PRODUCTION_TRACE license storage path=E:\Projects\PMS-Software\backend\licenses\active.lic exists=True
2026-09-17 23:52:28,510 - pms - INFO - Starting Pharmacy Management System backend...
2026-09-17 23:52:29,177 - alembic.runtime.plugins - INFO - setup plugin alembic.autogenerate.schemas
2026-09-17 23:52:29,180 - alembic.runtime.plugins - INFO - setup plugin alembic.autogenerate.tables
2026-09-17 23:52:29,180 - alembic.runtime.plugins - INFO - setup plugin alembic.autogenerate.types
2026-09-17 23:52:29,181 - alembic.runtime.plugins - INFO - setup plugin alembic.autogenerate.constraints
2026-09-17 23:52:29,181 - alembic.runtime.plugins - INFO - setup plugin alembic.autogenerate.defaults
2026-09-17 23:52:29,182 - alembic.runtime.plugins - INFO - setup plugin alembic.autogenerate.comments
2026-09-17 23:52:29,182 - alembic.runtime.plugins - INFO - setup plugin alembic.autogenerate.checkconstraint_byname
2026-09-17 23:52:29,383 - pms - INFO - Database schema already at migration head (b3c4d5e6f7a8b9c0d1e2f3).
2026-09-17 23:52:29,673 - pms - INFO - Completed startup system notifications synchronization.
2026-09-17 23:53:25,666 - pms - INFO - PRODUCTION_TRACE license status=Active path=E:\Projects\PMS-Software\backend\licenses\active.lic
2026-09-17 23:58:33,082 - pms - INFO - PRODUCTION_TRACE license status=Active path=E:\Projects\PMS-Software\backend\licenses\active.lic
2026-09-17 23:58:36,470 - pms - INFO - PRODUCTION_TRACE license status=Active path=E:\Projects\PMS-Software\backend\licenses\active.lic
2026-09-17 23:58:47,970 - pms - INFO - AUDIT: User cashier 1 updated their profile information.
2026-09-17 23:59:14,745 - pms - INFO - Database Backup Executed | Type: Manual | File: Backup_17_09_2026_235849.zip | Size: 12396 bytes | Status: Success
2026-09-17 23:59:57,311 - pms - WARNING - Failed password verification during restore by user cashier 1
2026-09-18 00:00:05,873 - pms - INFO - Database Restore Initiated | Creating safety snapshot: backups\safety\pre_restore_safety_snapshot.sqlite
2026-09-18 00:00:05,892 - pms - INFO - Database Restore Successful | Restored from: E:/Backup/Backup_17_09_2026_235849.zip by user cashier 1
2026-09-18 00:00:07,807 - pms - INFO - PRODUCTION_TRACE license status=Active path=E:\Projects\PMS-Software\backend\licenses\active.lic
2026-09-18 00:01:25,627 - pms - INFO - PRODUCTION_TRACE license status=Active path=E:\Projects\PMS-Software\backend\licenses\active.lic
2026-09-18 00:01:42,165 - pms - INFO - PRODUCTION_TRACE auth accepted username=admin user_id=1
2026-09-18 00:02:06,339 - pms - INFO - AUDIT: Admin admin updated permissions for 'cashier 1': ['sales']
2026-09-18 00:02:20,592 - pms - INFO - PRODUCTION_TRACE license status=Active path=E:\Projects\PMS-Software\backend\licenses\active.lic
2026-09-18 00:05:50,013 - pms - INFO - PRODUCTION_TRACE license status=Active path=E:\Projects\PMS-Software\backend\licenses\active.lic
2026-09-18 00:14:41,042 - pms - INFO - PRODUCTION_TRACE license status=Active path=E:\Projects\PMS-Software\backend\licenses\active.lic
2026-09-18 00:14:50,855 - pms - INFO - PRODUCTION_TRACE license status=Active path=E:\Projects\PMS-Software\backend\licenses\active.lic
2026-09-18 00:21:04,931 - pms - INFO - PRODUCTION_TRACE auth accepted username=cashier 1 user_id=2
2026-09-18 00:21:34,578 - pms - INFO - PRODUCTION_TRACE auth accepted username=admin user_id=1
2026-09-18 09:20:16,330 - pms - CRITICAL - SECURITY: SECRET_KEY is set to the insecure default value. Set a strong random SECRET_KEY in backend/.env before any production deployment.
2026-09-18 09:20:17,104 - pms - INFO - PRODUCTION_TRACE license storage path=E:\Projects\PMS-Software\backend\licenses\active.lic exists=True
2026-09-18 09:20:18,959 - pms - INFO - Starting Pharmacy Management System backend...
2026-09-18 09:20:19,488 - alembic.runtime.plugins - INFO - setup plugin alembic.autogenerate.schemas
2026-09-18 09:20:19,488 - alembic.runtime.plugins - INFO - setup plugin alembic.autogenerate.tables
2026-09-18 09:20:19,488 - alembic.runtime.plugins - INFO - setup plugin alembic.autogenerate.types
2026-09-18 09:20:19,489 - alembic.runtime.plugins - INFO - setup plugin alembic.autogenerate.constraints
2026-09-18 09:20:19,489 - alembic.runtime.plugins - INFO - setup plugin alembic.autogenerate.defaults
2026-09-18 09:20:19,489 - alembic.runtime.plugins - INFO - setup plugin alembic.autogenerate.comments
2026-09-18 09:20:19,489 - alembic.runtime.plugins - INFO - setup plugin alembic.autogenerate.checkconstraint_byname
2026-09-18 09:20:19,652 - pms - INFO - Database schema already at migration head (b3c4d5e6f7a8b9c0d1e2f3).
2026-09-18 09:20:19,877 - pms - INFO - Completed startup system notifications synchronization.
2026-09-18 09:20:54,028 - pms - INFO - PRODUCTION_TRACE license status=Active path=E:\Projects\PMS-Software\backend\licenses\active.lic
2026-09-18 09:21:06,068 - pms - INFO - PRODUCTION_TRACE auth accepted username=admin user_id=1
2026-09-18 09:21:11,953 - pms - INFO - PRODUCTION_TRACE auth accepted username=admin user_id=1
2026-09-18 09:21:11,979 - pms - INFO - AUDIT: [SCREEN_UNLOCKED] Screen unlocked successfully by user (User: admin)
2026-09-18 09:21:16,744 - pms - INFO - PRODUCTION_TRACE license status=Active path=E:\Projects\PMS-Software\backend\licenses\active.lic
2026-09-18 09:53:16,321 - pms - CRITICAL - SECURITY: SECRET_KEY is set to the insecure default value. Set a strong random SECRET_KEY in backend/.env before any production deployment.
2026-09-18 09:53:16,812 - pms - INFO - PRODUCTION_TRACE license storage path=E:\Projects\PMS-Software\backend\licenses\active.lic exists=True
2026-09-18 09:53:18,182 - pms - INFO - Starting Pharmacy Management System backend...
2026-09-18 09:53:18,546 - alembic.runtime.plugins - INFO - setup plugin alembic.autogenerate.schemas
2026-09-18 09:53:18,547 - alembic.runtime.plugins - INFO - setup plugin alembic.autogenerate.tables
2026-09-18 09:53:18,547 - alembic.runtime.plugins - INFO - setup plugin alembic.autogenerate.types
2026-09-18 09:53:18,547 - alembic.runtime.plugins - INFO - setup plugin alembic.autogenerate.constraints
2026-09-18 09:53:18,547 - alembic.runtime.plugins - INFO - setup plugin alembic.autogenerate.defaults
2026-09-18 09:53:18,547 - alembic.runtime.plugins - INFO - setup plugin alembic.autogenerate.comments
2026-09-18 09:53:18,547 - alembic.runtime.plugins - INFO - setup plugin alembic.autogenerate.checkconstraint_byname
2026-09-18 09:53:18,661 - pms - INFO - Database schema already at migration head (8cdd21e09901).
2026-09-18 09:53:18,806 - pms - INFO - Completed startup system notifications synchronization.
2026-09-18 09:53:53,367 - pms - INFO - PRODUCTION_TRACE license status=Active path=E:\Projects\PMS-Software\backend\licenses\active.lic
2026-09-18 10:39:19,307 - pms - INFO - PRODUCTION_TRACE license status=Active path=E:\Projects\PMS-Software\backend\licenses\active.lic
2026-09-18 10:44:58,533 - pms - INFO - PRODUCTION_TRACE license status=Active path=E:\Projects\PMS-Software\backend\licenses\active.lic
2026-09-18 10:45:26,373 - pms - INFO - PRODUCTION_TRACE license status=Active path=E:\Projects\PMS-Software\backend\licenses\active.lic
2026-09-18 10:45:28,424 - pms - INFO - PRODUCTION_TRACE license status=Active path=E:\Projects\PMS-Software\backend\licenses\active.lic
2026-09-18 10:45:35,792 - pms - INFO - PRODUCTION_TRACE auth accepted username=admin user_id=1
2026-09-18 10:45:54,346 - pms - INFO - AUDIT: User admin updated their profile information.
2026-09-18 10:46:03,664 - pms - INFO - AUDIT: User admin updated their profile information.
2026-09-18 10:47:55,495 - pms - INFO - PRODUCTION_TRACE license status=Active path=E:\Projects\PMS-Software\backend\licenses\active.lic
2026-09-18 10:47:59,115 - pms - INFO - PRODUCTION_TRACE license status=Active path=E:\Projects\PMS-Software\backend\licenses\active.lic
2026-09-18 10:53:47,794 - pms - INFO - PRODUCTION_TRACE license status=Active path=E:\Projects\PMS-Software\backend\licenses\active.lic
2026-09-18 11:03:36,468 - pms - INFO - PRODUCTION_TRACE license status=Active path=E:\Projects\PMS-Software\backend\licenses\active.lic
2026-09-18 11:03:46,854 - pms - INFO - AUDIT: User admin uploaded a new Receipt Logo.
2026-09-18 11:03:48,710 - pms - INFO - PRODUCTION_TRACE license status=Active path=E:\Projects\PMS-Software\backend\licenses\active.lic
2026-09-18 11:03:56,417 - pms - INFO - AUDIT: User admin removed their Profile Photo.
2026-09-18 11:03:57,527 - pms - INFO - AUDIT: User admin updated their profile information.
2026-09-18 11:04:11,255 - pms - INFO - AUDIT: User admin updated their profile information.
2026-09-18 11:04:11,281 - pms - INFO - AUDIT: User admin uploaded a new Profile Photo.
2026-09-18 11:07:43,166 - pms - INFO - PRODUCTION_TRACE license status=Active path=E:\Projects\PMS-Software\backend\licenses\active.lic
2026-09-18 11:10:41,709 - pms - INFO - PRODUCTION_TRACE license status=Active path=E:\Projects\PMS-Software\backend\licenses\active.lic
2026-09-18 11:14:35,467 - pms - INFO - PRODUCTION_TRACE license status=Active path=E:\Projects\PMS-Software\backend\licenses\active.lic
2026-09-18 11:16:26,639 - pms - INFO - PRODUCTION_TRACE license status=Active path=E:\Projects\PMS-Software\backend\licenses\active.lic
2026-09-18 11:16:32,709 - pms - INFO - PRODUCTION_TRACE license status=Active path=E:\Projects\PMS-Software\backend\licenses\active.lic
2026-09-18 11:19:15,670 - pms - INFO - PRODUCTION_TRACE license status=Active path=E:\Projects\PMS-Software\backend\licenses\active.lic
2026-09-18 11:20:52,235 - pms - INFO - PRODUCTION_TRACE license status=Active path=E:\Projects\PMS-Software\backend\licenses\active.lic
2026-09-18 11:22:57,565 - pms - INFO - PRODUCTION_TRACE license status=Active path=E:\Projects\PMS-Software\backend\licenses\active.lic
2026-09-18 11:28:55,337 - pms - INFO - PRODUCTION_TRACE license status=Active path=E:\Projects\PMS-Software\backend\licenses\active.lic
2026-09-18 11:30:53,262 - pms - INFO - PRODUCTION_TRACE license status=Active path=E:\Projects\PMS-Software\backend\licenses\active.lic
2026-09-18 11:31:13,638 - pms - INFO - PRODUCTION_TRACE license status=Active path=E:\Projects\PMS-Software\backend\licenses\active.lic
2026-09-18 11:33:42,469 - pms - INFO - PRODUCTION_TRACE license status=Active path=E:\Projects\PMS-Software\backend\licenses\active.lic
2026-09-18 11:34:10,041 - pms - INFO - PRODUCTION_TRACE license status=Active path=E:\Projects\PMS-Software\backend\licenses\active.lic
2026-09-18 11:34:19,422 - pms - INFO - PRODUCTION_TRACE license status=Active path=E:\Projects\PMS-Software\backend\licenses\active.lic
2026-09-18 11:34:59,583 - pms - CRITICAL - SECURITY: SECRET_KEY is set to the insecure default value. Set a strong random SECRET_KEY in backend/.env before any production deployment.
2026-09-18 11:35:00,202 - pms - INFO - PRODUCTION_TRACE license storage path=E:\Projects\PMS-Software\backend\licenses\active.lic exists=True
2026-09-18 11:35:02,352 - pms - INFO - Starting Pharmacy Management System backend...
2026-09-18 11:35:03,305 - alembic.runtime.plugins - INFO - setup plugin alembic.autogenerate.schemas
2026-09-18 11:35:03,305 - alembic.runtime.plugins - INFO - setup plugin alembic.autogenerate.tables
2026-09-18 11:35:03,305 - alembic.runtime.plugins - INFO - setup plugin alembic.autogenerate.types
2026-09-18 11:35:03,305 - alembic.runtime.plugins - INFO - setup plugin alembic.autogenerate.constraints
2026-09-18 11:35:03,306 - alembic.runtime.plugins - INFO - setup plugin alembic.autogenerate.defaults
2026-09-18 11:35:03,306 - alembic.runtime.plugins - INFO - setup plugin alembic.autogenerate.comments
2026-09-18 11:35:03,306 - alembic.runtime.plugins - INFO - setup plugin alembic.autogenerate.checkconstraint_byname
2026-09-18 11:35:03,517 - pms - INFO - Database schema already at migration head (8cdd21e09901).
2026-09-18 11:35:03,736 - pms - INFO - Completed startup system notifications synchronization.
2026-09-18 11:35:06,016 - pms - INFO - PRODUCTION_TRACE license status=Active path=E:\Projects\PMS-Software\backend\licenses\active.lic
2026-09-18 11:39:21,141 - pms - INFO - PRODUCTION_TRACE license status=Active path=E:\Projects\PMS-Software\backend\licenses\active.lic
2026-09-18 12:18:20,205 - pms - INFO - AUDIT: [SCREEN_LOCKED] Screen automatically locked due to inactivity (User: admin)
2026-09-18 15:44:31,149 - pms - CRITICAL - SECURITY: SECRET_KEY is set to the insecure default value. Set a strong random SECRET_KEY in backend/.env before any production deployment.
2026-09-18 15:44:31,688 - pms - INFO - PRODUCTION_TRACE license storage path=E:\Projects\PMS-Software\backend\licenses\active.lic exists=True
2026-09-18 15:44:33,105 - pms - INFO - Starting Pharmacy Management System backend...
2026-09-18 15:44:33,561 - alembic.runtime.plugins - INFO - setup plugin alembic.autogenerate.schemas
2026-09-18 15:44:33,561 - alembic.runtime.plugins - INFO - setup plugin alembic.autogenerate.tables
2026-09-18 15:44:33,561 - alembic.runtime.plugins - INFO - setup plugin alembic.autogenerate.types
2026-09-18 15:44:33,561 - alembic.runtime.plugins - INFO - setup plugin alembic.autogenerate.constraints
2026-09-18 15:44:33,562 - alembic.runtime.plugins - INFO - setup plugin alembic.autogenerate.defaults
2026-09-18 15:44:33,562 - alembic.runtime.plugins - INFO - setup plugin alembic.autogenerate.comments
2026-09-18 15:44:33,562 - alembic.runtime.plugins - INFO - setup plugin alembic.autogenerate.checkconstraint_byname
2026-09-18 15:44:33,695 - pms - INFO - Database schema already at migration head (8cdd21e09901).
2026-09-18 15:44:33,832 - pms - INFO - Completed startup system notifications synchronization.
2026-09-18 15:45:07,088 - pms - INFO - PRODUCTION_TRACE license status=Active path=E:\Projects\PMS-Software\backend\licenses\active.lic
2026-09-18 15:45:19,812 - pms - WARNING - PRODUCTION_TRACE auth rejected username=admin reason=password-mismatch
2026-09-18 15:45:19,817 - pms - ERROR - PMSException caught: Incorrect username or password (status: 401) | Path: /api/v1/auth/login
2026-09-18 15:45:28,206 - pms - INFO - PRODUCTION_TRACE auth accepted username=admin user_id=1
2026-09-18 15:45:35,815 - pms - INFO - PRODUCTION_TRACE auth accepted username=admin user_id=1
2026-09-18 15:45:35,840 - pms - INFO - AUDIT: [SCREEN_UNLOCKED] Screen unlocked successfully by user (User: admin)
2026-09-18 15:45:39,416 - pms - INFO - PRODUCTION_TRACE license status=Active path=E:\Projects\PMS-Software\backend\licenses\active.lic
2026-09-18 15:45:46,648 - pms - INFO - PRODUCTION_TRACE license status=Active path=E:\Projects\PMS-Software\backend\licenses\active.lic
2026-09-18 15:46:01,242 - pms - CRITICAL - SECURITY: SECRET_KEY is set to the insecure default value. Set a strong random SECRET_KEY in backend/.env before any production deployment.
2026-09-18 15:46:01,777 - pms - INFO - PRODUCTION_TRACE license storage path=E:\Projects\PMS-Software\backend\licenses\active.lic exists=True
2026-09-18 15:46:04,444 - pms - INFO - Starting Pharmacy Management System backend...
2026-09-18 15:46:05,401 - alembic.runtime.plugins - INFO - setup plugin alembic.autogenerate.schemas
2026-09-18 15:46:05,402 - alembic.runtime.plugins - INFO - setup plugin alembic.autogenerate.tables
2026-09-18 15:46:05,402 - alembic.runtime.plugins - INFO - setup plugin alembic.autogenerate.types
2026-09-18 15:46:05,403 - alembic.runtime.plugins - INFO - setup plugin alembic.autogenerate.constraints
2026-09-18 15:46:05,403 - alembic.runtime.plugins - INFO - setup plugin alembic.autogenerate.defaults
2026-09-18 15:46:05,403 - alembic.runtime.plugins - INFO - setup plugin alembic.autogenerate.comments
2026-09-18 15:46:05,403 - alembic.runtime.plugins - INFO - setup plugin alembic.autogenerate.checkconstraint_byname
2026-09-18 15:46:05,756 - pms - INFO - Database schema already at migration head (8cdd21e09901).
2026-09-18 15:46:06,540 - pms - INFO - Completed startup system notifications synchronization.
2026-09-18 15:46:08,622 - pms - INFO - PRODUCTION_TRACE license status=Active path=E:\Projects\PMS-Software\backend\licenses\active.lic
2026-09-18 15:46:13,276 - pms - INFO - PRODUCTION_TRACE license status=Active path=E:\Projects\PMS-Software\backend\licenses\active.lic
2026-09-18 15:46:20,513 - pms - INFO - AUDIT: User admin removed the Receipt Logo.
2026-09-18 15:46:28,693 - pms - INFO - AUDIT: User admin uploaded a new Receipt Logo.
2026-09-18 15:46:34,938 - pms - INFO - AUDIT: User admin removed their Profile Photo.
2026-09-18 15:46:35,948 - pms - INFO - AUDIT: User admin updated their profile information.
2026-09-18 15:46:41,941 - pms - INFO - AUDIT: User admin updated their profile information.
2026-09-18 15:46:41,985 - pms - INFO - AUDIT: User admin uploaded a new Profile Photo.
2026-09-18 15:46:59,665 - pms - INFO - AUDIT: User admin removed the Receipt Logo.
2026-09-18 15:47:06,995 - pms - INFO - AUDIT: User admin uploaded a new Receipt Logo.
2026-09-18 15:49:17,681 - pms - INFO - PRODUCTION_TRACE license status=Active path=E:\Projects\PMS-Software\backend\licenses\active.lic
2026-09-18 15:49:22,791 - pms - INFO - AUDIT: User admin removed the Receipt Logo.
2026-09-18 15:49:32,025 - pms - INFO - AUDIT: User admin uploaded a new Receipt Logo.
2026-09-18 15:49:38,397 - pms - INFO - PRODUCTION_TRACE license status=Active path=E:\Projects\PMS-Software\backend\licenses\active.lic
2026-09-18 15:59:23,058 - pms - INFO - PRODUCTION_TRACE license status=Active path=E:\Projects\PMS-Software\backend\licenses\active.lic
2026-09-18 16:04:46,654 - pms - CRITICAL - SECURITY: SECRET_KEY is set to the insecure default value. Set a strong random SECRET_KEY in backend/.env before any production deployment.
2026-09-18 16:04:47,300 - pms - INFO - PRODUCTION_TRACE license storage path=E:\Projects\PMS-Software\backend\licenses\active.lic exists=True
2026-09-18 16:04:49,627 - pms - INFO - Starting Pharmacy Management System backend...
2026-09-18 16:04:50,635 - alembic.runtime.plugins - INFO - setup plugin alembic.autogenerate.schemas
2026-09-18 16:04:50,635 - alembic.runtime.plugins - INFO - setup plugin alembic.autogenerate.tables
2026-09-18 16:04:50,635 - alembic.runtime.plugins - INFO - setup plugin alembic.autogenerate.types
2026-09-18 16:04:50,636 - alembic.runtime.plugins - INFO - setup plugin alembic.autogenerate.constraints
2026-09-18 16:04:50,636 - alembic.runtime.plugins - INFO - setup plugin alembic.autogenerate.defaults
2026-09-18 16:04:50,636 - alembic.runtime.plugins - INFO - setup plugin alembic.autogenerate.comments
2026-09-18 16:04:50,636 - alembic.runtime.plugins - INFO - setup plugin alembic.autogenerate.checkconstraint_byname
2026-09-18 16:04:50,879 - pms - INFO - Database schema already at migration head (8cdd21e09901).
2026-09-18 16:04:51,854 - pms - INFO - Completed startup system notifications synchronization.
2026-09-18 16:04:54,373 - pms - INFO - PRODUCTION_TRACE license status=Active path=E:\Projects\PMS-Software\backend\licenses\active.lic
2026-09-18 16:18:18,598 - pms - INFO - PRODUCTION_TRACE auth accepted username=admin user_id=1
2026-09-18 16:19:35,156 - pms - INFO - PRODUCTION_TRACE license status=Active path=E:\Projects\PMS-Software\backend\licenses\active.lic
2026-09-18 16:22:26,158 - pms - INFO - PRODUCTION_TRACE license status=Active path=E:\Projects\PMS-Software\backend\licenses\active.lic
2026-09-18 16:22:37,384 - pms - INFO - AUDIT: User admin removed the Receipt Logo.
2026-09-18 16:22:45,205 - pms - INFO - AUDIT: User admin uploaded a new Receipt Logo.
2026-09-18 16:22:48,048 - pms - INFO - PRODUCTION_TRACE license status=Active path=E:\Projects\PMS-Software\backend\licenses\active.lic
2026-09-18 16:46:42,109 - pms - CRITICAL - SECURITY: SECRET_KEY is set to the insecure default value. Set a strong random SECRET_KEY in backend/.env before any production deployment.
2026-09-18 16:46:42,663 - pms - INFO - PRODUCTION_TRACE license storage path=E:\Projects\PMS-Software\backend\licenses\active.lic exists=True
2026-09-18 16:46:45,782 - pms - INFO - Starting Pharmacy Management System backend...
2026-09-18 16:46:46,819 - alembic.runtime.plugins - INFO - setup plugin alembic.autogenerate.schemas
2026-09-18 16:46:46,820 - alembic.runtime.plugins - INFO - setup plugin alembic.autogenerate.tables
2026-09-18 16:46:46,820 - alembic.runtime.plugins - INFO - setup plugin alembic.autogenerate.types
2026-09-18 16:46:46,820 - alembic.runtime.plugins - INFO - setup plugin alembic.autogenerate.constraints
2026-09-18 16:46:46,820 - alembic.runtime.plugins - INFO - setup plugin alembic.autogenerate.defaults
2026-09-18 16:46:46,820 - alembic.runtime.plugins - INFO - setup plugin alembic.autogenerate.comments
2026-09-18 16:46:46,821 - alembic.runtime.plugins - INFO - setup plugin alembic.autogenerate.checkconstraint_byname
2026-09-18 16:46:47,011 - pms - INFO - Database schema already at migration head (8cdd21e09901).
2026-09-18 16:46:47,358 - pms - INFO - Completed startup system notifications synchronization.
2026-09-18 16:46:54,111 - pms - INFO - PRODUCTION_TRACE license status=Active path=E:\Projects\PMS-Software\backend\licenses\active.lic
2026-09-18 16:47:01,533 - pms - INFO - PRODUCTION_TRACE license status=Active path=E:\Projects\PMS-Software\backend\licenses\active.lic
2026-09-18 16:47:06,061 - pms - INFO - PRODUCTION_TRACE auth accepted username=admin user_id=1
2026-09-18 16:52:23,716 - pms - INFO - PRODUCTION_TRACE license status=Active path=E:\Projects\PMS-Software\backend\licenses\active.lic
2026-09-18 17:12:00,545 - pms - INFO - PRODUCTION_TRACE license status=Active path=E:\Projects\PMS-Software\backend\licenses\active.lic
2026-09-18 17:20:18,494 - pms - INFO - AUDIT: User admin successfully deleted category 4 (Antiallergics).
2026-09-18 17:20:22,144 - pms - WARNING - AUDIT: User admin attempted to delete category 1 (Antibiotics) but was blocked. Reason: 2 medicines assigned.
2026-09-18 17:20:26,550 - pms - WARNING - AUDIT: User admin attempted to delete category 3 (Antipyretics) but was blocked. Reason: 1 medicines assigned.
2026-09-18 17:20:30,182 - pms - WARNING - AUDIT: User admin attempted to delete category 5 (Gastrointestinal) but was blocked. Reason: 1 medicines assigned.
2026-09-18 17:20:34,097 - pms - WARNING - AUDIT: User admin attempted to delete category 2 (Painkillers) but was blocked. Reason: 1 medicines assigned.
2026-09-18 17:20:41,511 - pms - INFO - AUDIT: User admin imported 1 categories. Skipped: 4. Errors: 0
2026-09-18 17:27:18,413 - pms - ERROR - AUDIT: User admin failed to import categories. Error: 'utf-8' codec can't decode byte 0x92 in position 683: invalid start byte
2026-09-18 18:04:42,925 - pms - CRITICAL - SECURITY: SECRET_KEY is set to the insecure default value. Set a strong random SECRET_KEY in backend/.env before any production deployment.
2026-09-18 18:04:43,992 - pms - INFO - PRODUCTION_TRACE license storage path=E:\Projects\PMS-Software\backend\licenses\active.lic exists=True
2026-09-18 18:04:49,779 - pms - INFO - Starting Pharmacy Management System backend...
2026-09-18 18:04:51,021 - alembic.runtime.plugins - INFO - setup plugin alembic.autogenerate.schemas
2026-09-18 18:04:51,021 - alembic.runtime.plugins - INFO - setup plugin alembic.autogenerate.tables
2026-09-18 18:04:51,021 - alembic.runtime.plugins - INFO - setup plugin alembic.autogenerate.types
2026-09-18 18:04:51,021 - alembic.runtime.plugins - INFO - setup plugin alembic.autogenerate.constraints
2026-09-18 18:04:51,022 - alembic.runtime.plugins - INFO - setup plugin alembic.autogenerate.defaults
2026-09-18 18:04:51,022 - alembic.runtime.plugins - INFO - setup plugin alembic.autogenerate.comments
2026-09-18 18:04:51,022 - alembic.runtime.plugins - INFO - setup plugin alembic.autogenerate.checkconstraint_byname
2026-09-18 18:04:51,344 - pms - INFO - Database schema already at migration head (8cdd21e09901).
2026-09-18 18:04:51,678 - pms - INFO - Completed startup system notifications synchronization.
2026-09-18 18:05:01,880 - pms - INFO - PRODUCTION_TRACE license status=Active path=E:\Projects\PMS-Software\backend\licenses\active.lic
2026-09-18 18:05:48,498 - pms - INFO - PRODUCTION_TRACE license status=Active path=E:\Projects\PMS-Software\backend\licenses\active.lic
2026-09-18 18:05:56,681 - pms - INFO - AUDIT: User admin imported 30 categories. Skipped: 0. Errors: 0
2026-09-18 18:12:04,228 - pms - INFO - AUDIT: User admin successfully deleted category 16 (Nausea & Vomiting).
2026-09-18 18:12:06,268 - pms - INFO - AUDIT: User admin successfully deleted category 8 (Antibiotics / Antibacterials).
2026-09-18 18:12:25,982 - pms - INFO - AUDIT: User admin successfully deleted category 36 (Other / Unclassified).
2026-09-18 18:12:29,222 - pms - WARNING - AUDIT: User admin attempted to delete category 1 (Antibiotics) but was blocked. Reason: 2 medicines assigned.
2026-09-18 18:12:33,391 - pms - INFO - AUDIT: User admin successfully deleted category 7 (Pain, Fever & Inflammation).
2026-09-18 18:12:37,746 - pms - INFO - AUDIT: User admin successfully deleted category 34 (Anesthetics & Emergency Medicines).
2026-09-18 18:12:41,715 - pms - INFO - AUDIT: User admin successfully deleted category 12 (Allergy & Antihistamines).
2026-09-18 18:12:44,353 - pms - INFO - AUDIT: User admin successfully deleted category 6 (Antiallergics).
2026-09-18 18:12:47,037 - pms - INFO - AUDIT: User admin successfully deleted category 32 (Urinary & Kidney).
2026-09-18 18:12:49,332 - pms - INFO - AUDIT: User admin successfully deleted category 11 (Antiparasitic & Antimalarial).
2026-09-18 18:12:56,420 - pms - WARNING - AUDIT: User admin attempted to delete category 1 (Antibiotics) but was blocked. Reason: 2 medicines assigned.
2026-09-18 18:13:01,404 - pms - INFO - AUDIT: User admin successfully deleted category 9 (Antifungals).
2026-09-18 18:13:04,576 - pms - INFO - AUDIT: User admin successfully deleted category 10 (Antivirals).
2026-09-18 18:13:07,152 - pms - INFO - AUDIT: User admin successfully deleted category 14 (Asthma & Respiratory).
2026-09-18 18:13:09,591 - pms - INFO - AUDIT: User admin successfully deleted category 22 (Blood / Anticoagulants & Antiplatelets).
2026-09-18 18:13:21,895 - pms - INFO - AUDIT: User admin successfully deleted category 30 (Women’s Health & Gynecology).
2026-09-18 18:13:27,742 - pms - INFO - AUDIT: User admin successfully deleted category 23 (Vitamins, Minerals & Supplements).
2026-09-18 18:13:30,484 - pms - INFO - AUDIT: User admin successfully deleted category 19 (Blood Pressure).
2026-09-18 18:13:33,270 - pms - INFO - AUDIT: User admin successfully deleted category 21 (Cholesterol & Lipid Control).
2026-09-18 18:13:36,360 - pms - INFO - AUDIT: User admin successfully deleted category 26 (Ear & Nose Medicines).
2026-09-18 18:13:39,567 - pms - INFO - AUDIT: User admin successfully deleted category 31 (Contraceptives & Reproductive Health).
2026-09-18 18:13:41,564 - pms - INFO - AUDIT: User admin successfully deleted category 13 (Cough, Cold & Flu).
2026-09-18 18:13:44,032 - pms - INFO - AUDIT: User admin successfully deleted category 18 (Diabetes).
2026-09-18 18:13:48,120 - pms - INFO - AUDIT: User admin successfully deleted category 17 (Diarrhea & Constipation).
2026-09-18 18:13:50,089 - pms - INFO - AUDIT: User admin successfully deleted category 25 (Eye Medicines).
2026-09-18 18:13:52,535 - pms - INFO - AUDIT: User admin successfully deleted category 20 (Heart & Cardiovascular).
2026-09-18 18:13:55,461 - pms - INFO - AUDIT: User admin successfully deleted category 29 (Hormones & Endocrine).
2026-09-18 18:13:57,716 - pms - INFO - AUDIT: User admin successfully deleted category 28 (Mental Health / Psychiatry).
2026-09-18 18:13:59,853 - pms - INFO - AUDIT: User admin successfully deleted category 33 (Muscle, Bone & Joint).
2026-09-18 18:14:01,813 - pms - INFO - AUDIT: User admin successfully deleted category 27 (Neurology & Epilepsy).
2026-09-18 18:14:05,313 - pms - INFO - AUDIT: User admin successfully deleted category 24 (Skin / Dermatology).
2026-09-18 18:14:15,024 - pms - INFO - AUDIT: User admin successfully deleted category 15 (Stomach, Acidity & Ulcer).
2026-09-18 18:14:17,775 - pms - INFO - AUDIT: User admin successfully deleted category 35 (Vaccines & Immunologicals).
2026-09-18 18:14:26,031 - pms - INFO - AUDIT: User admin imported 0 categories. Skipped: 30. Errors: 30
2026-09-18 18:16:30,346 - pms - INFO - AUDIT: User admin imported 30 categories. Skipped: 0. Errors: 0
2026-09-18 18:17:34,135 - pms - INFO - PRODUCTION_TRACE license status=Active path=E:\Projects\PMS-Software\backend\licenses\active.lic
2026-09-18 18:44:49,347 - pms - CRITICAL - SECURITY: SECRET_KEY is set to the insecure default value. Set a strong random SECRET_KEY in backend/.env before any production deployment.
2026-09-18 18:44:50,693 - pms - INFO - PRODUCTION_TRACE license storage path=E:\Projects\PMS-Software\backend\licenses\active.lic exists=True
2026-09-18 18:44:53,863 - pms - INFO - Starting Pharmacy Management System backend...
2026-09-18 18:44:55,114 - alembic.runtime.plugins - INFO - setup plugin alembic.autogenerate.schemas
2026-09-18 18:44:55,115 - alembic.runtime.plugins - INFO - setup plugin alembic.autogenerate.tables
2026-09-18 18:44:55,116 - alembic.runtime.plugins - INFO - setup plugin alembic.autogenerate.types
2026-09-18 18:44:55,117 - alembic.runtime.plugins - INFO - setup plugin alembic.autogenerate.constraints
2026-09-18 18:44:55,117 - alembic.runtime.plugins - INFO - setup plugin alembic.autogenerate.defaults
2026-09-18 18:44:55,117 - alembic.runtime.plugins - INFO - setup plugin alembic.autogenerate.comments
2026-09-18 18:44:55,118 - alembic.runtime.plugins - INFO - setup plugin alembic.autogenerate.checkconstraint_byname
2026-09-18 18:44:55,481 - pms - INFO - Database schema already at migration head (8cdd21e09901).
2026-09-18 18:44:56,332 - pms - INFO - Completed startup system notifications synchronization.
2026-09-18 18:45:00,946 - pms - INFO - PRODUCTION_TRACE license status=Active path=E:\Projects\PMS-Software\backend\licenses\active.lic
2026-09-18 18:45:44,312 - pms - INFO - PRODUCTION_TRACE license status=Active path=E:\Projects\PMS-Software\backend\licenses\active.lic
2026-09-18 18:50:43,908 - pms - INFO - AUDIT: User admin imported 0 companies. Skipped: 20. Errors: 20
2026-09-18 18:51:13,208 - pms - INFO - AUDIT: User admin imported 20 companies. Skipped: 0. Errors: 0
2026-09-18 19:01:14,015 - pms - INFO - AUDIT: User admin imported 0 suppliers. Skipped: 20. Errors: 20
2026-09-18 19:03:24,689 - pms - INFO - AUDIT: User admin imported 20 suppliers. Skipped: 0. Errors: 0
2026-09-18 19:07:57,510 - pms - INFO - PRODUCTION_TRACE license status=Active path=E:\Projects\PMS-Software\backend\licenses\active.lic
2026-09-18 19:08:17,322 - pms - INFO - AUDIT: User admin imported 20 customers. Skipped: 0. Errors: 0
2026-09-18 19:17:47,605 - pms - ERROR - Unhandled Exception caught: (sqlite3.IntegrityError) FOREIGN KEY constraint failed
[SQL: INSERT INTO medicines ("BrandName", "GenericName", "CategoryId", "CompanyId", "RackNumber", "ReorderLevel", "RequiresPrescription", "Unit", "DosageForm", "Strength", "Barcode", "DefaultCostPrice", "DefaultSellingPrice", "IsActive") VALUES (?, ?, ?, ?, ?, ?, ?, ?, ?, ?, ?, ?, ?, ?) RETURNING "MedicineId"]
[parameters: ('Amoxil 500mg', 'Amoxicillin 500mg', 4, 6, 'A-02', 10, 0, 'Strip', None, None, None, 0.0, 0.0, 1)]
(Background on this error at: https://sqlalche.me/e/20/gkpj) | Path: /api/v1/medicines/import
NoneType: None
2026-09-18 19:17:50,738 - pms - INFO - PRODUCTION_TRACE license status=Active path=E:\Projects\PMS-Software\backend\licenses\active.lic
2026-09-18 19:18:37,186 - pms - INFO - PRODUCTION_TRACE license status=Active path=E:\Projects\PMS-Software\backend\licenses\active.lic
2026-09-18 19:25:15,788 - pms - INFO - PRODUCTION_TRACE license status=Active path=E:\Projects\PMS-Software\backend\licenses\active.lic
2026-09-18 19:27:24,966 - pms - INFO - PRODUCTION_TRACE license status=Active path=E:\Projects\PMS-Software\backend\licenses\active.lic
2026-09-18 19:35:16,889 - pms - INFO - PRODUCTION_TRACE license status=Active path=E:\Projects\PMS-Software\backend\licenses\active.lic
2026-09-18 19:36:08,717 - pms - INFO - PRODUCTION_TRACE license status=Active path=E:\Projects\PMS-Software\backend\licenses\active.lic
2026-09-18 19:38:39,043 - pms - INFO - PRODUCTION_TRACE license status=Active path=E:\Projects\PMS-Software\backend\licenses\active.lic
2026-09-18 19:41:17,245 - pms - INFO - PRODUCTION_TRACE license status=Active path=E:\Projects\PMS-Software\backend\licenses\active.lic
2026-09-18 19:42:09,619 - pms - INFO - PRODUCTION_TRACE license status=Active path=E:\Projects\PMS-Software\backend\licenses\active.lic
2026-09-18 19:42:48,234 - pms - INFO - PRODUCTION_TRACE license status=Active path=E:\Projects\PMS-Software\backend\licenses\active.lic
2026-09-18 19:45:42,162 - pms - INFO - PRODUCTION_TRACE license status=Active path=E:\Projects\PMS-Software\backend\licenses\active.lic
2026-09-18 19:47:24,277 - pms - INFO - PRODUCTION_TRACE license status=Active path=E:\Projects\PMS-Software\backend\licenses\active.lic
2026-09-18 19:49:03,221 - pms - INFO - PRODUCTION_TRACE license status=Active path=E:\Projects\PMS-Software\backend\licenses\active.lic
2026-09-18 19:51:05,304 - pms - INFO - PRODUCTION_TRACE license status=Active path=E:\Projects\PMS-Software\backend\licenses\active.lic
2026-09-18 20:25:20,092 - pms - INFO - AUDIT: [SCREEN_LOCKED] Screen automatically locked due to inactivity (User: admin)
2026-09-18 21:40:08,303 - pms - INFO - PRODUCTION_TRACE auth accepted username=admin user_id=1
2026-09-18 21:40:08,318 - pms - INFO - AUDIT: [SCREEN_UNLOCKED] Screen unlocked successfully by user (User: admin)
2026-09-18 21:40:10,973 - pms - INFO - PRODUCTION_TRACE license status=Active path=E:\Projects\PMS-Software\backend\licenses\active.lic
2026-09-18 21:40:15,544 - pms - INFO - PRODUCTION_TRACE license status=Active path=E:\Projects\PMS-Software\backend\licenses\active.lic
2026-09-18 21:40:29,498 - pms - INFO - PRODUCTION_TRACE license status=Active path=E:\Projects\PMS-Software\backend\licenses\active.lic
2026-09-18 22:22:01,303 - pms - INFO - PRODUCTION_TRACE license status=Active path=E:\Projects\PMS-Software\backend\licenses\active.lic
2026-09-18 22:30:40,498 - pms - CRITICAL - SECURITY: SECRET_KEY is set to the insecure default value. Set a strong random SECRET_KEY in backend/.env before any production deployment.
2026-09-18 22:30:41,302 - pms - INFO - PRODUCTION_TRACE license storage path=E:\Projects\PMS-Software\backend\licenses\active.lic exists=True
2026-09-18 22:30:44,138 - pms - INFO - Starting Pharmacy Management System backend...
2026-09-18 22:30:45,430 - alembic.runtime.plugins - INFO - setup plugin alembic.autogenerate.schemas
2026-09-18 22:30:45,431 - alembic.runtime.plugins - INFO - setup plugin alembic.autogenerate.tables
2026-09-18 22:30:45,431 - alembic.runtime.plugins - INFO - setup plugin alembic.autogenerate.types
2026-09-18 22:30:45,431 - alembic.runtime.plugins - INFO - setup plugin alembic.autogenerate.constraints
2026-09-18 22:30:45,431 - alembic.runtime.plugins - INFO - setup plugin alembic.autogenerate.defaults
2026-09-18 22:30:45,432 - alembic.runtime.plugins - INFO - setup plugin alembic.autogenerate.comments
2026-09-18 22:30:45,432 - alembic.runtime.plugins - INFO - setup plugin alembic.autogenerate.checkconstraint_byname
2026-09-18 22:30:45,885 - pms - INFO - Database schema already at migration head (8cdd21e09901).
2026-09-18 22:30:47,064 - pms - INFO - Completed startup system notifications synchronization.
2026-09-18 22:30:51,952 - pms - INFO - PRODUCTION_TRACE license status=Active path=E:\Projects\PMS-Software\backend\licenses\active.lic
2026-09-18 22:36:59,816 - pms - INFO - PRODUCTION_TRACE license status=Active path=E:\Projects\PMS-Software\backend\licenses\active.lic
2026-09-18 22:37:19,601 - pms - INFO - PRODUCTION_TRACE license status=Active path=E:\Projects\PMS-Software\backend\licenses\active.lic
2026-09-18 22:37:38,566 - pms - INFO - PRODUCTION_TRACE license status=Active path=E:\Projects\PMS-Software\backend\licenses\active.lic
2026-09-18 22:38:08,100 - pms - INFO - PRODUCTION_TRACE license status=Active path=E:\Projects\PMS-Software\backend\licenses\active.lic
2026-09-18 22:51:14,892 - pms - CRITICAL - SECURITY: SECRET_KEY is set to the insecure default value. Set a strong random SECRET_KEY in backend/.env before any production deployment.
2026-09-18 22:51:15,479 - pms - INFO - PRODUCTION_TRACE license storage path=E:\Projects\PMS-Software\backend\licenses\active.lic exists=True
2026-09-18 22:51:18,519 - pms - INFO - Starting Pharmacy Management System backend...
2026-09-18 22:51:20,109 - alembic.runtime.plugins - INFO - setup plugin alembic.autogenerate.schemas
2026-09-18 22:51:20,150 - alembic.runtime.plugins - INFO - setup plugin alembic.autogenerate.tables
2026-09-18 22:51:20,150 - alembic.runtime.plugins - INFO - setup plugin alembic.autogenerate.types
2026-09-18 22:51:20,151 - alembic.runtime.plugins - INFO - setup plugin alembic.autogenerate.constraints
2026-09-18 22:51:20,151 - alembic.runtime.plugins - INFO - setup plugin alembic.autogenerate.defaults
2026-09-18 22:51:20,151 - alembic.runtime.plugins - INFO - setup plugin alembic.autogenerate.comments
2026-09-18 22:51:20,151 - alembic.runtime.plugins - INFO - setup plugin alembic.autogenerate.checkconstraint_byname
2026-09-18 22:51:20,839 - pms - INFO - Database schema already at migration head (8cdd21e09901).
2026-09-18 22:51:21,490 - pms - INFO - Completed startup system notifications synchronization.
2026-09-18 22:51:31,173 - pms - INFO - PRODUCTION_TRACE license status=Active path=E:\Projects\PMS-Software\backend\licenses\active.lic
2026-09-18 22:51:41,182 - pms - INFO - PRODUCTION_TRACE license status=Active path=E:\Projects\PMS-Software\backend\licenses\active.lic
2026-09-18 22:52:24,820 - pms - INFO - PRODUCTION_TRACE license status=Active path=E:\Projects\PMS-Software\backend\licenses\active.lic
2026-09-18 22:53:15,455 - pms - CRITICAL - SECURITY: SECRET_KEY is set to the insecure default value. Set a strong random SECRET_KEY in backend/.env before any production deployment.
2026-09-18 22:53:16,113 - pms - INFO - PRODUCTION_TRACE license storage path=E:\Projects\PMS-Software\backend\licenses\active.lic exists=True
2026-09-18 22:53:19,370 - pms - INFO - Starting Pharmacy Management System backend...
2026-09-18 22:53:20,338 - alembic.runtime.plugins - INFO - setup plugin alembic.autogenerate.schemas
2026-09-18 22:53:20,340 - alembic.runtime.plugins - INFO - setup plugin alembic.autogenerate.tables
2026-09-18 22:53:20,340 - alembic.runtime.plugins - INFO - setup plugin alembic.autogenerate.types
2026-09-18 22:53:20,342 - alembic.runtime.plugins - INFO - setup plugin alembic.autogenerate.constraints
2026-09-18 22:53:20,342 - alembic.runtime.plugins - INFO - setup plugin alembic.autogenerate.defaults
2026-09-18 22:53:20,343 - alembic.runtime.plugins - INFO - setup plugin alembic.autogenerate.comments
2026-09-18 22:53:20,343 - alembic.runtime.plugins - INFO - setup plugin alembic.autogenerate.checkconstraint_byname
2026-09-18 22:53:20,700 - pms - INFO - Database schema already at migration head (8cdd21e09901).
2026-09-18 22:53:21,399 - pms - INFO - Completed startup system notifications synchronization.
2026-09-18 22:53:31,337 - pms - INFO - PRODUCTION_TRACE license status=Active path=E:\Projects\PMS-Software\backend\licenses\active.lic
2026-09-18 22:54:01,425 - pms - INFO - PRODUCTION_TRACE license status=Active path=E:\Projects\PMS-Software\backend\licenses\active.lic
2026-09-18 22:54:10,686 - pms - ERROR - Unhandled Exception caught: name 'openpyxl' is not defined | Path: /api/v1/medicines/import-template
NoneType: None
2026-09-18 22:54:17,393 - pms - ERROR - Unhandled Exception caught: name 'openpyxl' is not defined | Path: /api/v1/medicines/import-template
NoneType: None
2026-09-18 22:54:27,048 - pms - ERROR - Unhandled Exception caught: name 'openpyxl' is not defined | Path: /api/v1/medicines/import-template
NoneType: None
2026-09-18 22:54:43,562 - pms - ERROR - Unhandled Exception caught: name 'openpyxl' is not defined | Path: /api/v1/medicines/import-template
NoneType: None
2026-09-18 22:55:28,597 - pms - ERROR - Unhandled Exception caught: name 'openpyxl' is not defined | Path: /api/v1/medicines/import-template
NoneType: None
2026-09-18 22:59:14,553 - pms - CRITICAL - SECURITY: SECRET_KEY is set to the insecure default value. Set a strong random SECRET_KEY in backend/.env before any production deployment.
2026-09-18 22:59:15,006 - pms - INFO - PRODUCTION_TRACE license storage path=E:\Projects\PMS-Software\backend\licenses\active.lic exists=True
2026-09-18 22:59:16,990 - pms - INFO - Starting Pharmacy Management System backend...
2026-09-18 22:59:17,729 - alembic.runtime.plugins - INFO - setup plugin alembic.autogenerate.schemas
2026-09-18 22:59:17,730 - alembic.runtime.plugins - INFO - setup plugin alembic.autogenerate.tables
2026-09-18 22:59:17,730 - alembic.runtime.plugins - INFO - setup plugin alembic.autogenerate.types
2026-09-18 22:59:17,730 - alembic.runtime.plugins - INFO - setup plugin alembic.autogenerate.constraints
2026-09-18 22:59:17,730 - alembic.runtime.plugins - INFO - setup plugin alembic.autogenerate.defaults
2026-09-18 22:59:17,730 - alembic.runtime.plugins - INFO - setup plugin alembic.autogenerate.comments
2026-09-18 22:59:17,731 - alembic.runtime.plugins - INFO - setup plugin alembic.autogenerate.checkconstraint_byname
2026-09-18 22:59:17,923 - pms - INFO - Database schema already at migration head (8cdd21e09901).
2026-09-18 22:59:18,115 - pms - INFO - Completed startup system notifications synchronization.
2026-09-18 22:59:25,867 - pms - INFO - PRODUCTION_TRACE license status=Active path=E:\Projects\PMS-Software\backend\licenses\active.lic
2026-09-18 23:06:26,309 - pms - INFO - PRODUCTION_TRACE license status=Active path=E:\Projects\PMS-Software\backend\licenses\active.lic
2026-09-18 23:17:18,214 - pms - CRITICAL - SECURITY: SECRET_KEY is set to the insecure default value. Set a strong random SECRET_KEY in backend/.env before any production deployment.
2026-09-18 23:17:19,040 - pms - INFO - PRODUCTION_TRACE license storage path=E:\Projects\PMS-Software\backend\licenses\active.lic exists=True
2026-09-18 23:17:22,086 - pms - INFO - Starting Pharmacy Management System backend...
2026-09-18 23:17:25,949 - alembic.runtime.plugins - INFO - setup plugin alembic.autogenerate.schemas
2026-09-18 23:17:25,949 - alembic.runtime.plugins - INFO - setup plugin alembic.autogenerate.tables
2026-09-18 23:17:25,950 - alembic.runtime.plugins - INFO - setup plugin alembic.autogenerate.types
2026-09-18 23:17:25,950 - alembic.runtime.plugins - INFO - setup plugin alembic.autogenerate.constraints
2026-09-18 23:17:25,950 - alembic.runtime.plugins - INFO - setup plugin alembic.autogenerate.defaults
2026-09-18 23:17:25,950 - alembic.runtime.plugins - INFO - setup plugin alembic.autogenerate.comments
2026-09-18 23:17:25,950 - alembic.runtime.plugins - INFO - setup plugin alembic.autogenerate.checkconstraint_byname
2026-09-18 23:17:26,544 - pms - INFO - Database schema already at migration head (8cdd21e09901).
2026-09-18 23:17:27,335 - pms - INFO - Completed startup system notifications synchronization.
2026-09-18 23:17:34,063 - pms - INFO - PRODUCTION_TRACE license status=Active path=E:\Projects\PMS-Software\backend\licenses\active.lic
2026-09-18 23:18:30,024 - pms - INFO - PRODUCTION_TRACE auth accepted username=admin user_id=1
2026-09-18 23:25:15,866 - pms - INFO - PRODUCTION_TRACE license status=Active path=E:\Projects\PMS-Software\backend\licenses\active.lic
2026-09-18 23:48:07,018 - pms - ERROR - Unhandled Exception caught: (sqlite3.IntegrityError) UNIQUE constraint failed: medicines.Barcode
[SQL: INSERT INTO medicines ("BrandName", "GenericName", "CategoryId", "CompanyId", "RackNumber", "ReorderLevel", "RequiresPrescription", "Unit", "DosageForm", "Strength", "Barcode", "DefaultCostPrice", "DefaultSellingPrice", "IsActive") VALUES (?, ?, ?, ?, ?, ?, ?, ?, ?, ?, ?, ?, ?, ?) RETURNING "MedicineId"]
[parameters: ('Amoxil', 'Amoxicillin', 1, 6, '', 10, 1, 'Strip', 'Capsule', '500mg', '', 0.0, 0.0, 1)]
(Background on this error at: https://sqlalche.me/e/20/gkpj) | Path: /api/v1/medicines/import-bulk
NoneType: None
2026-09-18 23:48:13,782 - pms - ERROR - Unhandled Exception caught: (sqlite3.IntegrityError) UNIQUE constraint failed: medicines.Barcode
[SQL: INSERT INTO medicines ("BrandName", "GenericName", "CategoryId", "CompanyId", "RackNumber", "ReorderLevel", "RequiresPrescription", "Unit", "DosageForm", "Strength", "Barcode", "DefaultCostPrice", "DefaultSellingPrice", "IsActive") VALUES (?, ?, ?, ?, ?, ?, ?, ?, ?, ?, ?, ?, ?, ?) RETURNING "MedicineId"]
[parameters: ('Amoxil', 'Amoxicillin', 1, 6, '', 10, 1, 'Strip', 'Capsule', '500mg', '', 0.0, 0.0, 1)]
(Background on this error at: https://sqlalche.me/e/20/gkpj) | Path: /api/v1/medicines/import-bulk
NoneType: None
2026-09-18 23:48:25,660 - pms - ERROR - Unhandled Exception caught: (sqlite3.IntegrityError) UNIQUE constraint failed: medicines.Barcode
[SQL: INSERT INTO medicines ("BrandName", "GenericName", "CategoryId", "CompanyId", "RackNumber", "ReorderLevel", "RequiresPrescription", "Unit", "DosageForm", "Strength", "Barcode", "DefaultCostPrice", "DefaultSellingPrice", "IsActive") VALUES (?, ?, ?, ?, ?, ?, ?, ?, ?, ?, ?, ?, ?, ?) RETURNING "MedicineId"]
[parameters: ('Amoxil', 'Amoxicillin', 1, 6, '', 10, 1, 'Strip', 'Capsule', '500mg', '', 0.0, 0.0, 1)]
(Background on this error at: https://sqlalche.me/e/20/gkpj) | Path: /api/v1/medicines/import-bulk
NoneType: None
2026-09-18 23:48:38,483 - pms - ERROR - Unhandled Exception caught: (sqlite3.IntegrityError) UNIQUE constraint failed: medicines.Barcode
[SQL: INSERT INTO medicines ("BrandName", "GenericName", "CategoryId", "CompanyId", "RackNumber", "ReorderLevel", "RequiresPrescription", "Unit", "DosageForm", "Strength", "Barcode", "DefaultCostPrice", "DefaultSellingPrice", "IsActive") VALUES (?, ?, ?, ?, ?, ?, ?, ?, ?, ?, ?, ?, ?, ?) RETURNING "MedicineId"]
[parameters: ('Amoxil', 'Amoxicillin', 1, 6, '', 10, 1, 'Strip', 'Capsule', '500mg', '', 0.0, 0.0, 1)]
(Background on this error at: https://sqlalche.me/e/20/gkpj) | Path: /api/v1/medicines/import-bulk
NoneType: None
2026-09-18 23:48:52,539 - pms - ERROR - Unhandled Exception caught: (sqlite3.IntegrityError) UNIQUE constraint failed: medicines.Barcode
[SQL: INSERT INTO medicines ("BrandName", "GenericName", "CategoryId", "CompanyId", "RackNumber", "ReorderLevel", "RequiresPrescription", "Unit", "DosageForm", "Strength", "Barcode", "DefaultCostPrice", "DefaultSellingPrice", "IsActive") VALUES (?, ?, ?, ?, ?, ?, ?, ?, ?, ?, ?, ?, ?, ?) RETURNING "MedicineId"]
[parameters: ('Amoxil', 'Amoxicillin', 1, 6, '', 10, 1, 'Strip', 'Capsule', '500mg', '', 0.0, 0.0, 1)]
(Background on this error at: https://sqlalche.me/e/20/gkpj) | Path: /api/v1/medicines/import-bulk
NoneType: None
2026-09-18 23:49:58,475 - pms - INFO - PRODUCTION_TRACE license status=Active path=E:\Projects\PMS-Software\backend\licenses\active.lic
2026-09-18 23:50:31,550 - pms - INFO - PRODUCTION_TRACE license status=Active path=E:\Projects\PMS-Software\backend\licenses\active.lic
2026-09-18 23:50:40,919 - pms - ERROR - Unhandled Exception caught: (sqlite3.IntegrityError) UNIQUE constraint failed: medicines.Barcode
[SQL: INSERT INTO medicines ("BrandName", "GenericName", "CategoryId", "CompanyId", "RackNumber", "ReorderLevel", "RequiresPrescription", "Unit", "DosageForm", "Strength", "Barcode", "DefaultCostPrice", "DefaultSellingPrice", "IsActive") VALUES (?, ?, ?, ?, ?, ?, ?, ?, ?, ?, ?, ?, ?, ?) RETURNING "MedicineId"]
[parameters: ('Brufen 400mg', 'Ibuprofen', 6, 6, '', 10, 0, 'Tablet', 'Tablet', '400 mg', '', 0.0, 0.0, 1)]
(Background on this error at: https://sqlalche.me/e/20/gkpj) | Path: /api/v1/medicines/import-bulk
NoneType: None
2026-09-18 23:52:40,125 - pms - CRITICAL - SECURITY: SECRET_KEY is set to the insecure default value. Set a strong random SECRET_KEY in backend/.env before any production deployment.
2026-09-18 23:52:41,297 - pms - INFO - PRODUCTION_TRACE license storage path=E:\Projects\PMS-Software\backend\licenses\active.lic exists=True
2026-09-18 23:52:44,726 - pms - INFO - Starting Pharmacy Management System backend...
2026-09-18 23:52:46,103 - alembic.runtime.plugins - INFO - setup plugin alembic.autogenerate.schemas
2026-09-18 23:52:46,105 - alembic.runtime.plugins - INFO - setup plugin alembic.autogenerate.tables
2026-09-18 23:52:46,105 - alembic.runtime.plugins - INFO - setup plugin alembic.autogenerate.types
2026-09-18 23:52:46,105 - alembic.runtime.plugins - INFO - setup plugin alembic.autogenerate.constraints
2026-09-18 23:52:46,106 - alembic.runtime.plugins - INFO - setup plugin alembic.autogenerate.defaults
2026-09-18 23:52:46,106 - alembic.runtime.plugins - INFO - setup plugin alembic.autogenerate.comments
2026-09-18 23:52:46,106 - alembic.runtime.plugins - INFO - setup plugin alembic.autogenerate.checkconstraint_byname
2026-09-18 23:52:46,835 - pms - INFO - Database schema already at migration head (8cdd21e09901).
2026-09-18 23:52:47,739 - pms - INFO - Completed startup system notifications synchronization.
2026-09-18 23:52:54,634 - pms - INFO - PRODUCTION_TRACE license status=Active path=E:\Projects\PMS-Software\backend\licenses\active.lic
2026-09-18 23:53:05,951 - pms - INFO - PRODUCTION_TRACE license status=Active path=E:\Projects\PMS-Software\backend\licenses\active.lic
2026-09-18 23:53:10,212 - pms - INFO - PRODUCTION_TRACE license status=Active path=E:\Projects\PMS-Software\backend\licenses\active.lic
2026-09-18 23:55:12,795 - pms - INFO - PRODUCTION_TRACE license status=Active path=E:\Projects\PMS-Software\backend\licenses\active.lic
2026-09-18 23:55:49,901 - pms - INFO - PRODUCTION_TRACE license status=Active path=E:\Projects\PMS-Software\backend\licenses\active.lic
2026-09-18 23:56:23,032 - pms - INFO - PRODUCTION_TRACE license status=Active path=E:\Projects\PMS-Software\backend\licenses\active.lic
2026-09-19 00:02:19,483 - pms - INFO - PRODUCTION_TRACE license status=Active path=E:\Projects\PMS-Software\backend\licenses\active.lic
2026-09-19 00:04:19,777 - pms - INFO - PRODUCTION_TRACE license status=Active path=E:\Projects\PMS-Software\backend\licenses\active.lic
2026-09-19 00:33:29,991 - pms - INFO - PRODUCTION_TRACE license status=Active path=E:\Projects\PMS-Software\backend\licenses\active.lic
2026-09-19 00:33:35,926 - pms - INFO - PRODUCTION_TRACE license status=Active path=E:\Projects\PMS-Software\backend\licenses\active.lic
2026-09-19 00:36:17,196 - pms - INFO - PRODUCTION_TRACE license status=Active path=E:\Projects\PMS-Software\backend\licenses\active.lic
2026-09-19 00:36:35,759 - pms - INFO - PRODUCTION_TRACE license status=Active path=E:\Projects\PMS-Software\backend\licenses\active.lic
2026-09-19 00:39:39,955 - pms - INFO - PRODUCTION_TRACE license status=Active path=E:\Projects\PMS-Software\backend\licenses\active.lic
2026-09-19 01:01:21,790 - pms - INFO - PRODUCTION_TRACE license status=Active path=E:\Projects\PMS-Software\backend\licenses\active.lic
2026-09-19 01:04:36,497 - pms - INFO - PRODUCTION_TRACE license status=Active path=E:\Projects\PMS-Software\backend\licenses\active.lic
2026-09-19 01:05:40,494 - pms - INFO - PRODUCTION_TRACE license status=Active path=E:\Projects\PMS-Software\backend\licenses\active.lic
2026-09-19 01:20:50,853 - pms - INFO - PRODUCTION_TRACE license status=Active path=E:\Projects\PMS-Software\backend\licenses\active.lic
2026-09-19 01:20:54,977 - pms - INFO - PRODUCTION_TRACE license status=Active path=E:\Projects\PMS-Software\backend\licenses\active.lic
2026-09-19 01:30:51,464 - pms - INFO - PRODUCTION_TRACE license status=Active path=E:\Projects\PMS-Software\backend\licenses\active.lic
2026-09-19 01:38:39,405 - pms - INFO - PRODUCTION_TRACE license status=Active path=E:\Projects\PMS-Software\backend\licenses\active.lic
2026-09-19 01:38:42,620 - pms - INFO - PRODUCTION_TRACE license status=Active path=E:\Projects\PMS-Software\backend\licenses\active.lic
2026-09-19 01:54:14,619 - pms - INFO - PRODUCTION_TRACE license status=Active path=E:\Projects\PMS-Software\backend\licenses\active.lic
2026-09-19 01:55:06,674 - pms - INFO - PRODUCTION_TRACE license status=Active path=E:\Projects\PMS-Software\backend\licenses\active.lic
2026-09-19 01:58:38,217 - pms - INFO - PRODUCTION_TRACE license status=Active path=E:\Projects\PMS-Software\backend\licenses\active.lic
2026-09-19 01:58:53,793 - pms - INFO - PRODUCTION_TRACE license status=Active path=E:\Projects\PMS-Software\backend\licenses\active.lic
2026-09-19 02:07:23,738 - pms - INFO - PRODUCTION_TRACE license status=Active path=E:\Projects\PMS-Software\backend\licenses\active.lic
2026-09-19 02:08:18,355 - pms - INFO - PRODUCTION_TRACE license status=Active path=E:\Projects\PMS-Software\backend\licenses\active.lic
2026-09-19 02:09:08,474 - pms - INFO - PRODUCTION_TRACE license status=Active path=E:\Projects\PMS-Software\backend\licenses\active.lic
2026-09-19 02:09:28,043 - pms - INFO - PRODUCTION_TRACE license status=Active path=E:\Projects\PMS-Software\backend\licenses\active.lic
2026-09-19 02:14:30,121 - pms - INFO - PRODUCTION_TRACE license status=Active path=E:\Projects\PMS-Software\backend\licenses\active.lic
2026-09-19 02:15:20,397 - pms - INFO - PRODUCTION_TRACE license status=Active path=E:\Projects\PMS-Software\backend\licenses\active.lic
2026-09-19 02:21:01,763 - pms - INFO - PRODUCTION_TRACE license status=Active path=E:\Projects\PMS-Software\backend\licenses\active.lic
2026-09-19 02:23:08,401 - pms - INFO - PRODUCTION_TRACE license status=Active path=E:\Projects\PMS-Software\backend\licenses\active.lic
2026-09-19 02:24:23,375 - pms - INFO - PRODUCTION_TRACE license status=Active path=E:\Projects\PMS-Software\backend\licenses\active.lic
2026-09-19 12:27:13,963 - pms - CRITICAL - SECURITY: SECRET_KEY is set to the insecure default value. Set a strong random SECRET_KEY in backend/.env before any production deployment.
2026-09-19 12:27:15,308 - pms - INFO - PRODUCTION_TRACE license storage path=E:\Projects\PMS-Software\backend\licenses\active.lic exists=True
2026-09-19 12:27:19,166 - pms - INFO - Starting Pharmacy Management System backend...
2026-09-19 12:27:20,127 - alembic.runtime.plugins - INFO - setup plugin alembic.autogenerate.schemas
2026-09-19 12:27:20,128 - alembic.runtime.plugins - INFO - setup plugin alembic.autogenerate.tables
2026-09-19 12:27:20,128 - alembic.runtime.plugins - INFO - setup plugin alembic.autogenerate.types
2026-09-19 12:27:20,128 - alembic.runtime.plugins - INFO - setup plugin alembic.autogenerate.constraints
2026-09-19 12:27:20,128 - alembic.runtime.plugins - INFO - setup plugin alembic.autogenerate.defaults
2026-09-19 12:27:20,128 - alembic.runtime.plugins - INFO - setup plugin alembic.autogenerate.comments
2026-09-19 12:27:20,128 - alembic.runtime.plugins - INFO - setup plugin alembic.autogenerate.checkconstraint_byname
2026-09-19 12:27:20,365 - pms - INFO - Database schema already at migration head (8cdd21e09901).
2026-09-19 12:27:20,782 - pms - INFO - Completed startup system notifications synchronization.
2026-09-19 12:27:44,491 - pms - INFO - PRODUCTION_TRACE license status=Active path=E:\Projects\PMS-Software\backend\licenses\active.lic
2026-09-19 12:28:07,160 - pms - INFO - PRODUCTION_TRACE auth accepted username=admin user_id=1
2026-09-19 12:28:49,559 - pms - INFO - PRODUCTION_TRACE license status=Active path=E:\Projects\PMS-Software\backend\licenses\active.lic
2026-09-19 12:36:16,302 - pms - INFO - PRODUCTION_TRACE license status=Active path=E:\Projects\PMS-Software\backend\licenses\active.lic
2026-09-19 12:36:50,129 - pms - INFO - PRODUCTION_TRACE license status=Active path=E:\Projects\PMS-Software\backend\licenses\active.lic
2026-09-19 12:38:09,744 - pms - INFO - PRODUCTION_TRACE auth accepted username=admin user_id=1
2026-09-19 12:40:55,959 - pms - INFO - PRODUCTION_TRACE license status=Active path=E:\Projects\PMS-Software\backend\licenses\active.lic
2026-09-19 12:41:26,803 - pms - INFO - PRODUCTION_TRACE license status=Active path=E:\Projects\PMS-Software\backend\licenses\active.lic
2026-09-19 12:41:36,451 - pms - INFO - PRODUCTION_TRACE auth accepted username=admin user_id=1
2026-09-19 12:43:09,937 - pms - INFO - PRODUCTION_TRACE license status=Active path=E:\Projects\PMS-Software\backend\licenses\active.lic
2026-09-19 12:44:27,431 - pms - INFO - PRODUCTION_TRACE auth accepted username=admin user_id=1
2026-09-19 12:45:18,290 - pms - INFO - PRODUCTION_TRACE auth accepted username=admin user_id=1
2026-09-19 13:10:39,113 - pms - INFO - PRODUCTION_TRACE license status=Active path=E:\Projects\PMS-Software\backend\licenses\active.lic
2026-09-19 13:10:44,151 - pms - INFO - PRODUCTION_TRACE license status=Active path=E:\Projects\PMS-Software\backend\licenses\active.lic
2026-09-19 13:11:06,275 - pms - INFO - Database Backup Executed | Type: Manual | File: Backup_19_09_2026_131052.zip | Size: 28679 bytes | Status: Success
2026-09-19 14:20:53,629 - pms - CRITICAL - SECURITY: SECRET_KEY is set to the insecure default value. Set a strong random SECRET_KEY in backend/.env before any production deployment.
2026-09-19 14:20:54,621 - pms - INFO - PRODUCTION_TRACE license storage path=E:\Projects\PMS-Software\backend\licenses\active.lic exists=True
2026-09-19 14:20:57,343 - pms - INFO - Starting Pharmacy Management System backend...
2026-09-19 14:20:58,157 - alembic.runtime.plugins - INFO - setup plugin alembic.autogenerate.schemas
2026-09-19 14:20:58,158 - alembic.runtime.plugins - INFO - setup plugin alembic.autogenerate.tables
2026-09-19 14:20:58,158 - alembic.runtime.plugins - INFO - setup plugin alembic.autogenerate.types
2026-09-19 14:20:58,158 - alembic.runtime.plugins - INFO - setup plugin alembic.autogenerate.constraints
2026-09-19 14:20:58,158 - alembic.runtime.plugins - INFO - setup plugin alembic.autogenerate.defaults
2026-09-19 14:20:58,158 - alembic.runtime.plugins - INFO - setup plugin alembic.autogenerate.comments
2026-09-19 14:20:58,159 - alembic.runtime.plugins - INFO - setup plugin alembic.autogenerate.checkconstraint_byname
2026-09-19 14:20:58,409 - pms - INFO - Database schema already at migration head (8cdd21e09901).
2026-09-19 14:20:58,692 - pms - INFO - Completed startup system notifications synchronization.
2026-09-20 00:15:03,452 - pms - CRITICAL - SECURITY: SECRET_KEY is set to the insecure default value. Set a strong random SECRET_KEY in backend/.env before any production deployment.
2026-09-20 00:15:04,987 - pms - INFO - PRODUCTION_TRACE license storage path=E:\Projects\PMS-Software\backend\licenses\active.lic exists=True
2026-09-20 00:15:09,287 - pms - INFO - Starting Pharmacy Management System backend...
2026-09-20 00:15:10,984 - alembic.runtime.plugins - INFO - setup plugin alembic.autogenerate.schemas
2026-09-20 00:15:10,984 - alembic.runtime.plugins - INFO - setup plugin alembic.autogenerate.tables
2026-09-20 00:15:10,984 - alembic.runtime.plugins - INFO - setup plugin alembic.autogenerate.types
2026-09-20 00:15:10,984 - alembic.runtime.plugins - INFO - setup plugin alembic.autogenerate.constraints
2026-09-20 00:15:10,984 - alembic.runtime.plugins - INFO - setup plugin alembic.autogenerate.defaults
2026-09-20 00:15:10,984 - alembic.runtime.plugins - INFO - setup plugin alembic.autogenerate.comments
2026-09-20 00:15:10,985 - alembic.runtime.plugins - INFO - setup plugin alembic.autogenerate.checkconstraint_byname
2026-09-20 00:15:11,402 - pms - INFO - Database schema already at migration head (8cdd21e09901).
2026-09-20 00:15:11,744 - pms - INFO - Completed startup system notifications synchronization.
2026-09-20 00:29:26,173 - pms - INFO - PRODUCTION_TRACE license status=Active path=E:\Projects\PMS-Software\backend\licenses\active.lic
2026-09-20 00:29:36,619 - pms - INFO - PRODUCTION_TRACE auth accepted username=admin user_id=1
2026-09-20 00:30:07,214 - pms - INFO - PRODUCTION_TRACE license status=Active path=E:\Projects\PMS-Software\backend\licenses\active.lic
2026-09-20 00:30:28,480 - pms - INFO - PRODUCTION_TRACE license status=Active path=E:\Projects\PMS-Software\backend\licenses\active.lic
2026-09-20 00:34:55,301 - pms - INFO - PRODUCTION_TRACE license status=Active path=E:\Projects\PMS-Software\backend\licenses\active.lic
2026-09-20 00:49:52,641 - pms - INFO - PRODUCTION_TRACE license status=Active path=E:\Projects\PMS-Software\backend\licenses\active.lic
2026-09-20 00:50:06,095 - pms - INFO - PRODUCTION_TRACE auth accepted username=cashier 1 user_id=2
2026-09-20 00:50:33,975 - pms - INFO - PRODUCTION_TRACE auth accepted username=admin user_id=1
2026-09-20 02:53:44,656 - pms - CRITICAL - SECURITY: SECRET_KEY is set to the insecure default value. Set a strong random SECRET_KEY in backend/.env before any production deployment.
2026-09-20 02:53:45,992 - pms - INFO - PRODUCTION_TRACE license storage path=E:\Projects\PMS-Software\backend\licenses\active.lic exists=True
2026-09-20 02:53:52,255 - pms - INFO - Starting Pharmacy Management System backend...
2026-09-20 02:53:55,129 - alembic.runtime.plugins - INFO - setup plugin alembic.autogenerate.schemas
2026-09-20 02:53:55,130 - alembic.runtime.plugins - INFO - setup plugin alembic.autogenerate.tables
2026-09-20 02:53:55,130 - alembic.runtime.plugins - INFO - setup plugin alembic.autogenerate.types
2026-09-20 02:53:55,131 - alembic.runtime.plugins - INFO - setup plugin alembic.autogenerate.constraints
2026-09-20 02:53:55,131 - alembic.runtime.plugins - INFO - setup plugin alembic.autogenerate.defaults
2026-09-20 02:53:55,132 - alembic.runtime.plugins - INFO - setup plugin alembic.autogenerate.comments
2026-09-20 02:53:55,132 - alembic.runtime.plugins - INFO - setup plugin alembic.autogenerate.checkconstraint_byname
2026-09-20 02:53:56,351 - pms - INFO - Database schema already at migration head (8cdd21e09901).
2026-09-20 02:53:56,971 - pms - ERROR - Invalid or tampered license token: Signature verification failed
2026-09-20 02:53:57,179 - pms - INFO - Completed startup system notifications synchronization.
2026-09-20 02:54:17,152 - pms - ERROR - Invalid or tampered license token: Signature verification failed
2026-09-20 02:54:23,684 - pms - ERROR - Invalid or tampered license token: Signature verification failed
2026-09-20 02:54:30,916 - pms - ERROR - Invalid or tampered license token: Signature verification failed
2026-09-20 02:54:33,856 - pms - ERROR - Invalid or tampered license token: Signature verification failed
2026-09-20 02:54:48,734 - pms - ERROR - Invalid or tampered license token: Signature verification failed
2026-09-20 02:55:04,659 - pms - ERROR - Invalid or tampered license token: Signature verification failed
2026-09-20 02:55:46,789 - pms - ERROR - Invalid or tampered license token: Signature verification failed
2026-09-20 02:59:12,875 - pms - WARNING - PRODUCTION_TRACE auth rejected username=admin reason=password-mismatch
2026-09-20 02:59:12,886 - pms - ERROR - PMSException caught: Incorrect username or password (status: 401) | Path: /api/v1/auth/login
2026-09-20 02:59:22,169 - pms - INFO - PRODUCTION_TRACE auth accepted username=admin user_id=1
2026-09-20 02:59:25,478 - pms - ERROR - Invalid or tampered license token: Signature verification failed
2026-09-20 02:59:29,888 - pms - ERROR - Invalid or tampered license token: Signature verification failed
2026-09-20 02:59:30,256 - pms - ERROR - Invalid or tampered license token: Signature verification failed
2026-09-20 02:59:33,351 - pms - ERROR - Invalid or tampered license token: Signature verification failed
2026-09-20 03:01:33,038 - pms - INFO - PRODUCTION_TRACE auth accepted username=admin user_id=1
2026-09-20 03:01:34,283 - pms - ERROR - Invalid or tampered license token: Signature verification failed
2026-09-20 03:02:17,449 - pms - ERROR - Invalid or tampered license token: Signature verification failed
2026-09-20 03:02:23,840 - pms - ERROR - Invalid or tampered license token: Signature verification failed
2026-09-20 03:02:24,596 - pms - ERROR - Invalid or tampered license token: Signature verification failed
2026-09-20 03:02:47,067 - pms - ERROR - Invalid or tampered license token: Signature verification failed
2026-09-20 03:09:06,751 - pms - CRITICAL - SECURITY: SECRET_KEY is set to the insecure default value. Set a strong random SECRET_KEY in backend/.env before any production deployment.
2026-09-20 03:09:10,299 - pms - INFO - PRODUCTION_TRACE license storage path=E:\Projects\PMS-Software\backend\licenses\active.lic exists=True
2026-09-20 03:09:17,336 - pms - INFO - Starting Pharmacy Management System backend...
2026-09-20 03:09:18,968 - alembic.runtime.plugins - INFO - setup plugin alembic.autogenerate.schemas
2026-09-20 03:09:18,969 - alembic.runtime.plugins - INFO - setup plugin alembic.autogenerate.tables
2026-09-20 03:09:18,969 - alembic.runtime.plugins - INFO - setup plugin alembic.autogenerate.types
2026-09-20 03:09:18,969 - alembic.runtime.plugins - INFO - setup plugin alembic.autogenerate.constraints
2026-09-20 03:09:18,969 - alembic.runtime.plugins - INFO - setup plugin alembic.autogenerate.defaults
2026-09-20 03:09:18,970 - alembic.runtime.plugins - INFO - setup plugin alembic.autogenerate.comments
2026-09-20 03:09:18,970 - alembic.runtime.plugins - INFO - setup plugin alembic.autogenerate.checkconstraint_byname
2026-09-20 03:09:19,779 - pms - INFO - Database schema already at migration head (8cdd21e09901).
2026-09-20 03:09:20,485 - pms - ERROR - Invalid or tampered license token: Signature verification failed
2026-09-20 03:09:20,526 - pms - INFO - Completed startup system notifications synchronization.
2026-09-20 03:09:38,690 - pms - ERROR - Invalid or tampered license token: Signature verification failed
2026-09-20 03:09:43,973 - pms - ERROR - Invalid or tampered license token: Signature verification failed
2026-09-20 03:09:55,169 - pms - ERROR - Invalid or tampered license token: Signature verification failed
2026-09-20 03:10:12,700 - pms - ERROR - Invalid or tampered license token: Signature verification failed
2026-09-20 03:10:19,519 - pms - ERROR - Invalid or tampered license token: Signature verification failed
2026-09-20 03:13:18,016 - pms - ERROR - Invalid or tampered license token: Signature verification failed
2026-09-20 03:13:36,372 - pms - ERROR - Invalid or tampered license token: Signature verification failed
2026-09-20 03:46:06,616 - pms - INFO - PRODUCTION_TRACE license status=Active path=E:\Projects\PMS-Software\backend\licenses\active.lic
2026-09-20 03:46:10,681 - pms - INFO - PRODUCTION_TRACE license status=Active path=E:\Projects\PMS-Software\backend\licenses\active.lic
2026-09-20 03:47:15,005 - pms - CRITICAL - SECURITY: SECRET_KEY is set to the insecure default value. Set a strong random SECRET_KEY in backend/.env before any production deployment.
2026-09-20 03:47:20,875 - pms - INFO - PRODUCTION_TRACE license storage path=E:\Projects\PMS-Software\backend\licenses\active.lic exists=True
2026-09-20 03:47:30,226 - pms - INFO - Starting Pharmacy Management System backend...
2026-09-20 03:47:31,706 - alembic.runtime.plugins - INFO - setup plugin alembic.autogenerate.schemas
2026-09-20 03:47:31,706 - alembic.runtime.plugins - INFO - setup plugin alembic.autogenerate.tables
2026-09-20 03:47:31,706 - alembic.runtime.plugins - INFO - setup plugin alembic.autogenerate.types
2026-09-20 03:47:31,707 - alembic.runtime.plugins - INFO - setup plugin alembic.autogenerate.constraints
2026-09-20 03:47:31,707 - alembic.runtime.plugins - INFO - setup plugin alembic.autogenerate.defaults
2026-09-20 03:47:31,707 - alembic.runtime.plugins - INFO - setup plugin alembic.autogenerate.comments
2026-09-20 03:47:31,707 - alembic.runtime.plugins - INFO - setup plugin alembic.autogenerate.checkconstraint_byname
2026-09-20 03:47:32,416 - pms - INFO - Database schema already at migration head (8cdd21e09901).
2026-09-20 03:47:32,869 - pms - INFO - Completed startup system notifications synchronization.
2026-09-20 03:47:33,720 - pms - INFO - PRODUCTION_TRACE license status=Active path=E:\Projects\PMS-Software\backend\licenses\active.lic
2026-09-20 03:48:26,112 - pms - CRITICAL - SECURITY: SECRET_KEY is set to the insecure default value. Set a strong random SECRET_KEY in backend/.env before any production deployment.
2026-09-20 03:48:29,921 - pms - INFO - PRODUCTION_TRACE license storage path=E:\Projects\PMS-Software\backend\licenses\active.lic exists=True
2026-09-20 03:48:39,705 - pms - INFO - Starting Pharmacy Management System backend...
2026-09-20 03:48:41,326 - alembic.runtime.plugins - INFO - setup plugin alembic.autogenerate.schemas
2026-09-20 03:48:41,326 - alembic.runtime.plugins - INFO - setup plugin alembic.autogenerate.tables
2026-09-20 03:48:41,327 - alembic.runtime.plugins - INFO - setup plugin alembic.autogenerate.types
2026-09-20 03:48:41,328 - alembic.runtime.plugins - INFO - setup plugin alembic.autogenerate.constraints
2026-09-20 03:48:41,328 - alembic.runtime.plugins - INFO - setup plugin alembic.autogenerate.defaults
2026-09-20 03:48:41,328 - alembic.runtime.plugins - INFO - setup plugin alembic.autogenerate.comments
2026-09-20 03:48:41,328 - alembic.runtime.plugins - INFO - setup plugin alembic.autogenerate.checkconstraint_byname
2026-09-20 03:48:41,815 - pms - INFO - Database schema already at migration head (8cdd21e09901).
2026-09-20 03:48:42,342 - pms - INFO - Completed startup system notifications synchronization.
2026-09-20 03:48:45,243 - pms - INFO - PRODUCTION_TRACE license status=Active path=E:\Projects\PMS-Software\backend\licenses\active.lic
2026-09-20 03:48:51,849 - pms - INFO - PRODUCTION_TRACE license status=Active path=E:\Projects\PMS-Software\backend\licenses\active.lic
2026-09-20 03:49:41,496 - pms - CRITICAL - SECURITY: SECRET_KEY is set to the insecure default value. Set a strong random SECRET_KEY in backend/.env before any production deployment.
2026-09-20 03:49:46,147 - pms - INFO - PRODUCTION_TRACE license storage path=E:\Projects\PMS-Software\backend\licenses\active.lic exists=True
2026-09-20 03:49:52,626 - pms - INFO - Starting Pharmacy Management System backend...
2026-09-20 03:49:54,463 - alembic.runtime.plugins - INFO - setup plugin alembic.autogenerate.schemas
2026-09-20 03:49:54,463 - alembic.runtime.plugins - INFO - setup plugin alembic.autogenerate.tables
2026-09-20 03:49:54,463 - alembic.runtime.plugins - INFO - setup plugin alembic.autogenerate.types
2026-09-20 03:49:54,464 - alembic.runtime.plugins - INFO - setup plugin alembic.autogenerate.constraints
2026-09-20 03:49:54,464 - alembic.runtime.plugins - INFO - setup plugin alembic.autogenerate.defaults
2026-09-20 03:49:54,464 - alembic.runtime.plugins - INFO - setup plugin alembic.autogenerate.comments
2026-09-20 03:49:54,464 - alembic.runtime.plugins - INFO - setup plugin alembic.autogenerate.checkconstraint_byname
2026-09-20 03:49:55,467 - pms - INFO - Database schema already at migration head (8cdd21e09901).
2026-09-20 03:49:55,918 - pms - INFO - Completed startup system notifications synchronization.
2026-09-20 03:50:58,261 - pms - INFO - PRODUCTION_TRACE license status=Active path=E:\Projects\PMS-Software\backend\licenses\active.lic
2026-09-20 03:51:28,011 - pms - INFO - PRODUCTION_TRACE auth accepted username=admin user_id=1
2026-09-20 03:51:38,481 - pms - INFO - PRODUCTION_TRACE license status=Active path=E:\Projects\PMS-Software\backend\licenses\active.lic
2026-09-20 03:52:33,027 - pms - INFO - PRODUCTION_TRACE license status=Active path=E:\Projects\PMS-Software\backend\licenses\active.lic
2026-09-20 03:55:40,308 - pms - CRITICAL - SECURITY: SECRET_KEY is set to the insecure default value. Set a strong random SECRET_KEY in backend/.env before any production deployment.
2026-09-20 03:55:41,988 - pms - INFO - PRODUCTION_TRACE license storage path=E:\Projects\PMS-Software\backend\licenses\active.lic exists=True
2026-09-20 03:55:47,751 - pms - INFO - Starting Pharmacy Management System backend...
2026-09-20 03:55:49,348 - alembic.runtime.plugins - INFO - setup plugin alembic.autogenerate.schemas
2026-09-20 03:55:49,349 - alembic.runtime.plugins - INFO - setup plugin alembic.autogenerate.tables
2026-09-20 03:55:49,349 - alembic.runtime.plugins - INFO - setup plugin alembic.autogenerate.types
2026-09-20 03:55:49,349 - alembic.runtime.plugins - INFO - setup plugin alembic.autogenerate.constraints
2026-09-20 03:55:49,350 - alembic.runtime.plugins - INFO - setup plugin alembic.autogenerate.defaults
2026-09-20 03:55:49,350 - alembic.runtime.plugins - INFO - setup plugin alembic.autogenerate.comments
2026-09-20 03:55:49,350 - alembic.runtime.plugins - INFO - setup plugin alembic.autogenerate.checkconstraint_byname
2026-09-20 03:55:50,115 - pms - INFO - Database schema already at migration head (8cdd21e09901).
2026-09-20 03:55:50,652 - pms - INFO - Completed startup system notifications synchronization.
2026-09-20 03:56:06,172 - pms - INFO - PRODUCTION_TRACE license status=Active path=E:\Projects\PMS-Software\backend\licenses\active.lic
2026-09-20 03:56:49,614 - pms - INFO - PRODUCTION_TRACE auth accepted username=admin user_id=1
2026-09-20 03:57:39,336 - pms - INFO - PRODUCTION_TRACE auth accepted username=admin user_id=1
2026-09-20 03:57:46,704 - pms - INFO - PRODUCTION_TRACE license status=Active path=E:\Projects\PMS-Software\backend\licenses\active.lic
2026-09-20 03:59:13,343 - pms - INFO - PRODUCTION_TRACE license status=Active path=E:\Projects\PMS-Software\backend\licenses\active.lic
2026-09-20 04:00:21,281 - pms - INFO - PRODUCTION_TRACE license status=Active path=E:\Projects\PMS-Software\backend\licenses\active.lic
2026-09-20 04:00:22,983 - pms - INFO - PRODUCTION_TRACE license status=Active path=E:\Projects\PMS-Software\backend\licenses\active.lic
2026-09-20 04:00:41,955 - pms - INFO - PRODUCTION_TRACE license status=Active path=E:\Projects\PMS-Software\backend\licenses\active.lic
2026-09-20 04:00:47,101 - pms - INFO - PRODUCTION_TRACE license status=Active path=E:\Projects\PMS-Software\backend\licenses\active.lic
2026-09-20 04:02:11,811 - pms - INFO - PRODUCTION_TRACE auth accepted username=admin user_id=1
2026-09-20 04:05:51,959 - pms - INFO - PRODUCTION_TRACE license status=Active path=E:\Projects\PMS-Software\backend\licenses\active.lic
2026-09-20 04:06:18,101 - pms - INFO - PRODUCTION_TRACE license status=Active path=E:\Projects\PMS-Software\backend\licenses\active.lic
2026-09-20 04:06:29,796 - pms - INFO - PRODUCTION_TRACE license status=Active path=E:\Projects\PMS-Software\backend\licenses\active.lic
2026-09-20 04:06:47,122 - pms - INFO - PRODUCTION_TRACE auth accepted username=admin user_id=1
2026-09-20 04:08:26,978 - pms - INFO - PRODUCTION_TRACE license status=Active path=E:\Projects\PMS-Software\backend\licenses\active.lic
2026-09-20 04:08:38,445 - pms - INFO - PRODUCTION_TRACE auth accepted username=admin user_id=1
2026-09-20 10:30:24,852 - pms - CRITICAL - SECURITY: SECRET_KEY is set to the insecure default value. Set a strong random SECRET_KEY in backend/.env before any production deployment.
2026-09-20 10:30:26,692 - pms - INFO - PRODUCTION_TRACE license storage path=E:\Projects\PMS-Software\backend\licenses\active.lic exists=True
2026-09-20 10:30:29,469 - pms - INFO - Starting Pharmacy Management System backend...
2026-09-20 10:30:30,647 - alembic.runtime.plugins - INFO - setup plugin alembic.autogenerate.schemas
2026-09-20 10:30:30,647 - alembic.runtime.plugins - INFO - setup plugin alembic.autogenerate.tables
2026-09-20 10:30:30,647 - alembic.runtime.plugins - INFO - setup plugin alembic.autogenerate.types
2026-09-20 10:30:30,647 - alembic.runtime.plugins - INFO - setup plugin alembic.autogenerate.constraints
2026-09-20 10:30:30,648 - alembic.runtime.plugins - INFO - setup plugin alembic.autogenerate.defaults
2026-09-20 10:30:30,648 - alembic.runtime.plugins - INFO - setup plugin alembic.autogenerate.comments
2026-09-20 10:30:30,648 - alembic.runtime.plugins - INFO - setup plugin alembic.autogenerate.checkconstraint_byname
2026-09-20 10:30:30,877 - pms - INFO - Database schema already at migration head (8cdd21e09901).
2026-09-20 10:30:31,093 - pms - INFO - Completed startup system notifications synchronization.
2026-09-20 10:31:17,729 - pms - INFO - PRODUCTION_TRACE license status=Active path=E:\Projects\PMS-Software\backend\licenses\active.lic
2026-09-20 10:31:24,419 - pms - INFO - PRODUCTION_TRACE auth accepted username=admin user_id=1
2026-09-20 10:31:30,202 - pms - INFO - PRODUCTION_TRACE license status=Active path=E:\Projects\PMS-Software\backend\licenses\active.lic
2026-09-20 10:46:35,912 - pms - CRITICAL - SECURITY: SECRET_KEY is set to the insecure default value. Set a strong random SECRET_KEY in backend/.env before any production deployment.
2026-09-20 10:46:37,237 - pms - INFO - PRODUCTION_TRACE license storage path=E:\Projects\PMS-Software\backend\licenses\active.lic exists=True
2026-09-20 10:46:40,549 - pms - INFO - Starting Pharmacy Management System backend...
2026-09-20 10:46:41,907 - alembic.runtime.plugins - INFO - setup plugin alembic.autogenerate.schemas
2026-09-20 10:46:41,908 - alembic.runtime.plugins - INFO - setup plugin alembic.autogenerate.tables
2026-09-20 10:46:41,908 - alembic.runtime.plugins - INFO - setup plugin alembic.autogenerate.types
2026-09-20 10:46:41,908 - alembic.runtime.plugins - INFO - setup plugin alembic.autogenerate.constraints
2026-09-20 10:46:41,908 - alembic.runtime.plugins - INFO - setup plugin alembic.autogenerate.defaults
2026-09-20 10:46:41,908 - alembic.runtime.plugins - INFO - setup plugin alembic.autogenerate.comments
2026-09-20 10:46:41,908 - alembic.runtime.plugins - INFO - setup plugin alembic.autogenerate.checkconstraint_byname
2026-09-20 10:46:42,238 - pms - INFO - Database schema already at migration head (8cdd21e09901).
2026-09-20 10:46:42,654 - pms - INFO - Completed startup system notifications synchronization.
2026-09-20 10:47:06,963 - pms - INFO - PRODUCTION_TRACE license status=Active path=E:\Projects\PMS-Software\backend\licenses\active.lic
2026-09-20 11:05:45,745 - pms - CRITICAL - SECURITY: SECRET_KEY is set to the insecure default value. Set a strong random SECRET_KEY in backend/.env before any production deployment.
2026-09-20 11:05:47,697 - pms - INFO - PRODUCTION_TRACE license storage path=E:\Projects\PMS-Software\backend\licenses\active.lic exists=True
2026-09-20 11:05:55,089 - pms - INFO - Starting Pharmacy Management System backend...
2026-09-20 11:05:57,167 - alembic.runtime.plugins - INFO - setup plugin alembic.autogenerate.schemas
2026-09-20 11:05:57,168 - alembic.runtime.plugins - INFO - setup plugin alembic.autogenerate.tables
2026-09-20 11:05:57,168 - alembic.runtime.plugins - INFO - setup plugin alembic.autogenerate.types
2026-09-20 11:05:57,168 - alembic.runtime.plugins - INFO - setup plugin alembic.autogenerate.constraints
2026-09-20 11:05:57,168 - alembic.runtime.plugins - INFO - setup plugin alembic.autogenerate.defaults
2026-09-20 11:05:57,168 - alembic.runtime.plugins - INFO - setup plugin alembic.autogenerate.comments
2026-09-20 11:05:57,168 - alembic.runtime.plugins - INFO - setup plugin alembic.autogenerate.checkconstraint_byname
2026-09-20 11:05:57,735 - pms - INFO - Database schema already at migration head (8cdd21e09901).
2026-09-20 11:05:58,255 - pms - INFO - Completed startup system notifications synchronization.
2026-09-20 11:10:29,094 - pms - INFO - PRODUCTION_TRACE license status=Active path=E:\Projects\PMS-Software\backend\licenses\active.lic
2026-09-20 11:11:02,030 - pms - CRITICAL - SECURITY: SECRET_KEY is set to the insecure default value. Set a strong random SECRET_KEY in backend/.env before any production deployment.
2026-09-20 11:11:04,781 - pms - INFO - PRODUCTION_TRACE license storage path=E:\Projects\PMS-Software\backend\licenses\active.lic exists=True
2026-09-20 11:11:12,904 - pms - INFO - Starting Pharmacy Management System backend...
2026-09-20 11:11:14,004 - alembic.runtime.plugins - INFO - setup plugin alembic.autogenerate.schemas
2026-09-20 11:11:14,004 - alembic.runtime.plugins - INFO - setup plugin alembic.autogenerate.tables
2026-09-20 11:11:14,004 - alembic.runtime.plugins - INFO - setup plugin alembic.autogenerate.types
2026-09-20 11:11:14,004 - alembic.runtime.plugins - INFO - setup plugin alembic.autogenerate.constraints
2026-09-20 11:11:14,004 - alembic.runtime.plugins - INFO - setup plugin alembic.autogenerate.defaults
2026-09-20 11:11:14,005 - alembic.runtime.plugins - INFO - setup plugin alembic.autogenerate.comments
2026-09-20 11:11:14,005 - alembic.runtime.plugins - INFO - setup plugin alembic.autogenerate.checkconstraint_byname
2026-09-20 11:11:14,393 - pms - INFO - Database schema already at migration head (8cdd21e09901).
2026-09-20 11:11:14,810 - pms - INFO - Completed startup system notifications synchronization.
2026-09-20 11:11:18,322 - pms - INFO - PRODUCTION_TRACE auth accepted username=admin user_id=1
2026-09-20 11:13:03,427 - pms - INFO - PRODUCTION_TRACE license status=Active path=E:\Projects\PMS-Software\backend\licenses\active.lic
2026-09-20 11:13:14,898 - pms - INFO - PRODUCTION_TRACE license status=Active path=E:\Projects\PMS-Software\backend\licenses\active.lic
2026-09-20 11:13:19,925 - pms - INFO - PRODUCTION_TRACE auth accepted username=admin user_id=1
2026-09-20 11:13:57,166 - pms - INFO - PRODUCTION_TRACE auth accepted username=admin user_id=1
2026-09-20 11:18:42,203 - pms - CRITICAL - SECURITY: SECRET_KEY is set to the insecure default value. Set a strong random SECRET_KEY in backend/.env before any production deployment.
2026-09-20 11:18:44,280 - pms - INFO - PRODUCTION_TRACE license storage path=E:\Projects\PMS-Software\backend\licenses\active.lic exists=True
2026-09-20 11:18:49,087 - pms - INFO - Starting Pharmacy Management System backend...
2026-09-20 11:18:50,337 - alembic.runtime.plugins - INFO - setup plugin alembic.autogenerate.schemas
2026-09-20 11:18:50,338 - alembic.runtime.plugins - INFO - setup plugin alembic.autogenerate.tables
2026-09-20 11:18:50,338 - alembic.runtime.plugins - INFO - setup plugin alembic.autogenerate.types
2026-09-20 11:18:50,338 - alembic.runtime.plugins - INFO - setup plugin alembic.autogenerate.constraints
2026-09-20 11:18:50,338 - alembic.runtime.plugins - INFO - setup plugin alembic.autogenerate.defaults
2026-09-20 11:18:50,339 - alembic.runtime.plugins - INFO - setup plugin alembic.autogenerate.comments
2026-09-20 11:18:50,339 - alembic.runtime.plugins - INFO - setup plugin alembic.autogenerate.checkconstraint_byname
2026-09-20 11:18:50,750 - pms - INFO - Database schema already at migration head (8cdd21e09901).
2026-09-20 11:18:51,023 - pms - INFO - Completed startup system notifications synchronization.
2026-09-20 11:20:10,165 - pms - CRITICAL - SECURITY: SECRET_KEY is set to the insecure default value. Set a strong random SECRET_KEY in backend/.env before any production deployment.
2026-09-20 11:20:13,522 - pms - INFO - PRODUCTION_TRACE license storage path=E:\Projects\PMS-Software\backend\licenses\active.lic exists=True
2026-09-20 11:20:17,440 - pms - INFO - Starting Pharmacy Management System backend...
2026-09-20 11:20:18,617 - alembic.runtime.plugins - INFO - setup plugin alembic.autogenerate.schemas
2026-09-20 11:20:18,617 - alembic.runtime.plugins - INFO - setup plugin alembic.autogenerate.tables
2026-09-20 11:20:18,617 - alembic.runtime.plugins - INFO - setup plugin alembic.autogenerate.types
2026-09-20 11:20:18,617 - alembic.runtime.plugins - INFO - setup plugin alembic.autogenerate.constraints
2026-09-20 11:20:18,618 - alembic.runtime.plugins - INFO - setup plugin alembic.autogenerate.defaults
2026-09-20 11:20:18,618 - alembic.runtime.plugins - INFO - setup plugin alembic.autogenerate.comments
2026-09-20 11:20:18,618 - alembic.runtime.plugins - INFO - setup plugin alembic.autogenerate.checkconstraint_byname
2026-09-20 11:20:19,026 - pms - INFO - Database schema already at migration head (8cdd21e09901).
2026-09-20 11:20:19,554 - pms - INFO - Completed startup system notifications synchronization.
2026-09-20 11:20:53,339 - pms - INFO - PRODUCTION_TRACE license status=Active path=E:\Projects\PMS-Software\backend\licenses\active.lic
2026-09-20 11:22:04,406 - pms - CRITICAL - SECURITY: SECRET_KEY is set to the insecure default value. Set a strong random SECRET_KEY in backend/.env before any production deployment.
2026-09-20 11:22:05,424 - pms - INFO - PRODUCTION_TRACE license storage path=E:\Projects\PMS-Software\backend\licenses\active.lic exists=True
2026-09-20 11:22:13,216 - pms - INFO - Starting Pharmacy Management System backend...
2026-09-20 11:22:16,918 - alembic.runtime.plugins - INFO - setup plugin alembic.autogenerate.schemas
2026-09-20 11:22:16,920 - alembic.runtime.plugins - INFO - setup plugin alembic.autogenerate.tables
2026-09-20 11:22:16,921 - alembic.runtime.plugins - INFO - setup plugin alembic.autogenerate.types
2026-09-20 11:22:16,921 - alembic.runtime.plugins - INFO - setup plugin alembic.autogenerate.constraints
2026-09-20 11:22:16,921 - alembic.runtime.plugins - INFO - setup plugin alembic.autogenerate.defaults
2026-09-20 11:22:16,921 - alembic.runtime.plugins - INFO - setup plugin alembic.autogenerate.comments
2026-09-20 11:22:16,921 - alembic.runtime.plugins - INFO - setup plugin alembic.autogenerate.checkconstraint_byname
2026-09-20 11:22:18,383 - pms - INFO - Database schema already at migration head (8cdd21e09901).
2026-09-20 11:22:19,371 - pms - INFO - Completed startup system notifications synchronization.
2026-09-20 11:42:02,948 - pms - CRITICAL - SECURITY: SECRET_KEY is set to the insecure default value. Set a strong random SECRET_KEY in backend/.env before any production deployment.
2026-09-20 11:42:03,750 - pms - INFO - PRODUCTION_TRACE license storage path=E:\Projects\PMS-Software\backend\licenses\active.lic exists=True
2026-09-20 11:42:07,282 - pms - INFO - Starting Pharmacy Management System backend...
2026-09-20 11:42:08,565 - alembic.runtime.plugins - INFO - setup plugin alembic.autogenerate.schemas
2026-09-20 11:42:08,567 - alembic.runtime.plugins - INFO - setup plugin alembic.autogenerate.tables
2026-09-20 11:42:08,568 - alembic.runtime.plugins - INFO - setup plugin alembic.autogenerate.types
2026-09-20 11:42:08,568 - alembic.runtime.plugins - INFO - setup plugin alembic.autogenerate.constraints
2026-09-20 11:42:08,569 - alembic.runtime.plugins - INFO - setup plugin alembic.autogenerate.defaults
2026-09-20 11:42:08,569 - alembic.runtime.plugins - INFO - setup plugin alembic.autogenerate.comments
2026-09-20 11:42:08,570 - alembic.runtime.plugins - INFO - setup plugin alembic.autogenerate.checkconstraint_byname
2026-09-20 11:42:08,918 - pms - INFO - Database schema already at migration head (8cdd21e09901).
2026-09-20 11:42:09,318 - pms - INFO - Completed startup system notifications synchronization.
2026-09-20 11:42:44,223 - pms - INFO - PRODUCTION_TRACE license status=Active path=E:\Projects\PMS-Software\backend\licenses\active.lic
2026-09-20 11:42:56,018 - pms - INFO - PRODUCTION_TRACE license status=Active path=E:\Projects\PMS-Software\backend\licenses\active.lic
2026-09-20 11:42:59,228 - pms - INFO - PRODUCTION_TRACE license status=Active path=E:\Projects\PMS-Software\backend\licenses\active.lic
2026-09-20 11:43:04,426 - pms - INFO - PRODUCTION_TRACE auth accepted username=admin user_id=1
2026-09-20 11:50:18,964 - pms - INFO - PRODUCTION_TRACE auth accepted username=admin user_id=1
2026-09-20 12:14:49,559 - pms - CRITICAL - SECURITY: SECRET_KEY is set to the insecure default value. Set a strong random SECRET_KEY in backend/.env before any production deployment.
2026-09-20 12:14:51,986 - pms - INFO - PRODUCTION_TRACE license storage path=E:\Projects\PMS-Software\backend\licenses\active.lic exists=True
2026-09-20 12:14:58,782 - pms - INFO - Starting Pharmacy Management System backend...
2026-09-20 12:15:00,876 - alembic.runtime.plugins - INFO - setup plugin alembic.autogenerate.schemas
2026-09-20 12:15:00,877 - alembic.runtime.plugins - INFO - setup plugin alembic.autogenerate.tables
2026-09-20 12:15:00,877 - alembic.runtime.plugins - INFO - setup plugin alembic.autogenerate.types
2026-09-20 12:15:00,877 - alembic.runtime.plugins - INFO - setup plugin alembic.autogenerate.constraints
2026-09-20 12:15:00,878 - alembic.runtime.plugins - INFO - setup plugin alembic.autogenerate.defaults
2026-09-20 12:15:00,878 - alembic.runtime.plugins - INFO - setup plugin alembic.autogenerate.comments
2026-09-20 12:15:00,878 - alembic.runtime.plugins - INFO - setup plugin alembic.autogenerate.checkconstraint_byname
2026-09-20 12:15:01,839 - pms - INFO - Database schema already at migration head (0297cbbf4d8c).
2026-09-20 12:15:02,539 - pms - INFO - Completed startup system notifications synchronization.
2026-09-20 12:29:51,866 - pms - CRITICAL - SECURITY: SECRET_KEY is set to the insecure default value. Set a strong random SECRET_KEY in backend/.env before any production deployment.
2026-09-20 12:29:55,737 - pms - INFO - PRODUCTION_TRACE license storage path=E:\Projects\PMS-Software\backend\licenses\active.lic exists=True
2026-09-20 12:30:02,408 - pms - INFO - Starting Pharmacy Management System backend...
2026-09-20 12:30:04,241 - alembic.runtime.plugins - INFO - setup plugin alembic.autogenerate.schemas
2026-09-20 12:30:04,241 - alembic.runtime.plugins - INFO - setup plugin alembic.autogenerate.tables
2026-09-20 12:30:04,242 - alembic.runtime.plugins - INFO - setup plugin alembic.autogenerate.types
2026-09-20 12:30:04,242 - alembic.runtime.plugins - INFO - setup plugin alembic.autogenerate.constraints
2026-09-20 12:30:04,242 - alembic.runtime.plugins - INFO - setup plugin alembic.autogenerate.defaults
2026-09-20 12:30:04,242 - alembic.runtime.plugins - INFO - setup plugin alembic.autogenerate.comments
2026-09-20 12:30:04,242 - alembic.runtime.plugins - INFO - setup plugin alembic.autogenerate.checkconstraint_byname
2026-09-20 12:30:04,634 - pms - INFO - Database schema already at migration head (0297cbbf4d8c).
2026-09-20 12:30:04,945 - pms - INFO - Completed startup system notifications synchronization.
2026-09-20 12:30:51,987 - pms - INFO - PRODUCTION_TRACE auth accepted username=admin user_id=1
2026-09-20 12:30:58,652 - pms - INFO - PRODUCTION_TRACE license status=Active path=E:\Projects\PMS-Software\backend\licenses\active.lic
2026-09-20 12:31:03,802 - pms - INFO - PRODUCTION_TRACE license status=Active path=E:\Projects\PMS-Software\backend\licenses\active.lic
2026-09-20 12:32:20,696 - pms - CRITICAL - SECURITY: SECRET_KEY is set to the insecure default value. Set a strong random SECRET_KEY in backend/.env before any production deployment.
2026-09-20 12:32:21,351 - pms - INFO - PRODUCTION_TRACE license storage path=E:\Projects\PMS-Software\backend\licenses\active.lic exists=True
2026-09-20 12:32:23,327 - pms - INFO - Starting Pharmacy Management System backend...
2026-09-20 12:32:23,768 - alembic.runtime.plugins - INFO - setup plugin alembic.autogenerate.schemas
2026-09-20 12:32:23,768 - alembic.runtime.plugins - INFO - setup plugin alembic.autogenerate.tables
2026-09-20 12:32:23,768 - alembic.runtime.plugins - INFO - setup plugin alembic.autogenerate.types
2026-09-20 12:32:23,768 - alembic.runtime.plugins - INFO - setup plugin alembic.autogenerate.constraints
2026-09-20 12:32:23,768 - alembic.runtime.plugins - INFO - setup plugin alembic.autogenerate.defaults
2026-09-20 12:32:23,768 - alembic.runtime.plugins - INFO - setup plugin alembic.autogenerate.comments
2026-09-20 12:32:23,769 - alembic.runtime.plugins - INFO - setup plugin alembic.autogenerate.checkconstraint_byname
2026-09-20 12:32:23,895 - pms - INFO - Database schema already at migration head (0297cbbf4d8c).
2026-09-20 12:32:24,046 - pms - INFO - Completed startup system notifications synchronization.
2026-09-20 12:32:44,709 - pms - INFO - PRODUCTION_TRACE license status=Active path=E:\Projects\PMS-Software\backend\licenses\active.lic
2026-09-20 12:34:00,190 - pms - CRITICAL - SECURITY: SECRET_KEY is set to the insecure default value. Set a strong random SECRET_KEY in backend/.env before any production deployment.
2026-09-20 12:34:02,467 - pms - INFO - PRODUCTION_TRACE license storage path=E:\Projects\PMS-Software\backend\licenses\active.lic exists=True
2026-09-20 12:34:08,019 - pms - INFO - Starting Pharmacy Management System backend...
2026-09-20 12:34:10,274 - alembic.runtime.plugins - INFO - setup plugin alembic.autogenerate.schemas
2026-09-20 12:34:10,275 - alembic.runtime.plugins - INFO - setup plugin alembic.autogenerate.tables
2026-09-20 12:34:10,275 - alembic.runtime.plugins - INFO - setup plugin alembic.autogenerate.types
2026-09-20 12:34:10,275 - alembic.runtime.plugins - INFO - setup plugin alembic.autogenerate.constraints
2026-09-20 12:34:10,275 - alembic.runtime.plugins - INFO - setup plugin alembic.autogenerate.defaults
2026-09-20 12:34:10,275 - alembic.runtime.plugins - INFO - setup plugin alembic.autogenerate.comments
2026-09-20 12:34:10,275 - alembic.runtime.plugins - INFO - setup plugin alembic.autogenerate.checkconstraint_byname
2026-09-20 12:34:10,813 - pms - INFO - Database schema already at migration head (0297cbbf4d8c).
2026-09-20 12:34:11,330 - pms - INFO - Completed startup system notifications synchronization.
2026-09-20 12:37:02,298 - pms - INFO - PRODUCTION_TRACE license status=Active path=E:\Projects\PMS-Software\backend\licenses\active.lic
2026-09-20 12:37:23,856 - pms - INFO - PRODUCTION_TRACE license status=Active path=E:\Projects\PMS-Software\backend\licenses\active.lic
2026-09-20 12:37:30,112 - pms - INFO - PRODUCTION_TRACE auth accepted username=admin user_id=1
2026-09-20 12:38:01,454 - pms - INFO - PRODUCTION_TRACE license status=Active path=E:\Projects\PMS-Software\backend\licenses\active.lic
2026-09-20 12:40:05,509 - pms - CRITICAL - SECURITY: SECRET_KEY is set to the insecure default value. Set a strong random SECRET_KEY in backend/.env before any production deployment.
2026-09-20 12:40:08,855 - pms - INFO - PRODUCTION_TRACE license storage path=E:\Projects\PMS-Software\backend\licenses\active.lic exists=True
2026-09-20 12:40:15,126 - pms - INFO - Starting Pharmacy Management System backend...
2026-09-20 12:40:17,245 - alembic.runtime.plugins - INFO - setup plugin alembic.autogenerate.schemas
2026-09-20 12:40:17,245 - alembic.runtime.plugins - INFO - setup plugin alembic.autogenerate.tables
2026-09-20 12:40:17,245 - alembic.runtime.plugins - INFO - setup plugin alembic.autogenerate.types
2026-09-20 12:40:17,245 - alembic.runtime.plugins - INFO - setup plugin alembic.autogenerate.constraints
2026-09-20 12:40:17,245 - alembic.runtime.plugins - INFO - setup plugin alembic.autogenerate.defaults
2026-09-20 12:40:17,245 - alembic.runtime.plugins - INFO - setup plugin alembic.autogenerate.comments
2026-09-20 12:40:17,246 - alembic.runtime.plugins - INFO - setup plugin alembic.autogenerate.checkconstraint_byname
2026-09-20 12:40:17,750 - pms - INFO - Database schema already at migration head (0297cbbf4d8c).
2026-09-20 12:40:18,282 - pms - INFO - Completed startup system notifications synchronization.
2026-09-20 12:40:21,211 - pms - INFO - PRODUCTION_TRACE license status=Active path=E:\Projects\PMS-Software\backend\licenses\active.lic
2026-09-20 12:40:28,006 - pms - INFO - PRODUCTION_TRACE auth accepted username=admin user_id=1
2026-09-20 12:40:36,243 - pms - INFO - PRODUCTION_TRACE license status=Active path=E:\Projects\PMS-Software\backend\licenses\active.lic
2026-09-20 12:40:54,032 - pms - INFO - PRODUCTION_TRACE auth accepted username=admin user_id=1
2026-09-20 12:42:33,049 - pms - INFO - PRODUCTION_TRACE auth accepted username=admin user_id=1
2026-09-20 12:45:20,174 - pms - INFO - PRODUCTION_TRACE auth accepted username=admin user_id=1
2026-09-20 12:48:31,944 - pms - INFO - PRODUCTION_TRACE auth accepted username=admin user_id=1
2026-09-20 12:52:37,043 - pms - INFO - PRODUCTION_TRACE license status=Active path=E:\Projects\PMS-Software\backend\licenses\active.lic
2026-09-20 13:00:32,363 - pms - INFO - PRODUCTION_TRACE license status=Active path=E:\Projects\PMS-Software\backend\licenses\active.lic
2026-09-20 13:01:47,992 - pms - INFO - PRODUCTION_TRACE license status=Active path=E:\Projects\PMS-Software\backend\licenses\active.lic
2026-09-20 13:05:03,143 - pms - INFO - PRODUCTION_TRACE license status=Active path=E:\Projects\PMS-Software\backend\licenses\active.lic
2026-09-20 13:05:17,069 - pms - INFO - PRODUCTION_TRACE license status=Active path=E:\Projects\PMS-Software\backend\licenses\active.lic
2026-09-20 13:08:06,281 - pms - INFO - PRODUCTION_TRACE license status=Active path=E:\Projects\PMS-Software\backend\licenses\active.lic
2026-09-20 13:10:37,842 - pms - INFO - PRODUCTION_TRACE license status=Active path=E:\Projects\PMS-Software\backend\licenses\active.lic
2026-09-20 13:15:05,048 - pms - INFO - PRODUCTION_TRACE license status=Active path=E:\Projects\PMS-Software\backend\licenses\active.lic
2026-09-20 13:25:49,876 - pms - CRITICAL - SECURITY: SECRET_KEY is set to the insecure default value. Set a strong random SECRET_KEY in backend/.env before any production deployment.
2026-09-20 13:25:50,943 - pms - INFO - PRODUCTION_TRACE license storage path=E:\Projects\PMS-Software\backend\licenses\active.lic exists=True
2026-09-20 13:25:55,233 - pms - INFO - Starting Pharmacy Management System backend...
2026-09-20 13:25:57,188 - alembic.runtime.plugins - INFO - setup plugin alembic.autogenerate.schemas
2026-09-20 13:25:57,189 - alembic.runtime.plugins - INFO - setup plugin alembic.autogenerate.tables
2026-09-20 13:25:57,189 - alembic.runtime.plugins - INFO - setup plugin alembic.autogenerate.types
2026-09-20 13:25:57,189 - alembic.runtime.plugins - INFO - setup plugin alembic.autogenerate.constraints
2026-09-20 13:25:57,190 - alembic.runtime.plugins - INFO - setup plugin alembic.autogenerate.defaults
2026-09-20 13:25:57,190 - alembic.runtime.plugins - INFO - setup plugin alembic.autogenerate.comments
2026-09-20 13:25:57,190 - alembic.runtime.plugins - INFO - setup plugin alembic.autogenerate.checkconstraint_byname
2026-09-20 13:25:57,562 - pms - INFO - Database schema already at migration head (0297cbbf4d8c).
2026-09-20 13:25:58,243 - pms - INFO - Completed startup system notifications synchronization.
2026-09-20 13:26:14,533 - pms - INFO - PRODUCTION_TRACE license status=Active path=E:\Projects\PMS-Software\backend\licenses\active.lic
2026-09-20 13:26:30,647 - pms - WARNING - PRODUCTION_TRACE auth rejected username=cashier 1 reason=password-mismatch
2026-09-20 13:26:30,654 - pms - ERROR - PMSException caught: Incorrect username or password (status: 401) | Path: /api/v1/auth/login
2026-09-20 13:26:43,682 - pms - WARNING - PRODUCTION_TRACE auth rejected username=cashier reason=user-not-found
2026-09-20 13:26:43,684 - pms - ERROR - PMSException caught: Incorrect username or password (status: 401) | Path: /api/v1/auth/login
2026-09-20 13:26:53,262 - pms - INFO - PRODUCTION_TRACE auth accepted username=cashier 1 user_id=2
2026-09-20 13:27:01,524 - pms - INFO - PRODUCTION_TRACE license status=Active path=E:\Projects\PMS-Software\backend\licenses\active.lic
2026-09-20 13:27:06,664 - pms - INFO - PRODUCTION_TRACE auth accepted username=admin user_id=1
2026-09-20 13:33:01,551 - pms - INFO - PRODUCTION_TRACE license status=Active path=E:\Projects\PMS-Software\backend\licenses\active.lic
2026-09-20 13:33:11,510 - pms - WARNING - PRODUCTION_TRACE auth rejected username=admin reason=password-mismatch
2026-09-20 13:33:11,522 - pms - ERROR - PMSException caught: Incorrect username or password (status: 401) | Path: /api/v1/auth/login
2026-09-20 13:33:17,240 - pms - INFO - PRODUCTION_TRACE auth accepted username=admin user_id=1
2026-09-20 13:40:44,171 - pms - CRITICAL - SECURITY: SECRET_KEY is set to the insecure default value. Set a strong random SECRET_KEY in backend/.env before any production deployment.
2026-09-20 13:40:47,017 - pms - INFO - PRODUCTION_TRACE license storage path=E:\Projects\PMS-Software\backend\licenses\active.lic exists=True
2026-09-20 13:40:58,314 - pms - INFO - Starting Pharmacy Management System backend...
2026-09-20 13:41:00,028 - alembic.runtime.plugins - INFO - setup plugin alembic.autogenerate.schemas
2026-09-20 13:41:00,030 - alembic.runtime.plugins - INFO - setup plugin alembic.autogenerate.tables
2026-09-20 13:41:00,030 - alembic.runtime.plugins - INFO - setup plugin alembic.autogenerate.types
2026-09-20 13:41:00,030 - alembic.runtime.plugins - INFO - setup plugin alembic.autogenerate.constraints
2026-09-20 13:41:00,030 - alembic.runtime.plugins - INFO - setup plugin alembic.autogenerate.defaults
2026-09-20 13:41:00,031 - alembic.runtime.plugins - INFO - setup plugin alembic.autogenerate.comments
2026-09-20 13:41:00,031 - alembic.runtime.plugins - INFO - setup plugin alembic.autogenerate.checkconstraint_byname
2026-09-20 13:41:01,186 - pms - INFO - Database schema already at migration head (0297cbbf4d8c).
2026-09-20 13:41:01,738 - pms - INFO - Completed startup system notifications synchronization.
2026-09-20 13:41:10,029 - pms - INFO - PRODUCTION_TRACE license status=Active path=E:\Projects\PMS-Software\backend\licenses\active.lic
2026-09-20 13:41:23,400 - pms - INFO - PRODUCTION_TRACE auth accepted username=admin user_id=1
2026-09-20 13:43:27,748 - pms - INFO - PRODUCTION_TRACE license status=Active path=E:\Projects\PMS-Software\backend\licenses\active.lic
2026-09-20 13:43:43,204 - pms - INFO - PRODUCTION_TRACE auth accepted username=admin user_id=1
2026-09-20 14:13:49,205 - pms - CRITICAL - SECURITY: SECRET_KEY is set to the insecure default value. Set a strong random SECRET_KEY in backend/.env before any production deployment.
2026-09-20 14:13:53,339 - pms - INFO - PRODUCTION_TRACE license storage path=E:\Projects\PMS-Software\backend\licenses\active.lic exists=True
2026-09-20 14:14:04,320 - pms - INFO - Starting Pharmacy Management System backend...
2026-09-20 14:14:06,428 - alembic.runtime.plugins - INFO - setup plugin alembic.autogenerate.schemas
2026-09-20 14:14:06,428 - alembic.runtime.plugins - INFO - setup plugin alembic.autogenerate.tables
2026-09-20 14:14:06,428 - alembic.runtime.plugins - INFO - setup plugin alembic.autogenerate.types
2026-09-20 14:14:06,428 - alembic.runtime.plugins - INFO - setup plugin alembic.autogenerate.constraints
2026-09-20 14:14:06,429 - alembic.runtime.plugins - INFO - setup plugin alembic.autogenerate.defaults
2026-09-20 14:14:06,429 - alembic.runtime.plugins - INFO - setup plugin alembic.autogenerate.comments
2026-09-20 14:14:06,429 - alembic.runtime.plugins - INFO - setup plugin alembic.autogenerate.checkconstraint_byname
2026-09-20 14:14:07,644 - pms - INFO - Database schema already at migration head (2581b6ba3257).
2026-09-20 14:14:08,236 - pms - INFO - Completed startup system notifications synchronization.
2026-09-20 14:15:17,017 - pms - INFO - PRODUCTION_TRACE license status=Active path=E:\Projects\PMS-Software\backend\licenses\active.lic
2026-09-20 14:16:38,686 - pms - CRITICAL - SECURITY: SECRET_KEY is set to the insecure default value. Set a strong random SECRET_KEY in backend/.env before any production deployment.
2026-09-20 14:16:42,629 - pms - INFO - PRODUCTION_TRACE license storage path=E:\Projects\PMS-Software\backend\licenses\active.lic exists=True
2026-09-20 14:16:56,471 - pms - INFO - Starting Pharmacy Management System backend...
2026-09-20 14:17:03,115 - alembic.runtime.plugins - INFO - setup plugin alembic.autogenerate.schemas
2026-09-20 14:17:03,116 - alembic.runtime.plugins - INFO - setup plugin alembic.autogenerate.tables
2026-09-20 14:17:03,116 - alembic.runtime.plugins - INFO - setup plugin alembic.autogenerate.types
2026-09-20 14:17:03,116 - alembic.runtime.plugins - INFO - setup plugin alembic.autogenerate.constraints
2026-09-20 14:17:03,116 - alembic.runtime.plugins - INFO - setup plugin alembic.autogenerate.defaults
2026-09-20 14:17:03,116 - alembic.runtime.plugins - INFO - setup plugin alembic.autogenerate.comments
2026-09-20 14:17:03,117 - alembic.runtime.plugins - INFO - setup plugin alembic.autogenerate.checkconstraint_byname
2026-09-20 14:17:04,235 - pms - INFO - Database schema already at migration head (2581b6ba3257).
2026-09-20 14:17:04,968 - pms - INFO - Completed startup system notifications synchronization.
2026-09-20 14:17:07,332 - pms - INFO - PRODUCTION_TRACE license status=Active path=E:\Projects\PMS-Software\backend\licenses\active.lic
2026-09-20 14:17:25,831 - pms - INFO - PRODUCTION_TRACE license status=Active path=E:\Projects\PMS-Software\backend\licenses\active.lic
2026-09-20 14:17:39,497 - pms - INFO - PRODUCTION_TRACE auth accepted username=admin user_id=1
2026-09-20 14:18:47,237 - pms - INFO - PRODUCTION_TRACE license status=Active path=E:\Projects\PMS-Software\backend\licenses\active.lic
2026-09-20 14:19:37,730 - pms - INFO - PRODUCTION_TRACE license status=Active path=E:\Projects\PMS-Software\backend\licenses\active.lic
2026-09-20 14:20:41,690 - pms - INFO - PRODUCTION_TRACE license status=Active path=E:\Projects\PMS-Software\backend\licenses\active.lic
2026-09-20 14:20:51,267 - pms - INFO - PRODUCTION_TRACE license status=Active path=E:\Projects\PMS-Software\backend\licenses\active.lic
2026-09-20 14:20:53,712 - pms - INFO - PRODUCTION_TRACE license status=Active path=E:\Projects\PMS-Software\backend\licenses\active.lic
2026-09-20 14:20:59,289 - pms - INFO - PRODUCTION_TRACE auth accepted username=admin user_id=1
2026-09-20 14:21:51,977 - pms - INFO - PRODUCTION_TRACE license status=Active path=E:\Projects\PMS-Software\backend\licenses\active.lic
2026-09-20 14:51:37,849 - pms - CRITICAL - SECURITY: SECRET_KEY is set to the insecure default value. Set a strong random SECRET_KEY in backend/.env before any production deployment.
2026-09-20 14:51:40,036 - pms - INFO - PRODUCTION_TRACE license storage path=E:\Projects\PMS-Software\backend\licenses\active.lic exists=True
2026-09-20 14:51:45,541 - pms - INFO - Starting Pharmacy Management System backend...
2026-09-20 14:51:46,799 - alembic.runtime.plugins - INFO - setup plugin alembic.autogenerate.schemas
2026-09-20 14:51:46,800 - alembic.runtime.plugins - INFO - setup plugin alembic.autogenerate.tables
2026-09-20 14:51:46,801 - alembic.runtime.plugins - INFO - setup plugin alembic.autogenerate.types
2026-09-20 14:51:46,802 - alembic.runtime.plugins - INFO - setup plugin alembic.autogenerate.constraints
2026-09-20 14:51:46,802 - alembic.runtime.plugins - INFO - setup plugin alembic.autogenerate.defaults
2026-09-20 14:51:46,802 - alembic.runtime.plugins - INFO - setup plugin alembic.autogenerate.comments
2026-09-20 14:51:46,803 - alembic.runtime.plugins - INFO - setup plugin alembic.autogenerate.checkconstraint_byname
2026-09-20 14:51:47,084 - pms - INFO - Database schema already at migration head (2581b6ba3257).
2026-09-20 14:51:47,404 - pms - INFO - Completed startup system notifications synchronization.
2026-09-20 14:53:10,533 - pms - INFO - PRODUCTION_TRACE license status=Active path=E:\Projects\PMS-Software\backend\licenses\active.lic
2026-09-20 14:53:16,208 - pms - INFO - PRODUCTION_TRACE license status=Active path=E:\Projects\PMS-Software\backend\licenses\active.lic
2026-09-20 14:53:22,614 - pms - INFO - PRODUCTION_TRACE auth accepted username=admin user_id=1
2026-09-20 15:04:58,494 - pms - CRITICAL - SECURITY: SECRET_KEY is set to the insecure default value. Set a strong random SECRET_KEY in backend/.env before any production deployment.
2026-09-20 15:04:59,125 - pms - INFO - PRODUCTION_TRACE license storage path=E:\Projects\PMS-Software\backend\licenses\active.lic exists=True
2026-09-20 15:05:00,721 - pms - INFO - Starting Pharmacy Management System backend...
2026-09-20 15:05:01,280 - alembic.runtime.plugins - INFO - setup plugin alembic.autogenerate.schemas
2026-09-20 15:05:01,280 - alembic.runtime.plugins - INFO - setup plugin alembic.autogenerate.tables
2026-09-20 15:05:01,280 - alembic.runtime.plugins - INFO - setup plugin alembic.autogenerate.types
2026-09-20 15:05:01,280 - alembic.runtime.plugins - INFO - setup plugin alembic.autogenerate.constraints
2026-09-20 15:05:01,280 - alembic.runtime.plugins - INFO - setup plugin alembic.autogenerate.defaults
2026-09-20 15:05:01,280 - alembic.runtime.plugins - INFO - setup plugin alembic.autogenerate.comments
2026-09-20 15:05:01,281 - alembic.runtime.plugins - INFO - setup plugin alembic.autogenerate.checkconstraint_byname
2026-09-20 15:05:01,438 - pms - INFO - Database schema already at migration head (2581b6ba3257).
2026-09-20 15:05:01,610 - pms - INFO - Completed startup system notifications synchronization.
2026-09-20 15:05:48,134 - pms - INFO - PRODUCTION_TRACE license status=Active path=E:\Projects\PMS-Software\backend\licenses\active.lic
2026-09-20 15:06:00,331 - pms - INFO - PRODUCTION_TRACE auth accepted username=admin user_id=1
2026-09-20 15:09:18,537 - pms - INFO - AUDIT: User admin exported 35 categories to CSV.
2026-09-20 15:09:25,909 - pms - INFO - AUDIT: User admin exported 26 companies to CSV.
2026-09-20 15:09:31,637 - pms - INFO - AUDIT: User admin exported 25 suppliers to CSV.
2026-09-20 15:09:38,382 - pms - INFO - AUDIT: User admin exported 25 customers to CSV.
2026-09-20 15:12:01,589 - pms - INFO - PRODUCTION_TRACE license status=Active path=E:\Projects\PMS-Software\backend\licenses\active.lic
2026-09-20 15:12:07,481 - pms - INFO - PRODUCTION_TRACE license status=Active path=E:\Projects\PMS-Software\backend\licenses\active.lic
2026-09-20 15:12:32,308 - pms - INFO - PRODUCTION_TRACE auth accepted username=admin user_id=1
2026-09-20 15:13:07,287 - pms - INFO - PRODUCTION_TRACE license status=Active path=E:\Projects\PMS-Software\backend\licenses\active.lic
2026-09-20 15:14:41,849 - pms - INFO - PRODUCTION_TRACE license status=Active path=E:\Projects\PMS-Software\backend\licenses\active.lic
2026-09-20 15:58:40,091 - pms - INFO - PRODUCTION_TRACE license status=Active path=E:\Projects\PMS-Software\backend\licenses\active.lic
2026-09-20 15:58:54,999 - pms - INFO - PRODUCTION_TRACE auth accepted username=admin user_id=1
2026-09-20 15:59:48,455 - pms - INFO - PRODUCTION_TRACE license status=Active path=E:\Projects\PMS-Software\backend\licenses\active.lic
2026-09-20 16:01:28,886 - pms - CRITICAL - SECURITY: SECRET_KEY is set to the insecure default value. Set a strong random SECRET_KEY in backend/.env before any production deployment.
2026-09-20 16:01:30,725 - pms - INFO - PRODUCTION_TRACE license storage path=E:\Projects\PMS-Software\backend\licenses\active.lic exists=True
2026-09-20 16:01:35,119 - pms - INFO - Starting Pharmacy Management System backend...
2026-09-20 16:01:36,915 - alembic.runtime.plugins - INFO - setup plugin alembic.autogenerate.schemas
2026-09-20 16:01:36,916 - alembic.runtime.plugins - INFO - setup plugin alembic.autogenerate.tables
2026-09-20 16:01:36,916 - alembic.runtime.plugins - INFO - setup plugin alembic.autogenerate.types
2026-09-20 16:01:36,917 - alembic.runtime.plugins - INFO - setup plugin alembic.autogenerate.constraints
2026-09-20 16:01:36,918 - alembic.runtime.plugins - INFO - setup plugin alembic.autogenerate.defaults
2026-09-20 16:01:36,918 - alembic.runtime.plugins - INFO - setup plugin alembic.autogenerate.comments
2026-09-20 16:01:36,919 - alembic.runtime.plugins - INFO - setup plugin alembic.autogenerate.checkconstraint_byname
2026-09-20 16:01:37,474 - pms - INFO - Database schema already at migration head (2581b6ba3257).
2026-09-20 16:01:37,824 - pms - INFO - Completed startup system notifications synchronization.
2026-09-20 16:02:22,394 - pms - INFO - PRODUCTION_TRACE license status=Active path=E:\Projects\PMS-Software\backend\licenses\active.lic
2026-09-20 16:02:46,060 - pms - INFO - PRODUCTION_TRACE license status=Active path=E:\Projects\PMS-Software\backend\licenses\active.lic
2026-09-20 16:03:24,703 - pms - INFO - PRODUCTION_TRACE license status=Active path=E:\Projects\PMS-Software\backend\licenses\active.lic
2026-09-20 16:03:38,719 - pms - INFO - PRODUCTION_TRACE auth accepted username=admin user_id=1
2026-09-20 16:04:22,371 - pms - INFO - PRODUCTION_TRACE license status=Active path=E:\Projects\PMS-Software\backend\licenses\active.lic
2026-09-20 16:05:01,210 - pms - INFO - PRODUCTION_TRACE license status=Active path=E:\Projects\PMS-Software\backend\licenses\active.lic
2026-09-20 16:12:55,301 - pms - WARNING - PRODUCTION_TRACE auth rejected username=admin reason=password-mismatch
2026-09-20 16:12:55,303 - pms - ERROR - PMSException caught: Incorrect username or password (status: 401) | Path: /api/v1/auth/login
2026-09-20 16:29:57,501 - pms - CRITICAL - SECURITY: SECRET_KEY is set to the insecure default value. Set a strong random SECRET_KEY in backend/.env before any production deployment.
2026-09-20 16:30:00,057 - pms - INFO - PRODUCTION_TRACE license storage path=E:\Projects\PMS-Software\backend\licenses\active.lic exists=True
2026-09-20 16:30:06,515 - pms - INFO - Starting Pharmacy Management System backend...
2026-09-20 16:30:07,156 - alembic.runtime.plugins - INFO - setup plugin alembic.autogenerate.schemas
2026-09-20 16:30:07,156 - alembic.runtime.plugins - INFO - setup plugin alembic.autogenerate.tables
2026-09-20 16:30:07,156 - alembic.runtime.plugins - INFO - setup plugin alembic.autogenerate.types
2026-09-20 16:30:07,156 - alembic.runtime.plugins - INFO - setup plugin alembic.autogenerate.constraints
2026-09-20 16:30:07,156 - alembic.runtime.plugins - INFO - setup plugin alembic.autogenerate.defaults
2026-09-20 16:30:07,157 - alembic.runtime.plugins - INFO - setup plugin alembic.autogenerate.comments
2026-09-20 16:30:07,157 - alembic.runtime.plugins - INFO - setup plugin alembic.autogenerate.checkconstraint_byname
2026-09-20 16:30:07,366 - pms - INFO - Database schema already at migration head (2581b6ba3257).
2026-09-20 16:30:07,582 - pms - INFO - Completed startup system notifications synchronization.
2026-09-20 16:30:24,620 - pms - INFO - PRODUCTION_TRACE license status=Active path=E:\Projects\PMS-Software\backend\licenses\active.lic
2026-09-20 16:35:36,528 - pms - INFO - PRODUCTION_TRACE license status=Active path=E:\Projects\PMS-Software\backend\licenses\active.lic
2026-09-20 17:06:52,176 - pms - INFO - AUDIT: [SCREEN_LOCKED] Screen automatically locked due to inactivity (User: admin)
2026-09-20 22:42:30,856 - pms - CRITICAL - SECURITY: SECRET_KEY is set to the insecure default value. Set a strong random SECRET_KEY in backend/.env before any production deployment.
2026-09-20 22:42:31,429 - pms - INFO - PRODUCTION_TRACE license storage path=E:\Projects\PMS-Software\backend\licenses\active.lic exists=True
2026-09-20 22:42:32,950 - pms - INFO - Starting Pharmacy Management System backend...
2026-09-20 22:42:33,447 - alembic.runtime.plugins - INFO - setup plugin alembic.autogenerate.schemas
2026-09-20 22:42:33,448 - alembic.runtime.plugins - INFO - setup plugin alembic.autogenerate.tables
2026-09-20 22:42:33,448 - alembic.runtime.plugins - INFO - setup plugin alembic.autogenerate.types
2026-09-20 22:42:33,448 - alembic.runtime.plugins - INFO - setup plugin alembic.autogenerate.constraints
2026-09-20 22:42:33,448 - alembic.runtime.plugins - INFO - setup plugin alembic.autogenerate.defaults
2026-09-20 22:42:33,448 - alembic.runtime.plugins - INFO - setup plugin alembic.autogenerate.comments
2026-09-20 22:42:33,448 - alembic.runtime.plugins - INFO - setup plugin alembic.autogenerate.checkconstraint_byname
2026-09-20 22:42:33,603 - pms - INFO - Database schema already at migration head (2581b6ba3257).
2026-09-20 22:42:33,786 - pms - INFO - Completed startup system notifications synchronization.
2026-09-20 22:43:40,308 - pms - INFO - PRODUCTION_TRACE license status=Active path=E:\Projects\PMS-Software\backend\licenses\active.lic
2026-09-20 22:43:40,500 - pms - INFO - PRODUCTION_TRACE license status=Active path=E:\Projects\PMS-Software\backend\licenses\active.lic
2026-09-20 22:43:47,712 - pms - INFO - PRODUCTION_TRACE auth accepted username=admin user_id=1
2026-09-20 22:43:54,332 - pms - INFO - PRODUCTION_TRACE auth accepted username=admin user_id=1
2026-09-20 22:43:54,368 - pms - INFO - AUDIT: [SCREEN_UNLOCKED] Screen unlocked successfully by user (User: admin)
2026-09-20 22:44:02,749 - pms - INFO - PRODUCTION_TRACE auth accepted username=admin user_id=1
2026-09-20 22:45:31,398 - pms - INFO - PRODUCTION_TRACE auth accepted username=admin user_id=1
2026-09-20 22:46:12,876 - pms - INFO - PRODUCTION_TRACE license status=Active path=E:\Projects\PMS-Software\backend\licenses\active.lic
2026-09-20 22:46:29,195 - pms - INFO - PRODUCTION_TRACE auth accepted username=admin user_id=1
2026-09-20 22:59:47,426 - pms - ERROR - PMSException caught: Invalid authentication credentials (status: 401) | Path: /api/v1/dashboard/summary
2026-09-20 23:10:50,430 - pms - INFO - PRODUCTION_TRACE license status=Active path=E:\Projects\PMS-Software\backend\licenses\active.lic
2026-09-20 23:11:07,568 - pms - INFO - PRODUCTION_TRACE license status=Active path=E:\Projects\PMS-Software\backend\licenses\active.lic
2026-09-20 23:15:12,466 - pms - CRITICAL - SECURITY: SECRET_KEY is set to the insecure default value. Set a strong random SECRET_KEY in backend/.env before any production deployment.
2026-09-20 23:15:15,879 - pms - INFO - PRODUCTION_TRACE license storage path=E:\Projects\PMS-Software\backend\licenses\active.lic exists=True
2026-09-20 23:15:24,281 - pms - INFO - Starting Pharmacy Management System backend...
2026-09-20 23:15:25,821 - alembic.runtime.plugins - INFO - setup plugin alembic.autogenerate.schemas
2026-09-20 23:15:25,822 - alembic.runtime.plugins - INFO - setup plugin alembic.autogenerate.tables
2026-09-20 23:15:25,822 - alembic.runtime.plugins - INFO - setup plugin alembic.autogenerate.types
2026-09-20 23:15:25,822 - alembic.runtime.plugins - INFO - setup plugin alembic.autogenerate.constraints
2026-09-20 23:15:25,822 - alembic.runtime.plugins - INFO - setup plugin alembic.autogenerate.defaults
2026-09-20 23:15:25,823 - alembic.runtime.plugins - INFO - setup plugin alembic.autogenerate.comments
2026-09-20 23:15:25,823 - alembic.runtime.plugins - INFO - setup plugin alembic.autogenerate.checkconstraint_byname
2026-09-20 23:15:26,406 - pms - INFO - Database schema already at migration head (2581b6ba3257).
2026-09-20 23:15:27,006 - pms - INFO - Completed startup system notifications synchronization.
2026-09-20 23:16:16,082 - pms - INFO - PRODUCTION_TRACE license status=Active path=E:\Projects\PMS-Software\backend\licenses\active.lic
2026-09-20 23:16:25,512 - pms - INFO - PRODUCTION_TRACE auth accepted username=admin user_id=1
2026-09-20 23:17:12,283 - pms - INFO - PRODUCTION_TRACE license status=Active path=E:\Projects\PMS-Software\backend\licenses\active.lic
2026-09-20 23:33:52,963 - pms - INFO - PRODUCTION_TRACE license status=Active path=E:\Projects\PMS-Software\backend\licenses\active.lic
2026-09-20 23:36:16,242 - pms - INFO - PRODUCTION_TRACE license status=Active path=E:\Projects\PMS-Software\backend\licenses\active.lic
2026-09-20 23:37:01,586 - pms - INFO - PRODUCTION_TRACE license status=Active path=E:\Projects\PMS-Software\backend\licenses\active.lic
2026-09-20 23:37:40,582 - pms - INFO - PRODUCTION_TRACE license status=Active path=E:\Projects\PMS-Software\backend\licenses\active.lic
2026-09-20 23:38:39,470 - pms - INFO - PRODUCTION_TRACE license status=Active path=E:\Projects\PMS-Software\backend\licenses\active.lic
2026-09-21 00:01:31,296 - pms - INFO - PRODUCTION_TRACE license status=Active path=E:\Projects\PMS-Software\backend\licenses\active.lic
2026-09-21 00:01:36,177 - pms - INFO - PRODUCTION_TRACE license status=Active path=E:\Projects\PMS-Software\backend\licenses\active.lic
2026-09-21 00:02:36,895 - pms - INFO - PRODUCTION_TRACE license status=Active path=E:\Projects\PMS-Software\backend\licenses\active.lic
2026-09-21 00:05:25,254 - pms - ERROR - PMSException caught: Invalid authentication credentials (status: 401) | Path: /api/v1/reports/sales
2026-09-21 00:07:45,555 - pms - INFO - PRODUCTION_TRACE license status=Active path=E:\Projects\PMS-Software\backend\licenses\active.lic
2026-09-21 00:08:13,855 - pms - INFO - PRODUCTION_TRACE license status=Active path=E:\Projects\PMS-Software\backend\licenses\active.lic
2026-09-21 00:08:34,308 - pms - INFO - PRODUCTION_TRACE license status=Active path=E:\Projects\PMS-Software\backend\licenses\active.lic
2026-09-21 00:09:57,692 - pms - INFO - PRODUCTION_TRACE license status=Active path=E:\Projects\PMS-Software\backend\licenses\active.lic
2026-09-21 00:10:07,722 - pms - INFO - PRODUCTION_TRACE auth accepted username=admin user_id=1
2026-09-21 00:10:17,334 - pms - INFO - PRODUCTION_TRACE license status=Active path=E:\Projects\PMS-Software\backend\licenses\active.lic
2026-09-21 00:14:09,046 - pms - INFO - PRODUCTION_TRACE license status=Active path=E:\Projects\PMS-Software\backend\licenses\active.lic
2026-09-21 00:15:02,176 - pms - INFO - PRODUCTION_TRACE license status=Active path=E:\Projects\PMS-Software\backend\licenses\active.lic
2026-09-21 00:16:29,384 - pms - INFO - Database Backup Executed | Type: Manual | File: PMS-Backup-Saqib-Pharmacy-01.zip | Size: 30083 bytes | Status: Success
2026-09-21 00:17:12,231 - pms - INFO - Backup Settings Updated | User: admin | AutoBackup: True | BackupOnExit: True
2026-09-21 00:17:41,127 - pms - INFO - Database Backup Executed | Type: Automatic | File: ExitBackup_21_09_2026_001741.zip | Size: 30167 bytes | Status: Success
2026-09-21 00:17:41,694 - pms - INFO - PRODUCTION_TRACE license status=Active path=E:\Projects\PMS-Software\backend\licenses\active.lic
2026-09-21 00:17:45,113 - pms - INFO - Exit backup verification: Passed
2026-09-21 00:17:50,807 - pms - INFO - Backup Settings Updated | User: admin | AutoBackup: False | BackupOnExit: True
2026-09-21 00:20:48,241 - pms - INFO - Safe Data Reset | SUCCESS | User: admin | Snapshot: pre_reset_snapshot_20260921_002048.sqlite
2026-09-21 00:20:52,391 - pms - INFO - Clear Temp Data | User: admin | Deleted 3 files | Reclaimed: 1.40 KB
2026-09-21 00:22:18,442 - pms - INFO - Database Restore Initiated | Creating safety snapshot: backups\safety\pre_restore_safety_snapshot.sqlite
2026-09-21 00:22:18,486 - pms - INFO - Database Restore Successful | Restored from: E:/PMS Backup/PMS-Backup-Saqib-Pharmacy-01.zip by user admin
2026-09-21 00:22:20,848 - pms - INFO - PRODUCTION_TRACE license status=Active path=E:\Projects\PMS-Software\backend\licenses\active.lic
2026-09-21 00:27:21,420 - pms - INFO - Safe Data Reset | SUCCESS | User: admin | Snapshot: pre_reset_snapshot_20260921_002721.sqlite
2026-09-21 00:27:32,883 - pms - INFO - PRODUCTION_TRACE license status=Active path=E:\Projects\PMS-Software\backend\licenses\active.lic
2026-09-21 00:28:53,189 - pms - INFO - AUDIT: User admin imported 35 categories. Skipped: 0. Errors: 0
2026-09-21 00:29:03,545 - pms - INFO - AUDIT: User admin imported 26 companies. Skipped: 0. Errors: 0
2026-09-21 00:30:26,995 - pms - INFO - AUDIT: User admin imported 25 suppliers. Skipped: 0. Errors: 0
2026-09-21 00:30:35,340 - pms - INFO - AUDIT: User admin imported 25 customers. Skipped: 0. Errors: 0
2026-09-21 00:31:47,624 - pms - INFO - Database Restore Initiated | Creating safety snapshot: backups\safety\pre_restore_safety_snapshot.sqlite
2026-09-21 00:31:47,671 - pms - INFO - Database Restore Successful | Restored from: C:/Users/Muhammad Saqib/Desktop/PMS-Backup-Saqib-Pharmacy-01.zip by user admin
2026-09-21 00:31:51,185 - pms - INFO - PRODUCTION_TRACE license status=Active path=E:\Projects\PMS-Software\backend\licenses\active.lic
2026-09-21 00:32:19,686 - pms - INFO - PRODUCTION_TRACE license status=Active path=E:\Projects\PMS-Software\backend\licenses\active.lic
2026-09-21 00:34:15,991 - pms - INFO - PRODUCTION_TRACE license status=Active path=E:\Projects\PMS-Software\backend\licenses\active.lic
2026-09-21 00:34:18,503 - pms - INFO - PRODUCTION_TRACE license status=Active path=E:\Projects\PMS-Software\backend\licenses\active.lic
2026-09-21 00:34:21,531 - pms - INFO - PRODUCTION_TRACE license status=Active path=E:\Projects\PMS-Software\backend\licenses\active.lic
2026-09-21 00:45:15,787 - pms - INFO - AUDIT: User admin Deleted notification #112 (Type: LICENSE_ALERT, Title: 'Software License Expiring Soon').
2026-09-21 00:45:17,152 - pms - INFO - AUDIT: User admin Deleted notification #111 (Type: OUT_OF_STOCK, Title: 'Out of Stock: CCL Amlodipine 5mg').
2026-09-21 00:45:17,526 - pms - INFO - AUDIT: User admin Deleted notification #110 (Type: OUT_OF_STOCK, Title: 'Out of Stock: Brookes Paracetamol 500mg').
2026-09-21 00:45:17,906 - pms - INFO - AUDIT: User admin Deleted notification #109 (Type: OUT_OF_STOCK, Title: 'Out of Stock: Herbion Naturals Cough Syrup').
2026-09-21 00:45:18,152 - pms - INFO - AUDIT: User admin Deleted notification #108 (Type: OUT_OF_STOCK, Title: 'Out of Stock: Herbion Linkus Syrup').
2026-09-21 00:45:18,555 - pms - INFO - AUDIT: User admin Deleted notification #107 (Type: OUT_OF_STOCK, Title: 'Out of Stock: Ferozsons Omeprazole 20mg').
2026-09-21 00:45:18,934 - pms - INFO - AUDIT: User admin Deleted notification #106 (Type: OUT_OF_STOCK, Title: 'Out of Stock: Artem Plus 20/120mg').
2026-09-21 00:45:19,172 - pms - INFO - AUDIT: User admin Deleted notification #105 (Type: OUT_OF_STOCK, Title: 'Out of Stock: Bilinta 90mg').
2026-09-21 00:45:19,643 - pms - INFO - AUDIT: User admin Deleted notification #104 (Type: OUT_OF_STOCK, Title: 'Out of Stock: Gloxil Forte Suspension').
2026-09-21 00:45:19,999 - pms - INFO - AUDIT: User admin Deleted notification #103 (Type: OUT_OF_STOCK, Title: 'Out of Stock: Gloxil Suspension').
2026-09-21 00:45:20,368 - pms - INFO - AUDIT: User admin Deleted notification #102 (Type: OUT_OF_STOCK, Title: 'Out of Stock: Briltiga 90mg').
2026-09-21 00:45:20,682 - pms - INFO - AUDIT: User admin Deleted notification #101 (Type: OUT_OF_STOCK, Title: 'Out of Stock: Briltiga 60mg').
2026-09-21 00:45:20,946 - pms - INFO - AUDIT: User admin Deleted notification #100 (Type: OUT_OF_STOCK, Title: 'Out of Stock: Ecogrel 5mg').
2026-09-21 00:45:21,252 - pms - INFO - AUDIT: User admin Deleted notification #99 (Type: OUT_OF_STOCK, Title: 'Out of Stock: Ceftas-DS Suspension').
2026-09-21 00:45:21,456 - pms - INFO - AUDIT: User admin Deleted notification #98 (Type: OUT_OF_STOCK, Title: 'Out of Stock: Plazo 250mg').
2026-09-21 00:45:21,756 - pms - INFO - AUDIT: User admin Deleted notification #97 (Type: OUT_OF_STOCK, Title: 'Out of Stock: Canderel 16mg').
2026-09-21 00:45:22,099 - pms - INFO - AUDIT: User admin Deleted notification #96 (Type: OUT_OF_STOCK, Title: 'Out of Stock: Canderel 8mg').
2026-09-21 00:45:22,407 - pms - INFO - AUDIT: User admin Deleted notification #95 (Type: OUT_OF_STOCK, Title: 'Out of Stock: MF-Tablet MR 500mg').
2026-09-21 00:45:22,599 - pms - INFO - AUDIT: User admin Deleted notification #94 (Type: OUT_OF_STOCK, Title: 'Out of Stock: MF-Tablet 500mg').
2026-09-21 00:45:22,807 - pms - INFO - AUDIT: User admin Deleted notification #93 (Type: OUT_OF_STOCK, Title: 'Out of Stock: Lochol 40mg').
2026-09-21 00:45:30,262 - pms - INFO - AUDIT: User admin Deleted notification #92 (Type: OUT_OF_STOCK, Title: 'Out of Stock: Macprofen Syrup').
2026-09-21 00:45:30,588 - pms - INFO - AUDIT: User admin Deleted notification #91 (Type: OUT_OF_STOCK, Title: 'Out of Stock: Iprazyme Nebulization Solution').
2026-09-21 00:45:30,828 - pms - INFO - AUDIT: User admin Deleted notification #90 (Type: OUT_OF_STOCK, Title: 'Out of Stock: Eglaro-M 2.5/1000mg').
2026-09-21 00:45:31,163 - pms - INFO - AUDIT: User admin Deleted notification #89 (Type: OUT_OF_STOCK, Title: 'Out of Stock: Eglaro-M 2.5/500mg').
2026-09-21 00:45:31,384 - pms - INFO - AUDIT: User admin Deleted notification #88 (Type: OUT_OF_STOCK, Title: 'Out of Stock: Bongard 70mg').
2026-09-21 00:45:31,720 - pms - INFO - AUDIT: User admin Deleted notification #87 (Type: OUT_OF_STOCK, Title: 'Out of Stock: Anplag 90mg').
2026-09-21 00:45:32,021 - pms - INFO - AUDIT: User admin Deleted notification #86 (Type: OUT_OF_STOCK, Title: 'Out of Stock: Anplag 60mg').
2026-09-21 00:45:32,496 - pms - INFO - AUDIT: User admin Deleted notification #85 (Type: OUT_OF_STOCK, Title: 'Out of Stock: TioCap 18mcg').
2026-09-21 00:45:32,768 - pms - INFO - AUDIT: User admin Deleted notification #84 (Type: OUT_OF_STOCK, Title: 'Out of Stock: Avsar 10/160mg').
2026-09-21 00:45:33,184 - pms - INFO - AUDIT: User admin Deleted notification #83 (Type: OUT_OF_STOCK, Title: 'Out of Stock: Avsar 5/160mg').
2026-09-21 00:45:33,519 - pms - INFO - AUDIT: User admin Deleted notification #82 (Type: OUT_OF_STOCK, Title: 'Out of Stock: Avsar 5/80mg').
2026-09-21 00:45:33,856 - pms - INFO - AUDIT: User admin Deleted notification #81 (Type: OUT_OF_STOCK, Title: 'Out of Stock: Lochol 20mg').
2026-09-21 00:45:34,213 - pms - INFO - AUDIT: User admin Deleted notification #80 (Type: OUT_OF_STOCK, Title: 'Out of Stock: Pronitron 20mg').
2026-09-21 00:45:34,518 - pms - INFO - AUDIT: User admin Deleted notification #79 (Type: OUT_OF_STOCK, Title: 'Out of Stock: NOVIDAT 750mg').
2026-09-21 00:45:34,746 - pms - INFO - AUDIT: User admin Deleted notification #78 (Type: OUT_OF_STOCK, Title: 'Out of Stock: Dowphage ER 1000mg').
2026-09-21 00:45:35,054 - pms - INFO - AUDIT: User admin Deleted notification #77 (Type: OUT_OF_STOCK, Title: 'Out of Stock: Dowphage ER 500mg').
2026-09-21 00:45:35,252 - pms - INFO - AUDIT: User admin Deleted notification #76 (Type: OUT_OF_STOCK, Title: 'Out of Stock: Dowphage 1g').
2026-09-21 00:45:35,638 - pms - INFO - AUDIT: User admin Deleted notification #75 (Type: OUT_OF_STOCK, Title: 'Out of Stock: Dowphage 850mg').
2026-09-21 00:45:36,046 - pms - INFO - AUDIT: User admin Deleted notification #74 (Type: OUT_OF_STOCK, Title: 'Out of Stock: Dowphage 500mg').
2026-09-21 00:45:36,227 - pms - INFO - AUDIT: User admin Deleted notification #73 (Type: OUT_OF_STOCK, Title: 'Out of Stock: Braso 10mg').
2026-09-21 00:45:44,145 - pms - INFO - AUDIT: User admin Deleted notification #9 (Type: BACKUP_SUCCESS, Title: 'Backup Successful (Automatic)').
2026-09-21 00:45:44,341 - pms - INFO - AUDIT: User admin Deleted notification #10 (Type: BACKUP_SUCCESS, Title: 'Backup Successful (Automatic)').
2026-09-21 00:45:47,445 - pms - INFO - AUDIT: User admin Deleted notification #112 (Type: LICENSE_ALERT, Title: 'Software License Expiring Soon').
2026-09-21 00:45:52,338 - pms - INFO - AUDIT: User admin Deleted notification #111 (Type: OUT_OF_STOCK, Title: 'Out of Stock: CCL Amlodipine 5mg').
2026-09-21 00:45:52,905 - pms - INFO - AUDIT: User admin Deleted notification #110 (Type: OUT_OF_STOCK, Title: 'Out of Stock: Brookes Paracetamol 500mg').
2026-09-21 00:45:53,237 - pms - INFO - AUDIT: User admin Deleted notification #109 (Type: OUT_OF_STOCK, Title: 'Out of Stock: Herbion Naturals Cough Syrup').
2026-09-21 00:45:55,538 - pms - INFO - AUDIT: User admin Deleted notification #108 (Type: OUT_OF_STOCK, Title: 'Out of Stock: Herbion Linkus Syrup').
2026-09-21 00:45:55,856 - pms - INFO - AUDIT: User admin Deleted notification #107 (Type: OUT_OF_STOCK, Title: 'Out of Stock: Ferozsons Omeprazole 20mg').
2026-09-21 00:45:56,052 - pms - INFO - AUDIT: User admin Deleted notification #106 (Type: OUT_OF_STOCK, Title: 'Out of Stock: Artem Plus 20/120mg').
2026-09-21 00:45:56,289 - pms - INFO - AUDIT: User admin Deleted notification #105 (Type: OUT_OF_STOCK, Title: 'Out of Stock: Bilinta 90mg').
2026-09-21 00:45:56,505 - pms - INFO - AUDIT: User admin Deleted notification #104 (Type: OUT_OF_STOCK, Title: 'Out of Stock: Gloxil Forte Suspension').
2026-09-21 00:45:56,891 - pms - INFO - AUDIT: User admin Deleted notification #103 (Type: OUT_OF_STOCK, Title: 'Out of Stock: Gloxil Suspension').
2026-09-21 00:45:57,220 - pms - INFO - AUDIT: User admin Deleted notification #102 (Type: OUT_OF_STOCK, Title: 'Out of Stock: Briltiga 90mg').
2026-09-21 00:45:57,581 - pms - INFO - AUDIT: User admin Deleted notification #101 (Type: OUT_OF_STOCK, Title: 'Out of Stock: Briltiga 60mg').
2026-09-21 00:45:57,914 - pms - INFO - AUDIT: User admin Deleted notification #100 (Type: OUT_OF_STOCK, Title: 'Out of Stock: Ecogrel 5mg').
2026-09-21 00:45:58,289 - pms - INFO - AUDIT: User admin Deleted notification #99 (Type: OUT_OF_STOCK, Title: 'Out of Stock: Ceftas-DS Suspension').
2026-09-21 00:45:58,451 - pms - INFO - AUDIT: User admin Deleted notification #98 (Type: OUT_OF_STOCK, Title: 'Out of Stock: Plazo 250mg').
2026-09-21 00:45:58,618 - pms - INFO - AUDIT: User admin Deleted notification #97 (Type: OUT_OF_STOCK, Title: 'Out of Stock: Canderel 16mg').
2026-09-21 00:45:58,822 - pms - INFO - AUDIT: User admin Deleted notification #96 (Type: OUT_OF_STOCK, Title: 'Out of Stock: Canderel 8mg').
2026-09-21 00:45:59,173 - pms - INFO - AUDIT: User admin Deleted notification #95 (Type: OUT_OF_STOCK, Title: 'Out of Stock: MF-Tablet MR 500mg').
2026-09-21 00:45:59,338 - pms - INFO - AUDIT: User admin Deleted notification #94 (Type: OUT_OF_STOCK, Title: 'Out of Stock: MF-Tablet 500mg').
2026-09-21 00:45:59,454 - pms - INFO - AUDIT: User admin Deleted notification #93 (Type: OUT_OF_STOCK, Title: 'Out of Stock: Lochol 40mg').
2026-09-21 00:45:59,647 - pms - INFO - AUDIT: User admin Deleted notification #92 (Type: OUT_OF_STOCK, Title: 'Out of Stock: Macprofen Syrup').
2026-09-21 00:46:03,050 - pms - INFO - AUDIT: User admin Deleted notification #112 (Type: LICENSE_ALERT, Title: 'Software License Expiring Soon').
2026-09-21 00:46:03,619 - pms - INFO - AUDIT: User admin Deleted notification #111 (Type: OUT_OF_STOCK, Title: 'Out of Stock: CCL Amlodipine 5mg').
2026-09-21 00:46:03,985 - pms - INFO - AUDIT: User admin Deleted notification #110 (Type: OUT_OF_STOCK, Title: 'Out of Stock: Brookes Paracetamol 500mg').
2026-09-21 00:46:04,377 - pms - INFO - AUDIT: User admin Deleted notification #109 (Type: OUT_OF_STOCK, Title: 'Out of Stock: Herbion Naturals Cough Syrup').
2026-09-21 00:46:04,761 - pms - INFO - AUDIT: User admin Deleted notification #108 (Type: OUT_OF_STOCK, Title: 'Out of Stock: Herbion Linkus Syrup').
2026-09-21 00:46:05,132 - pms - INFO - AUDIT: User admin Deleted notification #107 (Type: OUT_OF_STOCK, Title: 'Out of Stock: Ferozsons Omeprazole 20mg').
2026-09-21 00:46:05,471 - pms - INFO - AUDIT: User admin Deleted notification #106 (Type: OUT_OF_STOCK, Title: 'Out of Stock: Artem Plus 20/120mg').
2026-09-21 00:46:05,802 - pms - INFO - AUDIT: User admin Deleted notification #105 (Type: OUT_OF_STOCK, Title: 'Out of Stock: Bilinta 90mg').
2026-09-21 00:46:06,181 - pms - INFO - AUDIT: User admin Deleted notification #104 (Type: OUT_OF_STOCK, Title: 'Out of Stock: Gloxil Forte Suspension').
2026-09-21 00:46:06,685 - pms - INFO - AUDIT: User admin Deleted notification #103 (Type: OUT_OF_STOCK, Title: 'Out of Stock: Gloxil Suspension').
2026-09-21 00:46:07,018 - pms - INFO - AUDIT: User admin Deleted notification #102 (Type: OUT_OF_STOCK, Title: 'Out of Stock: Briltiga 90mg').
2026-09-21 00:46:07,288 - pms - INFO - AUDIT: User admin Deleted notification #101 (Type: OUT_OF_STOCK, Title: 'Out of Stock: Briltiga 60mg').
2026-09-21 00:46:07,652 - pms - INFO - AUDIT: User admin Deleted notification #100 (Type: OUT_OF_STOCK, Title: 'Out of Stock: Ecogrel 5mg').
2026-09-21 00:46:08,000 - pms - INFO - AUDIT: User admin Deleted notification #99 (Type: OUT_OF_STOCK, Title: 'Out of Stock: Ceftas-DS Suspension').
2026-09-21 00:46:08,399 - pms - INFO - AUDIT: User admin Deleted notification #98 (Type: OUT_OF_STOCK, Title: 'Out of Stock: Plazo 250mg').
2026-09-21 00:46:08,786 - pms - INFO - AUDIT: User admin Deleted notification #97 (Type: OUT_OF_STOCK, Title: 'Out of Stock: Canderel 16mg').
2026-09-21 00:46:08,999 - pms - INFO - AUDIT: User admin Deleted notification #96 (Type: OUT_OF_STOCK, Title: 'Out of Stock: Canderel 8mg').
2026-09-21 00:46:09,403 - pms - INFO - AUDIT: User admin Deleted notification #95 (Type: OUT_OF_STOCK, Title: 'Out of Stock: MF-Tablet MR 500mg').
2026-09-21 00:46:09,761 - pms - INFO - AUDIT: User admin Deleted notification #94 (Type: OUT_OF_STOCK, Title: 'Out of Stock: MF-Tablet 500mg').
2026-09-21 00:46:10,060 - pms - INFO - AUDIT: User admin Deleted notification #93 (Type: OUT_OF_STOCK, Title: 'Out of Stock: Lochol 40mg').
2026-09-21 00:48:45,043 - pms - INFO - PRODUCTION_TRACE license status=Active path=E:\Projects\PMS-Software\backend\licenses\active.lic
2026-09-21 00:54:49,472 - pms - CRITICAL - SECURITY: SECRET_KEY is set to the insecure default value. Set a strong random SECRET_KEY in backend/.env before any production deployment.
2026-09-21 00:54:52,587 - pms - INFO - PRODUCTION_TRACE license storage path=E:\Projects\PMS-Software\backend\licenses\active.lic exists=True
2026-09-21 00:55:01,528 - pms - INFO - Starting Pharmacy Management System backend...
2026-09-21 00:55:03,669 - alembic.runtime.plugins - INFO - setup plugin alembic.autogenerate.schemas
2026-09-21 00:55:03,669 - alembic.runtime.plugins - INFO - setup plugin alembic.autogenerate.tables
2026-09-21 00:55:03,670 - alembic.runtime.plugins - INFO - setup plugin alembic.autogenerate.types
2026-09-21 00:55:03,670 - alembic.runtime.plugins - INFO - setup plugin alembic.autogenerate.constraints
2026-09-21 00:55:03,670 - alembic.runtime.plugins - INFO - setup plugin alembic.autogenerate.defaults
2026-09-21 00:55:03,670 - alembic.runtime.plugins - INFO - setup plugin alembic.autogenerate.comments
2026-09-21 00:55:03,670 - alembic.runtime.plugins - INFO - setup plugin alembic.autogenerate.checkconstraint_byname
2026-09-21 00:55:04,204 - pms - INFO - Database schema already at migration head (2581b6ba3257).
2026-09-21 00:55:04,548 - pms - INFO - Completed startup system notifications synchronization.
2026-09-21 00:55:31,096 - pms - INFO - PRODUCTION_TRACE license status=Active path=E:\Projects\PMS-Software\backend\licenses\active.lic
2026-09-21 01:06:09,991 - pms - CRITICAL - SECURITY: SECRET_KEY is set to the insecure default value. Set a strong random SECRET_KEY in backend/.env before any production deployment.
2026-09-21 01:06:11,485 - pms - INFO - PRODUCTION_TRACE license storage path=E:\Projects\PMS-Software\backend\licenses\active.lic exists=True
2026-09-21 01:06:18,844 - pms - INFO - Starting Pharmacy Management System backend...
2026-09-21 01:06:20,647 - alembic.runtime.plugins - INFO - setup plugin alembic.autogenerate.schemas
2026-09-21 01:06:20,648 - alembic.runtime.plugins - INFO - setup plugin alembic.autogenerate.tables
2026-09-21 01:06:20,649 - alembic.runtime.plugins - INFO - setup plugin alembic.autogenerate.types
2026-09-21 01:06:20,652 - alembic.runtime.plugins - INFO - setup plugin alembic.autogenerate.constraints
2026-09-21 01:06:20,652 - alembic.runtime.plugins - INFO - setup plugin alembic.autogenerate.defaults
2026-09-21 01:06:20,655 - alembic.runtime.plugins - INFO - setup plugin alembic.autogenerate.comments
2026-09-21 01:06:20,656 - alembic.runtime.plugins - INFO - setup plugin alembic.autogenerate.checkconstraint_byname
2026-09-21 01:06:21,506 - pms - INFO - Database schema already at migration head (2581b6ba3257).
2026-09-21 01:06:22,449 - pms - INFO - Completed startup system notifications synchronization.
2026-09-21 01:06:47,726 - pms - INFO - PRODUCTION_TRACE license status=Active path=E:\Projects\PMS-Software\backend\licenses\active.lic
2026-09-21 01:07:00,071 - pms - INFO - PRODUCTION_TRACE license status=Active path=E:\Projects\PMS-Software\backend\licenses\active.lic
2026-09-21 01:07:56,004 - pms - CRITICAL - SECURITY: SECRET_KEY is set to the insecure default value. Set a strong random SECRET_KEY in backend/.env before any production deployment.
2026-09-21 01:08:01,440 - pms - INFO - PRODUCTION_TRACE license storage path=E:\Projects\PMS-Software\backend\licenses\active.lic exists=True
2026-09-21 01:08:10,452 - pms - INFO - Starting Pharmacy Management System backend...
2026-09-21 01:08:12,461 - alembic.runtime.plugins - INFO - setup plugin alembic.autogenerate.schemas
2026-09-21 01:08:12,461 - alembic.runtime.plugins - INFO - setup plugin alembic.autogenerate.tables
2026-09-21 01:08:12,461 - alembic.runtime.plugins - INFO - setup plugin alembic.autogenerate.types
2026-09-21 01:08:12,461 - alembic.runtime.plugins - INFO - setup plugin alembic.autogenerate.constraints
2026-09-21 01:08:12,462 - alembic.runtime.plugins - INFO - setup plugin alembic.autogenerate.defaults
2026-09-21 01:08:12,462 - alembic.runtime.plugins - INFO - setup plugin alembic.autogenerate.comments
2026-09-21 01:08:12,462 - alembic.runtime.plugins - INFO - setup plugin alembic.autogenerate.checkconstraint_byname
2026-09-21 01:08:13,264 - pms - INFO - Database schema already at migration head (2581b6ba3257).
2026-09-21 01:08:14,149 - pms - INFO - Completed startup system notifications synchronization.
2026-09-21 01:08:16,113 - pms - INFO - PRODUCTION_TRACE license status=Active path=E:\Projects\PMS-Software\backend\licenses\active.lic
2026-09-21 01:16:09,163 - pms - INFO - PRODUCTION_TRACE license status=Active path=E:\Projects\PMS-Software\backend\licenses\active.lic
2026-09-21 01:17:55,296 - pms - INFO - PRODUCTION_TRACE license status=Active path=E:\Projects\PMS-Software\backend\licenses\active.lic
2026-09-21 01:22:08,668 - pms - INFO - PRODUCTION_TRACE license status=Active path=E:\Projects\PMS-Software\backend\licenses\active.lic
2026-09-21 01:26:59,625 - pms - INFO - PRODUCTION_TRACE license status=Active path=E:\Projects\PMS-Software\backend\licenses\active.lic
2026-09-21 01:27:49,570 - pms - INFO - PRODUCTION_TRACE license status=Active path=E:\Projects\PMS-Software\backend\licenses\active.lic
2026-09-21 01:51:05,716 - pms - INFO - PRODUCTION_TRACE license status=Active path=E:\Projects\PMS-Software\backend\licenses\active.lic
2026-09-21 01:51:54,543 - pms - CRITICAL - SECURITY: SECRET_KEY is set to the insecure default value. Set a strong random SECRET_KEY in backend/.env before any production deployment.
2026-09-21 01:51:55,941 - pms - INFO - PRODUCTION_TRACE license storage path=E:\Projects\PMS-Software\backend\licenses\active.lic exists=True
2026-09-21 01:52:00,428 - pms - INFO - Starting Pharmacy Management System backend...
2026-09-21 01:52:02,743 - alembic.runtime.plugins - INFO - setup plugin alembic.autogenerate.schemas
2026-09-21 01:52:02,743 - alembic.runtime.plugins - INFO - setup plugin alembic.autogenerate.tables
2026-09-21 01:52:02,743 - alembic.runtime.plugins - INFO - setup plugin alembic.autogenerate.types
2026-09-21 01:52:02,744 - alembic.runtime.plugins - INFO - setup plugin alembic.autogenerate.constraints
2026-09-21 01:52:02,744 - alembic.runtime.plugins - INFO - setup plugin alembic.autogenerate.defaults
2026-09-21 01:52:02,744 - alembic.runtime.plugins - INFO - setup plugin alembic.autogenerate.comments
2026-09-21 01:52:02,744 - alembic.runtime.plugins - INFO - setup plugin alembic.autogenerate.checkconstraint_byname
2026-09-21 01:52:03,258 - pms - INFO - Database schema already at migration head (2581b6ba3257).
2026-09-21 01:52:03,966 - pms - INFO - Completed startup system notifications synchronization.
2026-09-21 01:52:13,715 - pms - INFO - PRODUCTION_TRACE license status=Active path=E:\Projects\PMS-Software\backend\licenses\active.lic
2026-09-21 01:52:14,191 - pms - INFO - PRODUCTION_TRACE license status=Active path=E:\Projects\PMS-Software\backend\licenses\active.lic
2026-09-21 01:52:27,985 - pms - INFO - PRODUCTION_TRACE license status=Active path=E:\Projects\PMS-Software\backend\licenses\active.lic
2026-09-21 02:11:12,891 - pms - CRITICAL - SECURITY: SECRET_KEY is set to the insecure default value. Set a strong random SECRET_KEY in backend/.env before any production deployment.
2026-09-21 02:11:14,305 - pms - INFO - PRODUCTION_TRACE license storage path=E:\Projects\PMS-Software\backend\licenses\active.lic exists=True
2026-09-21 02:11:19,125 - pms - INFO - Starting Pharmacy Management System backend...
2026-09-21 02:11:20,815 - alembic.runtime.plugins - INFO - setup plugin alembic.autogenerate.schemas
2026-09-21 02:11:20,816 - alembic.runtime.plugins - INFO - setup plugin alembic.autogenerate.tables
2026-09-21 02:11:20,816 - alembic.runtime.plugins - INFO - setup plugin alembic.autogenerate.types
2026-09-21 02:11:20,816 - alembic.runtime.plugins - INFO - setup plugin alembic.autogenerate.constraints
2026-09-21 02:11:20,817 - alembic.runtime.plugins - INFO - setup plugin alembic.autogenerate.defaults
2026-09-21 02:11:20,817 - alembic.runtime.plugins - INFO - setup plugin alembic.autogenerate.comments
2026-09-21 02:11:20,817 - alembic.runtime.plugins - INFO - setup plugin alembic.autogenerate.checkconstraint_byname
2026-09-21 02:11:21,268 - pms - INFO - Database schema already at migration head (2581b6ba3257).
2026-09-21 02:11:21,979 - pms - INFO - Completed startup system notifications synchronization.
2026-09-21 02:11:29,264 - pms - INFO - PRODUCTION_TRACE license status=Active path=E:\Projects\PMS-Software\backend\licenses\active.lic
2026-09-21 02:12:08,030 - pms - INFO - PRODUCTION_TRACE license status=Active path=E:\Projects\PMS-Software\backend\licenses\active.lic
2026-09-21 02:15:31,177 - pms - CRITICAL - SECURITY: SECRET_KEY is set to the insecure default value. Set a strong random SECRET_KEY in backend/.env before any production deployment.
2026-09-21 02:15:32,516 - pms - INFO - PRODUCTION_TRACE license storage path=E:\Projects\PMS-Software\backend\licenses\active.lic exists=True
2026-09-21 02:15:36,436 - pms - INFO - Starting Pharmacy Management System backend...
2026-09-21 02:15:37,919 - alembic.runtime.plugins - INFO - setup plugin alembic.autogenerate.schemas
2026-09-21 02:15:37,920 - alembic.runtime.plugins - INFO - setup plugin alembic.autogenerate.tables
2026-09-21 02:15:37,920 - alembic.runtime.plugins - INFO - setup plugin alembic.autogenerate.types
2026-09-21 02:15:37,920 - alembic.runtime.plugins - INFO - setup plugin alembic.autogenerate.constraints
2026-09-21 02:15:37,920 - alembic.runtime.plugins - INFO - setup plugin alembic.autogenerate.defaults
2026-09-21 02:15:37,921 - alembic.runtime.plugins - INFO - setup plugin alembic.autogenerate.comments
2026-09-21 02:15:37,921 - alembic.runtime.plugins - INFO - setup plugin alembic.autogenerate.checkconstraint_byname
2026-09-21 02:15:38,434 - pms - INFO - Database schema already at migration head (2581b6ba3257).
2026-09-21 02:15:39,217 - pms - INFO - Completed startup system notifications synchronization.
2026-09-21 02:15:48,810 - pms - INFO - PRODUCTION_TRACE license status=Active path=E:\Projects\PMS-Software\backend\licenses\active.lic
2026-09-21 02:15:48,929 - pms - INFO - PRODUCTION_TRACE license status=Active path=E:\Projects\PMS-Software\backend\licenses\active.lic
2026-09-21 02:16:05,587 - pms - CRITICAL - SECURITY: SECRET_KEY is set to the insecure default value. Set a strong random SECRET_KEY in backend/.env before any production deployment.
2026-09-21 02:16:06,989 - pms - INFO - PRODUCTION_TRACE license storage path=E:\Projects\PMS-Software\backend\licenses\active.lic exists=True
2026-09-21 02:16:11,168 - pms - INFO - Starting Pharmacy Management System backend...
2026-09-21 02:16:12,407 - alembic.runtime.plugins - INFO - setup plugin alembic.autogenerate.schemas
2026-09-21 02:16:12,408 - alembic.runtime.plugins - INFO - setup plugin alembic.autogenerate.tables
2026-09-21 02:16:12,415 - alembic.runtime.plugins - INFO - setup plugin alembic.autogenerate.types
2026-09-21 02:16:12,415 - alembic.runtime.plugins - INFO - setup plugin alembic.autogenerate.constraints
2026-09-21 02:16:12,415 - alembic.runtime.plugins - INFO - setup plugin alembic.autogenerate.defaults
2026-09-21 02:16:12,415 - alembic.runtime.plugins - INFO - setup plugin alembic.autogenerate.comments
2026-09-21 02:16:12,415 - alembic.runtime.plugins - INFO - setup plugin alembic.autogenerate.checkconstraint_byname
2026-09-21 02:16:13,183 - pms - INFO - Database schema already at migration head (2581b6ba3257).
2026-09-21 02:16:14,224 - pms - INFO - Completed startup system notifications synchronization.
2026-09-21 02:16:20,470 - pms - INFO - PRODUCTION_TRACE license status=Active path=E:\Projects\PMS-Software\backend\licenses\active.lic
2026-09-21 02:16:21,023 - pms - INFO - PRODUCTION_TRACE license status=Active path=E:\Projects\PMS-Software\backend\licenses\active.lic
2026-09-21 02:33:11,003 - pms - CRITICAL - SECURITY: SECRET_KEY is set to the insecure default value. Set a strong random SECRET_KEY in backend/.env before any production deployment.
2026-09-21 02:33:12,252 - pms - INFO - PRODUCTION_TRACE license storage path=E:\Projects\PMS-Software\backend\licenses\active.lic exists=True
2026-09-21 02:33:16,868 - pms - INFO - Starting Pharmacy Management System backend...
2026-09-21 02:33:18,226 - alembic.runtime.plugins - INFO - setup plugin alembic.autogenerate.schemas
2026-09-21 02:33:18,227 - alembic.runtime.plugins - INFO - setup plugin alembic.autogenerate.tables
2026-09-21 02:33:18,228 - alembic.runtime.plugins - INFO - setup plugin alembic.autogenerate.types
2026-09-21 02:33:18,229 - alembic.runtime.plugins - INFO - setup plugin alembic.autogenerate.constraints
2026-09-21 02:33:18,230 - alembic.runtime.plugins - INFO - setup plugin alembic.autogenerate.defaults
2026-09-21 02:33:18,230 - alembic.runtime.plugins - INFO - setup plugin alembic.autogenerate.comments
2026-09-21 02:33:18,230 - alembic.runtime.plugins - INFO - setup plugin alembic.autogenerate.checkconstraint_byname
2026-09-21 02:33:18,963 - pms - INFO - Database schema already at migration head (2581b6ba3257).
2026-09-21 02:33:19,740 - pms - INFO - Completed startup system notifications synchronization.
2026-09-21 02:33:26,548 - pms - INFO - PRODUCTION_TRACE license status=Active path=E:\Projects\PMS-Software\backend\licenses\active.lic
2026-09-21 02:35:23,011 - pms - INFO - AUDIT: User admin uploaded a new Receipt Logo.
2026-09-21 02:35:38,148 - pms - INFO - PRODUCTION_TRACE license status=Active path=E:\Projects\PMS-Software\backend\licenses\active.lic
2026-09-21 02:38:43,796 - pms - CRITICAL - SECURITY: SECRET_KEY is set to the insecure default value. Set a strong random SECRET_KEY in backend/.env before any production deployment.
2026-09-21 02:38:44,894 - pms - INFO - PRODUCTION_TRACE license storage path=E:\Projects\PMS-Software\backend\licenses\active.lic exists=True
2026-09-21 02:38:49,080 - pms - INFO - Starting Pharmacy Management System backend...
2026-09-21 02:38:50,208 - alembic.runtime.plugins - INFO - setup plugin alembic.autogenerate.schemas
2026-09-21 02:38:50,209 - alembic.runtime.plugins - INFO - setup plugin alembic.autogenerate.tables
2026-09-21 02:38:50,209 - alembic.runtime.plugins - INFO - setup plugin alembic.autogenerate.types
2026-09-21 02:38:50,209 - alembic.runtime.plugins - INFO - setup plugin alembic.autogenerate.constraints
2026-09-21 02:38:50,209 - alembic.runtime.plugins - INFO - setup plugin alembic.autogenerate.defaults
2026-09-21 02:38:50,212 - alembic.runtime.plugins - INFO - setup plugin alembic.autogenerate.comments
2026-09-21 02:38:50,213 - alembic.runtime.plugins - INFO - setup plugin alembic.autogenerate.checkconstraint_byname
2026-09-21 02:38:50,510 - pms - INFO - Database schema already at migration head (2581b6ba3257).
2026-09-21 02:38:51,467 - pms - INFO - Completed startup system notifications synchronization.
2026-09-21 02:38:59,353 - pms - INFO - PRODUCTION_TRACE license status=Active path=E:\Projects\PMS-Software\backend\licenses\active.lic
2026-09-21 02:39:20,092 - pms - INFO - PRODUCTION_TRACE license status=Active path=E:\Projects\PMS-Software\backend\licenses\active.lic
2026-09-21 02:39:23,804 - pms - INFO - PRODUCTION_TRACE license status=Active path=E:\Projects\PMS-Software\backend\licenses\active.lic
2026-09-21 02:44:25,724 - pms - CRITICAL - SECURITY: SECRET_KEY is set to the insecure default value. Set a strong random SECRET_KEY in backend/.env before any production deployment.
2026-09-21 02:44:26,955 - pms - INFO - PRODUCTION_TRACE license storage path=E:\Projects\PMS-Software\backend\licenses\active.lic exists=True
2026-09-21 02:44:30,981 - pms - INFO - Starting Pharmacy Management System backend...
2026-09-21 02:44:31,945 - alembic.runtime.plugins - INFO - setup plugin alembic.autogenerate.schemas
2026-09-21 02:44:31,945 - alembic.runtime.plugins - INFO - setup plugin alembic.autogenerate.tables
2026-09-21 02:44:31,945 - alembic.runtime.plugins - INFO - setup plugin alembic.autogenerate.types
2026-09-21 02:44:31,945 - alembic.runtime.plugins - INFO - setup plugin alembic.autogenerate.constraints
2026-09-21 02:44:31,945 - alembic.runtime.plugins - INFO - setup plugin alembic.autogenerate.defaults
2026-09-21 02:44:31,946 - alembic.runtime.plugins - INFO - setup plugin alembic.autogenerate.comments
2026-09-21 02:44:31,946 - alembic.runtime.plugins - INFO - setup plugin alembic.autogenerate.checkconstraint_byname
2026-09-21 02:44:32,400 - pms - INFO - Database schema already at migration head (2581b6ba3257).
2026-09-21 02:44:33,013 - pms - INFO - Completed startup system notifications synchronization.
2026-09-21 02:44:42,648 - pms - INFO - PRODUCTION_TRACE license status=Active path=E:\Projects\PMS-Software\backend\licenses\active.lic
2026-09-21 02:44:55,853 - pms - INFO - PRODUCTION_TRACE license status=Active path=E:\Projects\PMS-Software\backend\licenses\active.lic
2026-09-21 02:51:47,220 - pms - INFO - PRODUCTION_TRACE license status=Active path=E:\Projects\PMS-Software\backend\licenses\active.lic
2026-09-21 02:55:50,911 - pms - INFO - PRODUCTION_TRACE license status=Active path=E:\Projects\PMS-Software\backend\licenses\active.lic
2026-09-21 02:55:57,121 - pms - INFO - PRODUCTION_TRACE license status=Active path=E:\Projects\PMS-Software\backend\licenses\active.lic
2026-09-21 02:56:02,164 - pms - INFO - PRODUCTION_TRACE license status=Active path=E:\Projects\PMS-Software\backend\licenses\active.lic
2026-09-21 02:58:10,029 - pms - INFO - PRODUCTION_TRACE license status=Active path=E:\Projects\PMS-Software\backend\licenses\active.lic
2026-09-21 10:21:05,842 - pms - CRITICAL - SECURITY: SECRET_KEY is set to the insecure default value. Set a strong random SECRET_KEY in backend/.env before any production deployment.
2026-09-21 10:21:06,548 - pms - INFO - PRODUCTION_TRACE license storage path=E:\Projects\PMS-Software\backend\licenses\active.lic exists=True
2026-09-21 10:21:08,511 - pms - INFO - Starting Pharmacy Management System backend...
2026-09-21 10:21:09,002 - alembic.runtime.plugins - INFO - setup plugin alembic.autogenerate.schemas
2026-09-21 10:21:09,003 - alembic.runtime.plugins - INFO - setup plugin alembic.autogenerate.tables
2026-09-21 10:21:09,003 - alembic.runtime.plugins - INFO - setup plugin alembic.autogenerate.types
2026-09-21 10:21:09,003 - alembic.runtime.plugins - INFO - setup plugin alembic.autogenerate.constraints
2026-09-21 10:21:09,003 - alembic.runtime.plugins - INFO - setup plugin alembic.autogenerate.defaults
2026-09-21 10:21:09,003 - alembic.runtime.plugins - INFO - setup plugin alembic.autogenerate.comments
2026-09-21 10:21:09,005 - alembic.runtime.plugins - INFO - setup plugin alembic.autogenerate.checkconstraint_byname
2026-09-21 10:21:09,279 - pms - INFO - Database schema already at migration head (2581b6ba3257).
2026-09-21 10:21:09,590 - pms - INFO - Completed startup system notifications synchronization.
2026-09-21 10:21:42,719 - pms - INFO - PRODUCTION_TRACE license status=Active path=E:\Projects\PMS-Software\backend\licenses\active.lic
2026-09-21 10:22:00,117 - pms - CRITICAL - SECURITY: SECRET_KEY is set to the insecure default value. Set a strong random SECRET_KEY in backend/.env before any production deployment.
2026-09-21 10:22:00,753 - pms - INFO - PRODUCTION_TRACE license storage path=E:\Projects\PMS-Software\backend\licenses\active.lic exists=True
2026-09-21 10:22:03,406 - pms - INFO - Starting Pharmacy Management System backend...
2026-09-21 10:22:04,598 - alembic.runtime.plugins - INFO - setup plugin alembic.autogenerate.schemas
2026-09-21 10:22:04,599 - alembic.runtime.plugins - INFO - setup plugin alembic.autogenerate.tables
2026-09-21 10:22:04,599 - alembic.runtime.plugins - INFO - setup plugin alembic.autogenerate.types
2026-09-21 10:22:04,599 - alembic.runtime.plugins - INFO - setup plugin alembic.autogenerate.constraints
2026-09-21 10:22:04,599 - alembic.runtime.plugins - INFO - setup plugin alembic.autogenerate.defaults
2026-09-21 10:22:04,600 - alembic.runtime.plugins - INFO - setup plugin alembic.autogenerate.comments
2026-09-21 10:22:04,600 - alembic.runtime.plugins - INFO - setup plugin alembic.autogenerate.checkconstraint_byname
2026-09-21 10:22:04,850 - pms - INFO - Database schema already at migration head (2581b6ba3257).
2026-09-21 10:22:05,289 - pms - INFO - Completed startup system notifications synchronization.
2026-09-21 10:22:07,256 - pms - INFO - PRODUCTION_TRACE license status=Active path=E:\Projects\PMS-Software\backend\licenses\active.lic
2026-09-21 10:22:17,059 - pms - INFO - PRODUCTION_TRACE auth accepted username=admin user_id=1
2026-09-21 10:23:53,719 - pms - INFO - PRODUCTION_TRACE license status=Active path=E:\Projects\PMS-Software\backend\licenses\active.lic
2026-09-21 10:24:35,690 - pms - INFO - PRODUCTION_TRACE license status=Active path=E:\Projects\PMS-Software\backend\licenses\active.lic
2026-09-21 10:25:39,259 - pms - CRITICAL - SECURITY: SECRET_KEY is set to the insecure default value. Set a strong random SECRET_KEY in backend/.env before any production deployment.
2026-09-21 10:25:39,888 - pms - INFO - PRODUCTION_TRACE license storage path=E:\Projects\PMS-Software\backend\licenses\active.lic exists=True
2026-09-21 10:25:42,316 - pms - INFO - Starting Pharmacy Management System backend...
2026-09-21 10:25:43,409 - alembic.runtime.plugins - INFO - setup plugin alembic.autogenerate.schemas
2026-09-21 10:25:43,410 - alembic.runtime.plugins - INFO - setup plugin alembic.autogenerate.tables
2026-09-21 10:25:43,410 - alembic.runtime.plugins - INFO - setup plugin alembic.autogenerate.types
2026-09-21 10:25:43,410 - alembic.runtime.plugins - INFO - setup plugin alembic.autogenerate.constraints
2026-09-21 10:25:43,410 - alembic.runtime.plugins - INFO - setup plugin alembic.autogenerate.defaults
2026-09-21 10:25:43,411 - alembic.runtime.plugins - INFO - setup plugin alembic.autogenerate.comments
2026-09-21 10:25:43,415 - alembic.runtime.plugins - INFO - setup plugin alembic.autogenerate.checkconstraint_byname
2026-09-21 10:25:43,648 - pms - INFO - Database schema already at migration head (2581b6ba3257).
2026-09-21 10:25:44,097 - pms - INFO - Completed startup system notifications synchronization.
2026-09-21 10:25:48,468 - pms - INFO - PRODUCTION_TRACE license status=Active path=E:\Projects\PMS-Software\backend\licenses\active.lic
2026-09-21 10:33:22,520 - pms - INFO - PRODUCTION_TRACE license status=Active path=E:\Projects\PMS-Software\backend\licenses\active.lic
2026-09-21 11:24:39,795 - pms - CRITICAL - SECURITY: SECRET_KEY is set to the insecure default value. Set a strong random SECRET_KEY in backend/.env before any production deployment.
2026-09-21 11:24:40,657 - pms - INFO - PRODUCTION_TRACE license storage path=E:\Projects\PMS-Software\backend\licenses\active.lic exists=True
2026-09-21 11:24:44,307 - pms - INFO - Starting Pharmacy Management System backend...
2026-09-21 11:24:45,521 - alembic.runtime.plugins - INFO - setup plugin alembic.autogenerate.schemas
2026-09-21 11:24:45,522 - alembic.runtime.plugins - INFO - setup plugin alembic.autogenerate.tables
2026-09-21 11:24:45,522 - alembic.runtime.plugins - INFO - setup plugin alembic.autogenerate.types
2026-09-21 11:24:45,522 - alembic.runtime.plugins - INFO - setup plugin alembic.autogenerate.constraints
2026-09-21 11:24:45,522 - alembic.runtime.plugins - INFO - setup plugin alembic.autogenerate.defaults
2026-09-21 11:24:45,522 - alembic.runtime.plugins - INFO - setup plugin alembic.autogenerate.comments
2026-09-21 11:24:45,522 - alembic.runtime.plugins - INFO - setup plugin alembic.autogenerate.checkconstraint_byname
2026-09-21 11:24:45,797 - pms - INFO - Database schema already at migration head (2581b6ba3257).
2026-09-21 11:24:46,294 - pms - INFO - Completed startup system notifications synchronization.
2026-09-21 11:24:57,410 - pms - INFO - PRODUCTION_TRACE license status=Active path=E:\Projects\PMS-Software\backend\licenses\active.lic
2026-09-21 11:25:16,643 - pms - INFO - PRODUCTION_TRACE license status=Active path=E:\Projects\PMS-Software\backend\licenses\active.lic
2026-09-21 11:27:44,843 - pms - INFO - PRODUCTION_TRACE license status=Active path=E:\Projects\PMS-Software\backend\licenses\active.lic
2026-09-21 11:27:59,926 - pms - CRITICAL - SECURITY: SECRET_KEY is set to the insecure default value. Set a strong random SECRET_KEY in backend/.env before any production deployment.
2026-09-21 11:28:00,620 - pms - INFO - PRODUCTION_TRACE license storage path=E:\Projects\PMS-Software\backend\licenses\active.lic exists=True
2026-09-21 11:28:03,100 - pms - INFO - Starting Pharmacy Management System backend...
2026-09-21 11:28:04,027 - alembic.runtime.plugins - INFO - setup plugin alembic.autogenerate.schemas
2026-09-21 11:28:04,027 - alembic.runtime.plugins - INFO - setup plugin alembic.autogenerate.tables
2026-09-21 11:28:04,027 - alembic.runtime.plugins - INFO - setup plugin alembic.autogenerate.types
2026-09-21 11:28:04,041 - alembic.runtime.plugins - INFO - setup plugin alembic.autogenerate.constraints
2026-09-21 11:28:04,042 - alembic.runtime.plugins - INFO - setup plugin alembic.autogenerate.defaults
2026-09-21 11:28:04,042 - alembic.runtime.plugins - INFO - setup plugin alembic.autogenerate.comments
2026-09-21 11:28:04,042 - alembic.runtime.plugins - INFO - setup plugin alembic.autogenerate.checkconstraint_byname
2026-09-21 11:28:04,404 - pms - INFO - Database schema already at migration head (2581b6ba3257).
2026-09-21 11:28:04,822 - pms - INFO - Completed startup system notifications synchronization.
2026-09-21 11:28:08,920 - pms - INFO - PRODUCTION_TRACE license status=Active path=E:\Projects\PMS-Software\backend\licenses\active.lic
2026-09-21 11:37:11,102 - pms - CRITICAL - SECURITY: SECRET_KEY is set to the insecure default value. Set a strong random SECRET_KEY in backend/.env before any production deployment.
2026-09-21 11:37:11,649 - pms - INFO - PRODUCTION_TRACE license storage path=E:\Projects\PMS-Software\backend\licenses\active.lic exists=True
2026-09-21 11:37:13,075 - pms - INFO - Starting Pharmacy Management System backend...
2026-09-21 11:37:13,514 - alembic.runtime.plugins - INFO - setup plugin alembic.autogenerate.schemas
2026-09-21 11:37:13,514 - alembic.runtime.plugins - INFO - setup plugin alembic.autogenerate.tables
2026-09-21 11:37:13,514 - alembic.runtime.plugins - INFO - setup plugin alembic.autogenerate.types
2026-09-21 11:37:13,514 - alembic.runtime.plugins - INFO - setup plugin alembic.autogenerate.constraints
2026-09-21 11:37:13,514 - alembic.runtime.plugins - INFO - setup plugin alembic.autogenerate.defaults
2026-09-21 11:37:13,515 - alembic.runtime.plugins - INFO - setup plugin alembic.autogenerate.comments
2026-09-21 11:37:13,515 - alembic.runtime.plugins - INFO - setup plugin alembic.autogenerate.checkconstraint_byname
2026-09-21 11:37:13,684 - pms - INFO - Database schema already at migration head (2581b6ba3257).
2026-09-21 11:37:13,870 - pms - INFO - Completed startup system notifications synchronization.
2026-09-21 11:37:39,717 - pms - INFO - PRODUCTION_TRACE license status=Active path=E:\Projects\PMS-Software\backend\licenses\active.lic
2026-09-21 11:43:53,559 - pms - CRITICAL - SECURITY: SECRET_KEY is set to the insecure default value. Set a strong random SECRET_KEY in backend/.env before any production deployment.
2026-09-21 11:44:33,704 - pms - CRITICAL - SECURITY: SECRET_KEY is set to the insecure default value. Set a strong random SECRET_KEY in backend/.env before any production deployment.
2026-09-21 11:44:34,162 - pms - INFO - PRODUCTION_TRACE license storage path=E:\Projects\PMS-Software\backend\licenses\active.lic exists=True
2026-09-21 11:44:36,466 - pms - INFO - Starting Pharmacy Management System backend...
2026-09-21 11:44:37,491 - alembic.runtime.plugins - INFO - setup plugin alembic.autogenerate.schemas
2026-09-21 11:44:37,491 - alembic.runtime.plugins - INFO - setup plugin alembic.autogenerate.tables
2026-09-21 11:44:37,491 - alembic.runtime.plugins - INFO - setup plugin alembic.autogenerate.types
2026-09-21 11:44:37,492 - alembic.runtime.plugins - INFO - setup plugin alembic.autogenerate.constraints
2026-09-21 11:44:37,492 - alembic.runtime.plugins - INFO - setup plugin alembic.autogenerate.defaults
2026-09-21 11:44:37,492 - alembic.runtime.plugins - INFO - setup plugin alembic.autogenerate.comments
2026-09-21 11:44:37,493 - alembic.runtime.plugins - INFO - setup plugin alembic.autogenerate.checkconstraint_byname
2026-09-21 11:44:37,705 - pms - INFO - Database schema already at migration head (2581b6ba3257).
2026-09-21 11:44:37,959 - pms - INFO - Completed startup system notifications synchronization.
2026-09-21 11:44:43,918 - pms - INFO - PRODUCTION_TRACE license status=Active path=E:\Projects\PMS-Software\backend\licenses\active.lic
2026-09-21 11:46:26,922 - pms - INFO - PRODUCTION_TRACE license status=Active path=E:\Projects\PMS-Software\backend\licenses\active.lic
2026-09-21 12:12:01,401 - pms - INFO - PRODUCTION_TRACE license status=Active path=E:\Projects\PMS-Software\backend\licenses\active.lic
2026-09-21 12:20:21,249 - pms - INFO - PRODUCTION_TRACE license status=Active path=E:\Projects\PMS-Software\backend\licenses\active.lic
2026-09-21 14:02:39,320 - pms - CRITICAL - SECURITY: SECRET_KEY is set to the insecure default value. Set a strong random SECRET_KEY in backend/.env before any production deployment.
2026-09-21 14:02:39,988 - pms - INFO - PRODUCTION_TRACE license storage path=E:\Projects\PMS-Software\backend\licenses\active.lic exists=True
2026-09-21 14:02:42,349 - pms - INFO - Starting Pharmacy Management System backend...
2026-09-21 14:02:43,288 - alembic.runtime.plugins - INFO - setup plugin alembic.autogenerate.schemas
2026-09-21 14:02:43,288 - alembic.runtime.plugins - INFO - setup plugin alembic.autogenerate.tables
2026-09-21 14:02:43,288 - alembic.runtime.plugins - INFO - setup plugin alembic.autogenerate.types
2026-09-21 14:02:43,288 - alembic.runtime.plugins - INFO - setup plugin alembic.autogenerate.constraints
2026-09-21 14:02:43,288 - alembic.runtime.plugins - INFO - setup plugin alembic.autogenerate.defaults
2026-09-21 14:02:43,289 - alembic.runtime.plugins - INFO - setup plugin alembic.autogenerate.comments
2026-09-21 14:02:43,289 - alembic.runtime.plugins - INFO - setup plugin alembic.autogenerate.checkconstraint_byname
2026-09-21 14:02:43,577 - pms - INFO - Database schema already at migration head (2581b6ba3257).
2026-09-21 14:02:43,984 - pms - INFO - Completed startup system notifications synchronization.
2026-09-21 14:03:27,884 - pms - INFO - PRODUCTION_TRACE license status=Active path=E:\Projects\PMS-Software\backend\licenses\active.lic
2026-09-21 14:32:06,906 - pms - INFO - PRODUCTION_TRACE license status=Active path=E:\Projects\PMS-Software\backend\licenses\active.lic
2026-09-21 14:40:03,042 - pms - INFO - PRODUCTION_TRACE license status=Active path=E:\Projects\PMS-Software\backend\licenses\active.lic
2026-09-21 18:50:01,167 - pms - CRITICAL - SECURITY: SECRET_KEY is set to the insecure default value. Set a strong random SECRET_KEY in backend/.env before any production deployment.
2026-09-21 18:50:02,057 - pms - INFO - PRODUCTION_TRACE license storage path=E:\Projects\PMS-Software\backend\licenses\active.lic exists=True
2026-09-21 18:50:03,753 - pms - INFO - Starting Pharmacy Management System backend...
2026-09-21 18:50:04,294 - alembic.runtime.plugins - INFO - setup plugin alembic.autogenerate.schemas
2026-09-21 18:50:04,294 - alembic.runtime.plugins - INFO - setup plugin alembic.autogenerate.tables
2026-09-21 18:50:04,294 - alembic.runtime.plugins - INFO - setup plugin alembic.autogenerate.types
2026-09-21 18:50:04,294 - alembic.runtime.plugins - INFO - setup plugin alembic.autogenerate.constraints
2026-09-21 18:50:04,294 - alembic.runtime.plugins - INFO - setup plugin alembic.autogenerate.defaults
2026-09-21 18:50:04,295 - alembic.runtime.plugins - INFO - setup plugin alembic.autogenerate.comments
2026-09-21 18:50:04,295 - alembic.runtime.plugins - INFO - setup plugin alembic.autogenerate.checkconstraint_byname
2026-09-21 18:50:04,496 - pms - INFO - Database schema already at migration head (2581b6ba3257).
2026-09-21 18:50:04,671 - pms - INFO - Completed startup system notifications synchronization.
2026-09-21 18:50:05,395 - pms - INFO - PRODUCTION_TRACE license status=Active path=E:\Projects\PMS-Software\backend\licenses\active.lic
2026-09-21 18:51:24,872 - pms - CRITICAL - SECURITY: SECRET_KEY is set to the insecure default value. Set a strong random SECRET_KEY in backend/.env before any production deployment.
2026-09-21 18:51:25,664 - pms - INFO - PRODUCTION_TRACE license storage path=E:\Projects\PMS-Software\backend\licenses\active.lic exists=True
2026-09-21 18:51:28,406 - pms - INFO - Starting Pharmacy Management System backend...
2026-09-21 18:51:29,410 - alembic.runtime.plugins - INFO - setup plugin alembic.autogenerate.schemas
2026-09-21 18:51:29,410 - alembic.runtime.plugins - INFO - setup plugin alembic.autogenerate.tables
2026-09-21 18:51:29,410 - alembic.runtime.plugins - INFO - setup plugin alembic.autogenerate.types
2026-09-21 18:51:29,410 - alembic.runtime.plugins - INFO - setup plugin alembic.autogenerate.constraints
2026-09-21 18:51:29,410 - alembic.runtime.plugins - INFO - setup plugin alembic.autogenerate.defaults
2026-09-21 18:51:29,411 - alembic.runtime.plugins - INFO - setup plugin alembic.autogenerate.comments
2026-09-21 18:51:29,411 - alembic.runtime.plugins - INFO - setup plugin alembic.autogenerate.checkconstraint_byname
2026-09-21 18:51:30,066 - pms - INFO - Database schema already at migration head (2581b6ba3257).
2026-09-21 18:51:30,722 - pms - INFO - Completed startup system notifications synchronization.
2026-09-21 19:36:23,222 - pms - CRITICAL - SECURITY: SECRET_KEY is set to the insecure default value. Set a strong random SECRET_KEY in backend/.env before any production deployment.
2026-09-21 19:36:24,075 - pms - INFO - PRODUCTION_TRACE license storage path=E:\Projects\PMS-Software\backend\licenses\active.lic exists=True
2026-09-21 19:36:28,027 - pms - INFO - Starting Pharmacy Management System backend...
2026-09-21 19:36:29,686 - alembic.runtime.plugins - INFO - setup plugin alembic.autogenerate.schemas
2026-09-21 19:36:29,687 - alembic.runtime.plugins - INFO - setup plugin alembic.autogenerate.tables
2026-09-21 19:36:29,687 - alembic.runtime.plugins - INFO - setup plugin alembic.autogenerate.types
2026-09-21 19:36:29,687 - alembic.runtime.plugins - INFO - setup plugin alembic.autogenerate.constraints
2026-09-21 19:36:29,687 - alembic.runtime.plugins - INFO - setup plugin alembic.autogenerate.defaults
2026-09-21 19:36:29,688 - alembic.runtime.plugins - INFO - setup plugin alembic.autogenerate.comments
2026-09-21 19:36:29,688 - alembic.runtime.plugins - INFO - setup plugin alembic.autogenerate.checkconstraint_byname
2026-09-21 19:36:30,497 - pms - INFO - Database schema already at migration head (2581b6ba3257).
2026-09-21 19:36:31,450 - pms - INFO - Completed startup system notifications synchronization.
2026-09-21 19:36:48,207 - pms - INFO - PRODUCTION_TRACE license status=Active path=E:\Projects\PMS-Software\backend\licenses\active.lic
2026-09-21 19:36:52,191 - pms - INFO - PRODUCTION_TRACE license status=Active path=E:\Projects\PMS-Software\backend\licenses\active.lic
2026-09-21 19:36:58,145 - pms - INFO - PRODUCTION_TRACE auth accepted username=admin user_id=1
2026-09-21 19:37:03,651 - pms - INFO - PRODUCTION_TRACE auth accepted username=admin user_id=1
2026-09-21 19:37:03,678 - pms - INFO - AUDIT: [SCREEN_UNLOCKED] Screen unlocked successfully by user (User: admin)
2026-09-21 19:37:10,497 - pms - INFO - PRODUCTION_TRACE license status=Active path=E:\Projects\PMS-Software\backend\licenses\active.lic
2026-09-21 19:41:40,010 - pms - INFO - PRODUCTION_TRACE license status=Active path=E:\Projects\PMS-Software\backend\licenses\active.lic
2026-09-21 19:43:18,805 - pms - INFO - PRODUCTION_TRACE license status=Active path=E:\Projects\PMS-Software\backend\licenses\active.lic
2026-09-21 19:43:19,819 - pms - INFO - PRODUCTION_TRACE license status=Active path=E:\Projects\PMS-Software\backend\licenses\active.lic
2026-09-21 19:46:53,904 - pms - CRITICAL - SECURITY: SECRET_KEY is set to the insecure default value. Set a strong random SECRET_KEY in backend/.env before any production deployment.
2026-09-21 19:46:55,123 - pms - INFO - PRODUCTION_TRACE license storage path=E:\Projects\PMS-Software\backend\licenses\active.lic exists=True
2026-09-21 19:47:00,623 - pms - INFO - Starting Pharmacy Management System backend...
2026-09-21 19:47:02,056 - alembic.runtime.plugins - INFO - setup plugin alembic.autogenerate.schemas
2026-09-21 19:47:02,056 - alembic.runtime.plugins - INFO - setup plugin alembic.autogenerate.tables
2026-09-21 19:47:02,056 - alembic.runtime.plugins - INFO - setup plugin alembic.autogenerate.types
2026-09-21 19:47:02,057 - alembic.runtime.plugins - INFO - setup plugin alembic.autogenerate.constraints
2026-09-21 19:47:02,057 - alembic.runtime.plugins - INFO - setup plugin alembic.autogenerate.defaults
2026-09-21 19:47:02,057 - alembic.runtime.plugins - INFO - setup plugin alembic.autogenerate.comments
2026-09-21 19:47:02,057 - alembic.runtime.plugins - INFO - setup plugin alembic.autogenerate.checkconstraint_byname
2026-09-21 19:47:02,981 - pms - INFO - Database schema already at migration head (2581b6ba3257).
2026-09-21 19:47:03,557 - pms - INFO - Completed startup system notifications synchronization.
2026-09-21 19:47:32,078 - pms - INFO - PRODUCTION_TRACE license status=Active path=E:\Projects\PMS-Software\backend\licenses\active.lic
2026-09-21 21:47:34,848 - pms - INFO - PRODUCTION_TRACE auth accepted username=admin user_id=1
2026-09-21 21:57:53,079 - pms - INFO - PRODUCTION_TRACE license status=Active path=E:\Projects\PMS-Software\backend\licenses\active.lic
2026-09-21 22:01:06,182 - pms - INFO - PRODUCTION_TRACE auth accepted username=admin user_id=1
2026-09-21 22:19:23,327 - pms - INFO - PRODUCTION_TRACE license status=Active path=E:\Projects\PMS-Software\backend\licenses\active.lic
2026-09-21 23:09:07,891 - pms - CRITICAL - SECURITY: SECRET_KEY is set to the insecure default value. Set a strong random SECRET_KEY in backend/.env before any production deployment.
2026-09-21 23:10:16,539 - pms - CRITICAL - SECURITY: SECRET_KEY is set to the insecure default value. Set a strong random SECRET_KEY in backend/.env before any production deployment.
2026-09-21 23:10:18,643 - pms - INFO - PRODUCTION_TRACE license storage path=e:\Projects\PMS-Software\backend\licenses\active.lic exists=True
2026-09-21 23:10:20,611 - pms - INFO - Starting Pharmacy Management System backend...
2026-09-21 23:10:21,013 - alembic.runtime.plugins - INFO - setup plugin alembic.autogenerate.schemas
2026-09-21 23:10:21,013 - alembic.runtime.plugins - INFO - setup plugin alembic.autogenerate.tables
2026-09-21 23:10:21,013 - alembic.runtime.plugins - INFO - setup plugin alembic.autogenerate.types
2026-09-21 23:10:21,013 - alembic.runtime.plugins - INFO - setup plugin alembic.autogenerate.constraints
2026-09-21 23:10:21,013 - alembic.runtime.plugins - INFO - setup plugin alembic.autogenerate.defaults
2026-09-21 23:10:21,013 - alembic.runtime.plugins - INFO - setup plugin alembic.autogenerate.comments
2026-09-21 23:10:21,013 - alembic.runtime.plugins - INFO - setup plugin alembic.autogenerate.checkconstraint_byname
2026-09-21 23:10:21,107 - pms - INFO - Database schema already at migration head (2581b6ba3257).
2026-09-21 23:10:21,230 - pms - INFO - Completed startup system notifications synchronization.
2026-09-22 19:06:57,070 - pms - CRITICAL - SECURITY: SECRET_KEY is set to the insecure default value. Set a strong random SECRET_KEY in backend/.env before any production deployment.
2026-09-22 19:06:57,700 - pms - INFO - PRODUCTION_TRACE license storage path=E:\Projects\PMS-Software\backend\licenses\active.lic exists=True
2026-09-22 19:06:59,392 - pms - INFO - Starting Pharmacy Management System backend...
2026-09-22 19:07:00,916 - alembic.runtime.plugins - INFO - setup plugin alembic.autogenerate.schemas
2026-09-22 19:07:00,916 - alembic.runtime.plugins - INFO - setup plugin alembic.autogenerate.tables
2026-09-22 19:07:00,917 - alembic.runtime.plugins - INFO - setup plugin alembic.autogenerate.types
2026-09-22 19:07:00,917 - alembic.runtime.plugins - INFO - setup plugin alembic.autogenerate.constraints
2026-09-22 19:07:00,917 - alembic.runtime.plugins - INFO - setup plugin alembic.autogenerate.defaults
2026-09-22 19:07:00,917 - alembic.runtime.plugins - INFO - setup plugin alembic.autogenerate.comments
2026-09-22 19:07:00,917 - alembic.runtime.plugins - INFO - setup plugin alembic.autogenerate.checkconstraint_byname
2026-09-22 19:07:01,177 - pms - INFO - Database schema already at migration head (2581b6ba3257).
2026-09-22 19:07:01,383 - pms - INFO - Completed startup system notifications synchronization.
2026-09-22 21:48:06,309 - pms - CRITICAL - SECURITY: SECRET_KEY is set to the insecure default value. Set a strong random SECRET_KEY in backend/.env before any production deployment.
2026-09-22 21:48:06,742 - pms - INFO - PRODUCTION_TRACE license storage path=e:\Projects\PMS-Software\backend\licenses\active.lic exists=True
2026-09-22 21:48:08,217 - httpx - INFO - HTTP Request: POST http://testserver/api/v1/medicines "HTTP/1.1 401 Unauthorized"
2026-09-22 21:50:43,000 - pms - CRITICAL - SECURITY: SECRET_KEY is set to the insecure default value. Set a strong random SECRET_KEY in backend/.env before any production deployment.
2026-09-22 21:50:43,320 - pms - INFO - PRODUCTION_TRACE license storage path=e:\Projects\PMS-Software\backend\licenses\active.lic exists=True
2026-09-22 21:50:44,444 - httpx - INFO - HTTP Request: POST http://testserver/api/v1/medicines "HTTP/1.1 200 OK"
2026-09-22 21:51:40,502 - pms - CRITICAL - SECURITY: SECRET_KEY is set to the insecure default value. Set a strong random SECRET_KEY in backend/.env before any production deployment.
2026-09-22 21:51:40,822 - pms - INFO - PRODUCTION_TRACE license storage path=e:\Projects\PMS-Software\backend\licenses\active.lic exists=True
2026-09-22 21:51:41,972 - httpx - INFO - HTTP Request: POST http://testserver/api/v1/medicines "HTTP/1.1 200 OK"
2026-09-22 21:51:41,992 - httpx - INFO - HTTP Request: PUT http://testserver/api/v1/medicines/108 "HTTP/1.1 200 OK"
2026-09-22 21:52:54,324 - pms - INFO - PRODUCTION_TRACE license status=Active path=E:\Projects\PMS-Software\backend\licenses\active.lic
2026-09-22 22:05:36,707 - pms - CRITICAL - SECURITY: SECRET_KEY is set to the insecure default value. Set a strong random SECRET_KEY in backend/.env before any production deployment.
2026-09-22 22:05:37,216 - pms - INFO - PRODUCTION_TRACE license storage path=E:\Projects\PMS-Software\backend\licenses\active.lic exists=True
2026-09-22 22:05:38,903 - pms - INFO - Starting Pharmacy Management System backend...
2026-09-22 22:05:39,552 - alembic.runtime.plugins - INFO - setup plugin alembic.autogenerate.schemas
2026-09-22 22:05:39,552 - alembic.runtime.plugins - INFO - setup plugin alembic.autogenerate.tables
2026-09-22 22:05:39,552 - alembic.runtime.plugins - INFO - setup plugin alembic.autogenerate.types
2026-09-22 22:05:39,552 - alembic.runtime.plugins - INFO - setup plugin alembic.autogenerate.constraints
2026-09-22 22:05:39,552 - alembic.runtime.plugins - INFO - setup plugin alembic.autogenerate.defaults
2026-09-22 22:05:39,552 - alembic.runtime.plugins - INFO - setup plugin alembic.autogenerate.comments
2026-09-22 22:05:39,553 - alembic.runtime.plugins - INFO - setup plugin alembic.autogenerate.checkconstraint_byname
2026-09-22 22:05:39,685 - pms - INFO - Database schema already at migration head (2581b6ba3257).
2026-09-22 22:05:39,831 - pms - INFO - Completed startup system notifications synchronization.
2026-09-22 22:05:51,687 - pms - INFO - PRODUCTION_TRACE license status=Active path=E:\Projects\PMS-Software\backend\licenses\active.lic
2026-09-22 22:27:12,136 - pms - CRITICAL - SECURITY: SECRET_KEY is set to the insecure default value. Set a strong random SECRET_KEY in backend/.env before any production deployment.
2026-09-22 22:27:12,931 - pms - INFO - PRODUCTION_TRACE license storage path=E:\Projects\PMS-Software\backend\licenses\active.lic exists=True
2026-09-22 22:27:15,431 - pms - INFO - Starting Pharmacy Management System backend...
2026-09-22 22:27:16,487 - alembic.runtime.plugins - INFO - setup plugin alembic.autogenerate.schemas
2026-09-22 22:27:16,487 - alembic.runtime.plugins - INFO - setup plugin alembic.autogenerate.tables
2026-09-22 22:27:16,487 - alembic.runtime.plugins - INFO - setup plugin alembic.autogenerate.types
2026-09-22 22:27:16,487 - alembic.runtime.plugins - INFO - setup plugin alembic.autogenerate.constraints
2026-09-22 22:27:16,488 - alembic.runtime.plugins - INFO - setup plugin alembic.autogenerate.defaults
2026-09-22 22:27:16,488 - alembic.runtime.plugins - INFO - setup plugin alembic.autogenerate.comments
2026-09-22 22:27:16,488 - alembic.runtime.plugins - INFO - setup plugin alembic.autogenerate.checkconstraint_byname
2026-09-22 22:27:16,753 - pms - INFO - Database schema already at migration head (2581b6ba3257).
2026-09-22 22:27:17,003 - pms - INFO - Completed startup system notifications synchronization.
2026-09-22 22:27:20,687 - pms - INFO - PRODUCTION_TRACE license status=Active path=E:\Projects\PMS-Software\backend\licenses\active.lic
2026-09-22 22:37:33,238 - pms - INFO - PRODUCTION_TRACE license status=Active path=E:\Projects\PMS-Software\backend\licenses\active.lic
2026-09-22 22:37:41,884 - pms - WARNING - PRODUCTION_TRACE auth rejected username=admin reason=password-mismatch
2026-09-22 22:37:41,891 - pms - ERROR - PMSException caught: Incorrect username or password (status: 401) | Path: /api/v1/auth/login
2026-09-22 22:37:52,531 - pms - WARNING - PRODUCTION_TRACE auth rejected username=admin reason=password-mismatch
2026-09-22 22:37:52,533 - pms - ERROR - PMSException caught: Incorrect username or password (status: 401) | Path: /api/v1/auth/login
2026-09-22 22:37:58,082 - pms - INFO - PRODUCTION_TRACE auth accepted username=admin user_id=1
2026-09-22 22:43:10,295 - pms - CRITICAL - SECURITY: SECRET_KEY is set to the insecure default value. Set a strong random SECRET_KEY in backend/.env before any production deployment.
2026-09-22 22:43:11,404 - pms - INFO - PRODUCTION_TRACE license storage path=E:\Projects\PMS-Software\backend\licenses\active.lic exists=True
2026-09-22 22:43:15,305 - pms - INFO - Starting Pharmacy Management System backend...
2026-09-22 22:43:17,329 - alembic.runtime.plugins - INFO - setup plugin alembic.autogenerate.schemas
2026-09-22 22:43:17,329 - alembic.runtime.plugins - INFO - setup plugin alembic.autogenerate.tables
2026-09-22 22:43:17,329 - alembic.runtime.plugins - INFO - setup plugin alembic.autogenerate.types
2026-09-22 22:43:17,330 - alembic.runtime.plugins - INFO - setup plugin alembic.autogenerate.constraints
2026-09-22 22:43:17,330 - alembic.runtime.plugins - INFO - setup plugin alembic.autogenerate.defaults
2026-09-22 22:43:17,330 - alembic.runtime.plugins - INFO - setup plugin alembic.autogenerate.comments
2026-09-22 22:43:17,330 - alembic.runtime.plugins - INFO - setup plugin alembic.autogenerate.checkconstraint_byname
2026-09-22 22:43:18,096 - pms - INFO - Database schema already at migration head (2581b6ba3257).
2026-09-22 22:43:18,366 - pms - INFO - Completed startup system notifications synchronization.
2026-09-22 22:43:18,627 - pms - INFO - PRODUCTION_TRACE license status=Active path=E:\Projects\PMS-Software\backend\licenses\active.lic
2026-09-22 22:53:35,688 - pms - INFO - PRODUCTION_TRACE license status=Active path=E:\Projects\PMS-Software\backend\licenses\active.lic
2026-09-22 22:54:14,216 - pms - INFO - PRODUCTION_TRACE license status=Active path=E:\Projects\PMS-Software\backend\licenses\active.lic
2026-09-22 23:01:16,462 - pms - INFO - PRODUCTION_TRACE license status=Active path=E:\Projects\PMS-Software\backend\licenses\active.lic
2026-09-22 23:10:36,868 - pms - INFO - PRODUCTION_TRACE license status=Active path=E:\Projects\PMS-Software\backend\licenses\active.lic
2026-09-22 23:24:22,695 - pms - INFO - PRODUCTION_TRACE license status=Active path=E:\Projects\PMS-Software\backend\licenses\active.lic
2026-09-22 23:29:47,102 - pms - INFO - PRODUCTION_TRACE license status=Active path=E:\Projects\PMS-Software\backend\licenses\active.lic
2026-09-22 23:31:25,436 - pms - INFO - PRODUCTION_TRACE license status=Active path=E:\Projects\PMS-Software\backend\licenses\active.lic
2026-09-22 23:38:53,288 - pms - INFO - PRODUCTION_TRACE license status=Active path=E:\Projects\PMS-Software\backend\licenses\active.lic
2026-09-23 00:00:32,249 - pms - INFO - PRODUCTION_TRACE license status=Active path=E:\Projects\PMS-Software\backend\licenses\active.lic
2026-09-23 00:01:04,837 - pms - INFO - PRODUCTION_TRACE license status=Active path=E:\Projects\PMS-Software\backend\licenses\active.lic
2026-09-23 00:27:43,095 - pms - INFO - PRODUCTION_TRACE license status=Active path=E:\Projects\PMS-Software\backend\licenses\active.lic
2026-09-23 00:30:52,229 - pms - INFO - PRODUCTION_TRACE license status=Active path=E:\Projects\PMS-Software\backend\licenses\active.lic
2026-09-23 00:34:46,076 - pms - INFO - PRODUCTION_TRACE license status=Active path=E:\Projects\PMS-Software\backend\licenses\active.lic
2026-09-23 00:41:34,218 - pms - INFO - PRODUCTION_TRACE license status=Active path=E:\Projects\PMS-Software\backend\licenses\active.lic
2026-09-23 00:43:35,865 - pms - INFO - PRODUCTION_TRACE license status=Active path=E:\Projects\PMS-Software\backend\licenses\active.lic
2026-09-23 01:01:00,662 - pms - INFO - PRODUCTION_TRACE license status=Active path=E:\Projects\PMS-Software\backend\licenses\active.lic
2026-09-23 01:15:35,062 - pms - INFO - PRODUCTION_TRACE license status=Active path=E:\Projects\PMS-Software\backend\licenses\active.lic
2026-09-23 01:39:23,995 - pms - CRITICAL - SECURITY: SECRET_KEY is set to the insecure default value. Set a strong random SECRET_KEY in backend/.env before any production deployment.
2026-09-23 01:39:24,594 - pms - INFO - PRODUCTION_TRACE license storage path=E:\Projects\PMS-Software\backend\licenses\active.lic exists=True
2026-09-23 01:39:26,671 - pms - INFO - Starting Pharmacy Management System backend...
2026-09-23 01:39:27,671 - alembic.runtime.plugins - INFO - setup plugin alembic.autogenerate.schemas
2026-09-23 01:39:27,671 - alembic.runtime.plugins - INFO - setup plugin alembic.autogenerate.tables
2026-09-23 01:39:27,671 - alembic.runtime.plugins - INFO - setup plugin alembic.autogenerate.types
2026-09-23 01:39:27,671 - alembic.runtime.plugins - INFO - setup plugin alembic.autogenerate.constraints
2026-09-23 01:39:27,672 - alembic.runtime.plugins - INFO - setup plugin alembic.autogenerate.defaults
2026-09-23 01:39:27,672 - alembic.runtime.plugins - INFO - setup plugin alembic.autogenerate.comments
2026-09-23 01:39:27,672 - alembic.runtime.plugins - INFO - setup plugin alembic.autogenerate.checkconstraint_byname
2026-09-23 01:39:27,891 - pms - INFO - Database schema already at migration head (2581b6ba3257).
2026-09-23 01:39:28,152 - pms - INFO - Completed startup system notifications synchronization.
2026-09-23 01:39:31,849 - pms - WARNING - PRODUCTION_TRACE auth rejected username=admin reason=password-mismatch
2026-09-23 01:39:31,851 - pms - ERROR - PMSException caught: Incorrect username or password (status: 401) | Path: /api/v1/auth/login
2026-09-23 01:39:34,097 - pms - ERROR - PMSException caught: Invalid authentication credentials (status: 401) | Path: /api/v1/medicines/export
2026-09-23 01:41:02,376 - pms - CRITICAL - SECURITY: SECRET_KEY is set to the insecure default value. Set a strong random SECRET_KEY in backend/.env before any production deployment.
2026-09-23 01:41:02,842 - pms - INFO - PRODUCTION_TRACE license storage path=E:\Projects\PMS-Software\backend\licenses\active.lic exists=True
2026-09-23 01:41:04,328 - pms - INFO - Starting Pharmacy Management System backend...
2026-09-23 01:41:04,732 - alembic.runtime.plugins - INFO - setup plugin alembic.autogenerate.schemas
2026-09-23 01:41:04,732 - alembic.runtime.plugins - INFO - setup plugin alembic.autogenerate.tables
2026-09-23 01:41:04,732 - alembic.runtime.plugins - INFO - setup plugin alembic.autogenerate.types
2026-09-23 01:41:04,732 - alembic.runtime.plugins - INFO - setup plugin alembic.autogenerate.constraints
2026-09-23 01:41:04,732 - alembic.runtime.plugins - INFO - setup plugin alembic.autogenerate.defaults
2026-09-23 01:41:04,732 - alembic.runtime.plugins - INFO - setup plugin alembic.autogenerate.comments
2026-09-23 01:41:04,732 - alembic.runtime.plugins - INFO - setup plugin alembic.autogenerate.checkconstraint_byname
2026-09-23 01:41:04,843 - pms - INFO - Database schema already at migration head (2581b6ba3257).
2026-09-23 01:41:05,021 - pms - INFO - Completed startup system notifications synchronization.
2026-09-23 01:41:24,854 - pms - INFO - PRODUCTION_TRACE license status=Active path=E:\Projects\PMS-Software\backend\licenses\active.lic
2026-09-23 01:58:08,151 - pms - INFO - PRODUCTION_TRACE license status=Active path=E:\Projects\PMS-Software\backend\licenses\active.lic
2026-09-23 01:58:09,200 - pms - INFO - PRODUCTION_TRACE license status=Active path=E:\Projects\PMS-Software\backend\licenses\active.lic
2026-09-23 02:29:03,213 - pms - INFO - AUDIT: [SCREEN_LOCKED] Screen automatically locked due to inactivity (User: admin)
2026-09-23 03:30:05,005 - pms - WARNING - PRODUCTION_TRACE auth rejected username=admin reason=password-mismatch
2026-09-23 03:30:05,016 - pms - ERROR - PMSException caught: Incorrect username or password (status: 401) | Path: /api/v1/auth/login
2026-09-23 03:30:18,365 - pms - WARNING - PRODUCTION_TRACE auth rejected username=admin reason=password-mismatch
2026-09-23 03:30:18,367 - pms - ERROR - PMSException caught: Incorrect username or password (status: 401) | Path: /api/v1/auth/login
2026-09-23 03:30:28,098 - pms - WARNING - PRODUCTION_TRACE auth rejected username=admin reason=password-mismatch
2026-09-23 03:30:28,100 - pms - ERROR - PMSException caught: Incorrect username or password (status: 401) | Path: /api/v1/auth/login
2026-09-23 03:30:33,990 - pms - WARNING - PRODUCTION_TRACE auth rejected username=admin reason=password-mismatch
2026-09-23 03:30:33,992 - pms - ERROR - PMSException caught: Incorrect username or password (status: 401) | Path: /api/v1/auth/login
2026-09-23 03:30:37,106 - pms - WARNING - PRODUCTION_TRACE auth rejected username=admin reason=password-mismatch
2026-09-23 03:30:37,108 - pms - ERROR - PMSException caught: Incorrect username or password (status: 401) | Path: /api/v1/auth/login
2026-09-23 03:31:01,168 - pms - WARNING - PRODUCTION_TRACE auth rejected username=admin reason=password-mismatch
2026-09-23 03:31:01,170 - pms - ERROR - PMSException caught: Incorrect username or password (status: 401) | Path: /api/v1/auth/login
2026-09-23 03:31:10,007 - pms - INFO - PRODUCTION_TRACE license status=Active path=E:\Projects\PMS-Software\backend\licenses\active.lic
2026-09-23 03:31:21,713 - pms - INFO - PRODUCTION_TRACE auth accepted username=admin user_id=1
2026-09-23 03:31:21,732 - pms - INFO - AUDIT: [SCREEN_UNLOCKED] Screen unlocked successfully by user (User: admin)
2026-09-23 11:05:42,809 - pms - CRITICAL - SECURITY: SECRET_KEY is set to the insecure default value. Set a strong random SECRET_KEY in backend/.env before any production deployment.
2026-09-23 11:05:43,443 - pms - INFO - PRODUCTION_TRACE license storage path=E:\Projects\PMS-Software\backend\licenses\active.lic exists=True
2026-09-23 11:05:45,682 - pms - INFO - Starting Pharmacy Management System backend...
2026-09-23 11:05:46,215 - alembic.runtime.plugins - INFO - setup plugin alembic.autogenerate.schemas
2026-09-23 11:05:46,216 - alembic.runtime.plugins - INFO - setup plugin alembic.autogenerate.tables
2026-09-23 11:05:46,216 - alembic.runtime.plugins - INFO - setup plugin alembic.autogenerate.types
2026-09-23 11:05:46,216 - alembic.runtime.plugins - INFO - setup plugin alembic.autogenerate.constraints
2026-09-23 11:05:46,216 - alembic.runtime.plugins - INFO - setup plugin alembic.autogenerate.defaults
2026-09-23 11:05:46,216 - alembic.runtime.plugins - INFO - setup plugin alembic.autogenerate.comments
2026-09-23 11:05:46,216 - alembic.runtime.plugins - INFO - setup plugin alembic.autogenerate.checkconstraint_byname
2026-09-23 11:05:46,430 - pms - INFO - Database schema already at migration head (2581b6ba3257).
2026-09-23 11:05:46,693 - pms - INFO - Completed startup system notifications synchronization.
2026-09-23 11:06:20,308 - pms - INFO - PRODUCTION_TRACE license status=Active path=E:\Projects\PMS-Software\backend\licenses\active.lic
2026-09-23 11:06:26,164 - pms - WARNING - PRODUCTION_TRACE auth rejected username=admin reason=password-mismatch
2026-09-23 11:06:26,179 - pms - ERROR - PMSException caught: Incorrect username or password (status: 401) | Path: /api/v1/auth/login
2026-09-23 11:06:29,848 - pms - INFO - PRODUCTION_TRACE auth accepted username=admin user_id=1
2026-09-23 11:12:34,179 - pms - INFO - PRODUCTION_TRACE license status=Active path=E:\Projects\PMS-Software\backend\licenses\active.lic
2026-09-23 11:39:37,297 - pms - WARNING - PRODUCTION_TRACE auth rejected username=admin reason=password-mismatch
2026-09-23 11:39:37,299 - pms - ERROR - PMSException caught: Incorrect username or password (status: 401) | Path: /api/v1/auth/login
2026-09-23 11:39:42,345 - pms - INFO - PRODUCTION_TRACE auth accepted username=admin user_id=1
2026-09-23 11:58:48,397 - pms - CRITICAL - SECURITY: SECRET_KEY is set to the insecure default value. Set a strong random SECRET_KEY in backend/.env before any production deployment.
2026-09-23 11:58:48,918 - pms - INFO - PRODUCTION_TRACE license storage path=E:\Projects\PMS-Software\backend\licenses\active.lic exists=True
2026-09-23 12:00:12,816 - pms - CRITICAL - SECURITY: SECRET_KEY is set to the insecure default value. Set a strong random SECRET_KEY in backend/.env before any production deployment.
2026-09-23 12:00:13,735 - pms - INFO - PRODUCTION_TRACE license storage path=E:\Projects\PMS-Software\backend\licenses\active.lic exists=True
2026-09-23 12:02:29,835 - pms - CRITICAL - SECURITY: SECRET_KEY is set to the insecure default value. Set a strong random SECRET_KEY in backend/.env before any production deployment.
2026-09-23 12:02:30,257 - pms - INFO - PRODUCTION_TRACE license storage path=E:\Projects\PMS-Software\backend\licenses\active.lic exists=True
2026-09-23 12:03:14,095 - pms - CRITICAL - SECURITY: SECRET_KEY is set to the insecure default value. Set a strong random SECRET_KEY in backend/.env before any production deployment.
2026-09-23 12:03:14,955 - pms - CRITICAL - SECURITY: SECRET_KEY is set to the insecure default value. Set a strong random SECRET_KEY in backend/.env before any production deployment.
2026-09-23 12:03:15,038 - pms - INFO - PRODUCTION_TRACE license storage path=E:\Projects\PMS-Software\backend\licenses\active.lic exists=True
2026-09-23 12:03:15,526 - pms - INFO - PRODUCTION_TRACE license storage path=E:\Projects\PMS-Software\backend\licenses\active.lic exists=True
2026-09-23 12:03:17,845 - pms - INFO - Starting Pharmacy Management System backend...
2026-09-23 12:03:18,126 - pms - INFO - Starting Pharmacy Management System backend...
2026-09-23 12:03:18,418 - alembic.runtime.plugins - INFO - setup plugin alembic.autogenerate.schemas
2026-09-23 12:03:18,418 - alembic.runtime.plugins - INFO - setup plugin alembic.autogenerate.tables
2026-09-23 12:03:18,419 - alembic.runtime.plugins - INFO - setup plugin alembic.autogenerate.types
2026-09-23 12:03:18,419 - alembic.runtime.plugins - INFO - setup plugin alembic.autogenerate.constraints
2026-09-23 12:03:18,419 - alembic.runtime.plugins - INFO - setup plugin alembic.autogenerate.defaults
2026-09-23 12:03:18,419 - alembic.runtime.plugins - INFO - setup plugin alembic.autogenerate.comments
2026-09-23 12:03:18,419 - alembic.runtime.plugins - INFO - setup plugin alembic.autogenerate.checkconstraint_byname
2026-09-23 12:03:18,707 - pms - INFO - Database schema already at migration head (a3f8c9d2e1b4).
2026-09-23 12:03:19,192 - pms - INFO - Completed startup system notifications synchronization.
2026-09-23 12:03:19,446 - alembic.runtime.plugins - INFO - setup plugin alembic.autogenerate.schemas
2026-09-23 12:03:19,446 - alembic.runtime.plugins - INFO - setup plugin alembic.autogenerate.tables
2026-09-23 12:03:19,446 - alembic.runtime.plugins - INFO - setup plugin alembic.autogenerate.types
2026-09-23 12:03:19,446 - alembic.runtime.plugins - INFO - setup plugin alembic.autogenerate.constraints
2026-09-23 12:03:19,447 - alembic.runtime.plugins - INFO - setup plugin alembic.autogenerate.defaults
2026-09-23 12:03:19,447 - alembic.runtime.plugins - INFO - setup plugin alembic.autogenerate.comments
2026-09-23 12:03:19,447 - alembic.runtime.plugins - INFO - setup plugin alembic.autogenerate.checkconstraint_byname
2026-09-23 12:03:19,719 - pms - INFO - Database schema already at migration head (a3f8c9d2e1b4).
2026-09-23 12:03:19,867 - pms - INFO - Completed startup system notifications synchronization.
2026-09-23 12:03:20,217 - pms - INFO - PRODUCTION_TRACE license status=Active path=E:\Projects\PMS-Software\backend\licenses\active.lic
2026-09-23 12:04:59,309 - pms - CRITICAL - SECURITY: SECRET_KEY is set to the insecure default value. Set a strong random SECRET_KEY in backend/.env before any production deployment.
2026-09-23 12:04:59,750 - pms - INFO - PRODUCTION_TRACE license storage path=E:\Projects\PMS-Software\backend\licenses\active.lic exists=True
2026-09-23 12:05:01,209 - pms - INFO - Starting Pharmacy Management System backend...
2026-09-23 12:05:01,695 - alembic.runtime.plugins - INFO - setup plugin alembic.autogenerate.schemas
2026-09-23 12:05:01,696 - alembic.runtime.plugins - INFO - setup plugin alembic.autogenerate.tables
2026-09-23 12:05:01,696 - alembic.runtime.plugins - INFO - setup plugin alembic.autogenerate.types
2026-09-23 12:05:01,696 - alembic.runtime.plugins - INFO - setup plugin alembic.autogenerate.constraints
2026-09-23 12:05:01,696 - alembic.runtime.plugins - INFO - setup plugin alembic.autogenerate.defaults
2026-09-23 12:05:01,696 - alembic.runtime.plugins - INFO - setup plugin alembic.autogenerate.comments
2026-09-23 12:05:01,697 - alembic.runtime.plugins - INFO - setup plugin alembic.autogenerate.checkconstraint_byname
2026-09-23 12:05:01,826 - pms - INFO - Database schema already at migration head (a3f8c9d2e1b4).
2026-09-23 12:05:02,041 - pms - INFO - Completed startup system notifications synchronization.
2026-09-23 12:05:36,874 - pms - CRITICAL - SECURITY: SECRET_KEY is set to the insecure default value. Set a strong random SECRET_KEY in backend/.env before any production deployment.
2026-09-23 12:05:37,311 - pms - INFO - PRODUCTION_TRACE license storage path=E:\Projects\PMS-Software\backend\licenses\active.lic exists=True
2026-09-23 12:05:38,694 - pms - INFO - Starting Pharmacy Management System backend...
2026-09-23 12:05:39,089 - alembic.runtime.plugins - INFO - setup plugin alembic.autogenerate.schemas
2026-09-23 12:05:39,090 - alembic.runtime.plugins - INFO - setup plugin alembic.autogenerate.tables
2026-09-23 12:05:39,090 - alembic.runtime.plugins - INFO - setup plugin alembic.autogenerate.types
2026-09-23 12:05:39,090 - alembic.runtime.plugins - INFO - setup plugin alembic.autogenerate.constraints
2026-09-23 12:05:39,090 - alembic.runtime.plugins - INFO - setup plugin alembic.autogenerate.defaults
2026-09-23 12:05:39,090 - alembic.runtime.plugins - INFO - setup plugin alembic.autogenerate.comments
2026-09-23 12:05:39,090 - alembic.runtime.plugins - INFO - setup plugin alembic.autogenerate.checkconstraint_byname
2026-09-23 12:05:39,269 - pms - INFO - Database schema already at migration head (a3f8c9d2e1b4).
2026-09-23 12:05:39,500 - pms - INFO - Completed startup system notifications synchronization.
2026-09-23 12:05:56,153 - pms - CRITICAL - SECURITY: SECRET_KEY is set to the insecure default value. Set a strong random SECRET_KEY in backend/.env before any production deployment.
2026-09-23 12:05:56,573 - pms - INFO - PRODUCTION_TRACE license storage path=E:\Projects\PMS-Software\backend\licenses\active.lic exists=True
2026-09-23 12:05:57,918 - pms - INFO - Starting Pharmacy Management System backend...
2026-09-23 12:05:58,307 - alembic.runtime.plugins - INFO - setup plugin alembic.autogenerate.schemas
2026-09-23 12:05:58,308 - alembic.runtime.plugins - INFO - setup plugin alembic.autogenerate.tables
2026-09-23 12:05:58,308 - alembic.runtime.plugins - INFO - setup plugin alembic.autogenerate.types
2026-09-23 12:05:58,308 - alembic.runtime.plugins - INFO - setup plugin alembic.autogenerate.constraints
2026-09-23 12:05:58,308 - alembic.runtime.plugins - INFO - setup plugin alembic.autogenerate.defaults
2026-09-23 12:05:58,308 - alembic.runtime.plugins - INFO - setup plugin alembic.autogenerate.comments
2026-09-23 12:05:58,308 - alembic.runtime.plugins - INFO - setup plugin alembic.autogenerate.checkconstraint_byname
2026-09-23 12:05:58,419 - pms - INFO - Database schema already at migration head (a3f8c9d2e1b4).
2026-09-23 12:05:58,606 - pms - INFO - Completed startup system notifications synchronization.
2026-09-23 12:07:01,825 - pms - CRITICAL - SECURITY: SECRET_KEY is set to the insecure default value. Set a strong random SECRET_KEY in backend/.env before any production deployment.
2026-09-23 12:07:02,248 - pms - INFO - PRODUCTION_TRACE license storage path=E:\Projects\PMS-Software\backend\licenses\active.lic exists=True
2026-09-23 12:07:03,780 - pms - INFO - Starting Pharmacy Management System backend...
2026-09-23 12:07:04,743 - alembic.runtime.plugins - INFO - setup plugin alembic.autogenerate.schemas
2026-09-23 12:07:04,744 - alembic.runtime.plugins - INFO - setup plugin alembic.autogenerate.tables
2026-09-23 12:07:04,744 - alembic.runtime.plugins - INFO - setup plugin alembic.autogenerate.types
2026-09-23 12:07:04,745 - alembic.runtime.plugins - INFO - setup plugin alembic.autogenerate.constraints
2026-09-23 12:07:04,745 - alembic.runtime.plugins - INFO - setup plugin alembic.autogenerate.defaults
2026-09-23 12:07:04,745 - alembic.runtime.plugins - INFO - setup plugin alembic.autogenerate.comments
2026-09-23 12:07:04,746 - alembic.runtime.plugins - INFO - setup plugin alembic.autogenerate.checkconstraint_byname
2026-09-23 12:07:05,174 - pms - INFO - Database schema already at migration head (a3f8c9d2e1b4).
2026-09-23 12:07:05,431 - pms - INFO - Completed startup system notifications synchronization.
2026-09-23 12:07:52,940 - pms - CRITICAL - SECURITY: SECRET_KEY is set to the insecure default value. Set a strong random SECRET_KEY in backend/.env before any production deployment.
2026-09-23 12:07:53,325 - pms - INFO - PRODUCTION_TRACE license storage path=E:\Projects\PMS-Software\backend\licenses\active.lic exists=True
2026-09-23 12:07:54,536 - pms - INFO - Starting Pharmacy Management System backend...
2026-09-23 12:07:54,971 - alembic.runtime.plugins - INFO - setup plugin alembic.autogenerate.schemas
2026-09-23 12:07:54,972 - alembic.runtime.plugins - INFO - setup plugin alembic.autogenerate.tables
2026-09-23 12:07:54,972 - alembic.runtime.plugins - INFO - setup plugin alembic.autogenerate.types
2026-09-23 12:07:54,972 - alembic.runtime.plugins - INFO - setup plugin alembic.autogenerate.constraints
2026-09-23 12:07:54,972 - alembic.runtime.plugins - INFO - setup plugin alembic.autogenerate.defaults
2026-09-23 12:07:54,973 - alembic.runtime.plugins - INFO - setup plugin alembic.autogenerate.comments
2026-09-23 12:07:54,973 - alembic.runtime.plugins - INFO - setup plugin alembic.autogenerate.checkconstraint_byname
2026-09-23 12:07:55,094 - pms - INFO - Database schema already at migration head (a3f8c9d2e1b4).
2026-09-23 12:07:55,270 - pms - INFO - Completed startup system notifications synchronization.
2026-09-23 12:08:25,725 - pms - CRITICAL - SECURITY: SECRET_KEY is set to the insecure default value. Set a strong random SECRET_KEY in backend/.env before any production deployment.
2026-09-23 12:08:26,108 - pms - INFO - PRODUCTION_TRACE license storage path=E:\Projects\PMS-Software\backend\licenses\active.lic exists=True
2026-09-23 12:08:28,235 - pms - INFO - Starting Pharmacy Management System backend...
2026-09-23 12:08:30,058 - alembic.runtime.plugins - INFO - setup plugin alembic.autogenerate.schemas
2026-09-23 12:08:30,058 - alembic.runtime.plugins - INFO - setup plugin alembic.autogenerate.tables
2026-09-23 12:08:30,058 - alembic.runtime.plugins - INFO - setup plugin alembic.autogenerate.types
2026-09-23 12:08:30,059 - alembic.runtime.plugins - INFO - setup plugin alembic.autogenerate.constraints
2026-09-23 12:08:30,059 - alembic.runtime.plugins - INFO - setup plugin alembic.autogenerate.defaults
2026-09-23 12:08:30,059 - alembic.runtime.plugins - INFO - setup plugin alembic.autogenerate.comments
2026-09-23 12:08:30,059 - alembic.runtime.plugins - INFO - setup plugin alembic.autogenerate.checkconstraint_byname
2026-09-23 12:08:30,338 - pms - INFO - Database schema already at migration head (a3f8c9d2e1b4).
2026-09-23 12:08:30,586 - pms - INFO - Completed startup system notifications synchronization.
2026-09-23 13:18:46,103 - pms - CRITICAL - SECURITY: SECRET_KEY is set to the insecure default value. Set a strong random SECRET_KEY in backend/.env before any production deployment.
2026-09-23 13:18:46,932 - pms - INFO - PRODUCTION_TRACE license storage path=E:\Projects\PMS-Software\backend\licenses\active.lic exists=True
2026-09-23 13:18:49,694 - pms - INFO - Starting Pharmacy Management System backend...
2026-09-23 13:18:50,832 - alembic.runtime.plugins - INFO - setup plugin alembic.autogenerate.schemas
2026-09-23 13:18:50,833 - alembic.runtime.plugins - INFO - setup plugin alembic.autogenerate.tables
2026-09-23 13:18:50,833 - alembic.runtime.plugins - INFO - setup plugin alembic.autogenerate.types
2026-09-23 13:18:50,833 - alembic.runtime.plugins - INFO - setup plugin alembic.autogenerate.constraints
2026-09-23 13:18:50,833 - alembic.runtime.plugins - INFO - setup plugin alembic.autogenerate.defaults
2026-09-23 13:18:50,834 - alembic.runtime.plugins - INFO - setup plugin alembic.autogenerate.comments
2026-09-23 13:18:50,834 - alembic.runtime.plugins - INFO - setup plugin alembic.autogenerate.checkconstraint_byname
2026-09-23 13:18:50,953 - pms - INFO - Database schema already at migration head (a3f8c9d2e1b4).
2026-09-23 13:18:51,140 - pms - INFO - Completed startup system notifications synchronization.
2026-09-23 13:25:13,334 - pms - CRITICAL - SECURITY: SECRET_KEY is set to the insecure default value. Set a strong random SECRET_KEY in backend/.env before any production deployment.
2026-09-23 13:25:14,312 - pms - INFO - PRODUCTION_TRACE license storage path=E:\Projects\PMS-Software\backend\licenses\active.lic exists=True
2026-09-23 13:25:18,347 - pms - INFO - Starting Pharmacy Management System backend...
2026-09-23 13:25:19,210 - alembic.runtime.plugins - INFO - setup plugin alembic.autogenerate.schemas
2026-09-23 13:25:19,211 - alembic.runtime.plugins - INFO - setup plugin alembic.autogenerate.tables
2026-09-23 13:25:19,211 - alembic.runtime.plugins - INFO - setup plugin alembic.autogenerate.types
2026-09-23 13:25:19,212 - alembic.runtime.plugins - INFO - setup plugin alembic.autogenerate.constraints
2026-09-23 13:25:19,213 - alembic.runtime.plugins - INFO - setup plugin alembic.autogenerate.defaults
2026-09-23 13:25:19,213 - alembic.runtime.plugins - INFO - setup plugin alembic.autogenerate.comments
2026-09-23 13:25:19,213 - alembic.runtime.plugins - INFO - setup plugin alembic.autogenerate.checkconstraint_byname
2026-09-23 13:25:19,519 - pms - INFO - Database schema already at migration head (a3f8c9d2e1b4).
2026-09-23 13:25:19,878 - pms - INFO - Completed startup system notifications synchronization.
2026-09-23 13:26:07,320 - pms - INFO - PRODUCTION_TRACE license status=Active path=E:\Projects\PMS-Software\backend\licenses\active.lic
2026-09-23 13:26:17,918 - pms - WARNING - PRODUCTION_TRACE auth rejected username=admin reason=password-mismatch
2026-09-23 13:26:17,931 - pms - ERROR - PMSException caught: Incorrect username or password (status: 401) | Path: /api/v1/auth/login
2026-09-23 13:26:21,746 - pms - INFO - PRODUCTION_TRACE auth accepted username=admin user_id=1
2026-09-23 13:30:20,508 - pms - INFO - PRODUCTION_TRACE license status=Active path=E:\Projects\PMS-Software\backend\licenses\active.lic
2026-09-23 13:36:02,237 - pms - INFO - PRODUCTION_TRACE license status=Active path=E:\Projects\PMS-Software\backend\licenses\active.lic
2026-09-23 13:39:13,651 - pms - INFO - PRODUCTION_TRACE license status=Active path=E:\Projects\PMS-Software\backend\licenses\active.lic
2026-09-23 13:48:30,100 - pms - CRITICAL - SECURITY: SECRET_KEY is set to the insecure default value. Set a strong random SECRET_KEY in backend/.env before any production deployment.
2026-09-23 13:48:30,913 - pms - INFO - PRODUCTION_TRACE license storage path=E:\Projects\PMS-Software\backend\licenses\active.lic exists=True
2026-09-23 13:48:34,058 - pms - INFO - Starting Pharmacy Management System backend...
2026-09-23 13:48:35,346 - alembic.runtime.plugins - INFO - setup plugin alembic.autogenerate.schemas
2026-09-23 13:48:35,347 - alembic.runtime.plugins - INFO - setup plugin alembic.autogenerate.tables
2026-09-23 13:48:35,347 - alembic.runtime.plugins - INFO - setup plugin alembic.autogenerate.types
2026-09-23 13:48:35,347 - alembic.runtime.plugins - INFO - setup plugin alembic.autogenerate.constraints
2026-09-23 13:48:35,347 - alembic.runtime.plugins - INFO - setup plugin alembic.autogenerate.defaults
2026-09-23 13:48:35,347 - alembic.runtime.plugins - INFO - setup plugin alembic.autogenerate.comments
2026-09-23 13:48:35,347 - alembic.runtime.plugins - INFO - setup plugin alembic.autogenerate.checkconstraint_byname
2026-09-23 13:48:35,714 - pms - INFO - Database schema already at migration head (a3f8c9d2e1b4).
2026-09-23 13:48:36,076 - pms - INFO - Completed startup system notifications synchronization.
2026-09-23 13:48:47,177 - pms - INFO - PRODUCTION_TRACE license status=Active path=E:\Projects\PMS-Software\backend\licenses\active.lic
2026-09-23 13:48:57,336 - pms - INFO - PRODUCTION_TRACE auth accepted username=admin user_id=1
2026-09-23 13:49:00,783 - pms - INFO - PRODUCTION_TRACE license status=Active path=E:\Projects\PMS-Software\backend\licenses\active.lic
2026-09-23 13:56:01,544 - pms - INFO - PRODUCTION_TRACE license status=Active path=E:\Projects\PMS-Software\backend\licenses\active.lic
2026-09-23 13:57:05,013 - pms - INFO - PRODUCTION_TRACE license status=Active path=E:\Projects\PMS-Software\backend\licenses\active.lic
2026-09-23 13:57:38,419 - pms - INFO - PRODUCTION_TRACE license status=Active path=E:\Projects\PMS-Software\backend\licenses\active.lic
2026-09-23 14:00:31,459 - pms - INFO - Database Backup Executed | Type: Manual | File: Backup_23_09_2026_140011.zip | Size: 36874 bytes | Status: Success
2026-09-23 14:01:21,994 - pms - WARNING - Safe Data Reset | Auth Failed | User: admin
2026-09-23 14:01:23,609 - pms - INFO - Clear Temp Data | User: admin | Deleted 4 files | Reclaimed: 1.76 KB
2026-09-23 14:01:27,346 - pms - INFO - PRODUCTION_TRACE license status=Active path=E:\Projects\PMS-Software\backend\licenses\active.lic
2026-09-23 14:01:55,698 - pms - INFO - Safe Data Reset | SUCCESS | User: admin | Snapshot: pre_reset_snapshot_20260923_140155.sqlite
2026-09-23 14:02:07,287 - pms - INFO - PRODUCTION_TRACE license status=Active path=E:\Projects\PMS-Software\backend\licenses\active.lic
2026-09-23 14:03:11,735 - pms - INFO - AUDIT: User admin imported 35 categories. Skipped: 0. Errors: 0
2026-09-23 14:03:45,818 - pms - INFO - AUDIT: User admin imported 26 companies. Skipped: 0. Errors: 0
2026-09-23 14:04:05,859 - pms - INFO - AUDIT: User admin imported 25 suppliers. Skipped: 0. Errors: 0
2026-09-23 14:04:14,395 - pms - INFO - AUDIT: User admin imported 25 customers. Skipped: 0. Errors: 0
2026-09-23 14:04:19,728 - pms - INFO - PRODUCTION_TRACE license status=Active path=E:\Projects\PMS-Software\backend\licenses\active.lic
2026-09-23 14:13:49,698 - pms - INFO - PRODUCTION_TRACE license status=Active path=E:\Projects\PMS-Software\backend\licenses\active.lic
2026-09-23 14:15:19,496 - pms - INFO - PRODUCTION_TRACE license status=Active path=E:\Projects\PMS-Software\backend\licenses\active.lic
2026-09-23 14:18:08,736 - pms - INFO - PRODUCTION_TRACE license status=Active path=E:\Projects\PMS-Software\backend\licenses\active.lic
2026-09-23 14:20:30,919 - pms - INFO - PRODUCTION_TRACE license status=Active path=E:\Projects\PMS-Software\backend\licenses\active.lic
2026-09-23 14:20:49,098 - pms - INFO - PRODUCTION_TRACE license status=Active path=E:\Projects\PMS-Software\backend\licenses\active.lic
2026-09-23 14:30:19,616 - pms - INFO - PRODUCTION_TRACE license status=Active path=E:\Projects\PMS-Software\backend\licenses\active.lic
2026-09-23 14:35:24,514 - pms - INFO - PRODUCTION_TRACE license status=Active path=E:\Projects\PMS-Software\backend\licenses\active.lic
2026-09-23 14:36:21,909 - pms - INFO - PRODUCTION_TRACE license status=Active path=E:\Projects\PMS-Software\backend\licenses\active.lic
2026-09-23 14:36:38,672 - pms - INFO - PRODUCTION_TRACE license status=Active path=E:\Projects\PMS-Software\backend\licenses\active.lic
2026-09-23 14:36:54,076 - pms - INFO - PRODUCTION_TRACE license status=Active path=E:\Projects\PMS-Software\backend\licenses\active.lic
2026-09-23 14:37:25,916 - pms - INFO - PRODUCTION_TRACE license status=Active path=E:\Projects\PMS-Software\backend\licenses\active.lic
2026-09-23 14:38:17,173 - pms - INFO - PRODUCTION_TRACE license status=Active path=E:\Projects\PMS-Software\backend\licenses\active.lic
2026-09-23 14:46:56,625 - pms - INFO - PRODUCTION_TRACE license status=Active path=E:\Projects\PMS-Software\backend\licenses\active.lic
2026-09-23 14:47:09,397 - pms - INFO - PRODUCTION_TRACE license status=Active path=E:\Projects\PMS-Software\backend\licenses\active.lic
2026-09-23 14:47:17,514 - pms - INFO - PRODUCTION_TRACE license status=Active path=E:\Projects\PMS-Software\backend\licenses\active.lic
2026-09-23 14:47:37,837 - pms - INFO - PRODUCTION_TRACE license status=Active path=E:\Projects\PMS-Software\backend\licenses\active.lic
2026-09-23 14:48:52,271 - pms - INFO - PRODUCTION_TRACE license status=Active path=E:\Projects\PMS-Software\backend\licenses\active.lic
2026-09-23 14:49:45,411 - pms - INFO - PRODUCTION_TRACE license status=Active path=E:\Projects\PMS-Software\backend\licenses\active.lic
2026-09-23 14:51:50,521 - pms - INFO - PRODUCTION_TRACE license status=Active path=E:\Projects\PMS-Software\backend\licenses\active.lic
2026-09-23 14:53:19,026 - pms - INFO - PRODUCTION_TRACE license status=Active path=E:\Projects\PMS-Software\backend\licenses\active.lic
2026-09-23 14:56:02,473 - pms - INFO - PRODUCTION_TRACE license status=Active path=E:\Projects\PMS-Software\backend\licenses\active.lic
2026-09-23 15:07:38,618 - pms - INFO - PRODUCTION_TRACE license status=Active path=E:\Projects\PMS-Software\backend\licenses\active.lic
2026-09-23 15:08:22,509 - pms - INFO - PRODUCTION_TRACE license status=Active path=E:\Projects\PMS-Software\backend\licenses\active.lic
2026-09-23 15:13:09,587 - pms - INFO - PRODUCTION_TRACE license status=Active path=E:\Projects\PMS-Software\backend\licenses\active.lic
2026-09-23 15:16:23,297 - pms - INFO - PRODUCTION_TRACE license status=Active path=E:\Projects\PMS-Software\backend\licenses\active.lic
2026-09-23 15:31:17,498 - pms - INFO - PRODUCTION_TRACE license status=Active path=E:\Projects\PMS-Software\backend\licenses\active.lic
2026-09-23 16:55:30,442 - pms - CRITICAL - SECURITY: SECRET_KEY is set to the insecure default value. Set a strong random SECRET_KEY in backend/.env before any production deployment.
2026-09-23 16:56:07,272 - pms - CRITICAL - SECURITY: SECRET_KEY is set to the insecure default value. Set a strong random SECRET_KEY in backend/.env before any production deployment.
2026-09-23 16:56:48,016 - pms - CRITICAL - SECURITY: SECRET_KEY is set to the insecure default value. Set a strong random SECRET_KEY in backend/.env before any production deployment.
2026-09-23 16:57:26,830 - pms - CRITICAL - SECURITY: SECRET_KEY is set to the insecure default value. Set a strong random SECRET_KEY in backend/.env before any production deployment.
2026-09-23 16:57:54,790 - pms - CRITICAL - SECURITY: SECRET_KEY is set to the insecure default value. Set a strong random SECRET_KEY in backend/.env before any production deployment.
2026-09-23 16:58:58,940 - pms - CRITICAL - SECURITY: SECRET_KEY is set to the insecure default value. Set a strong random SECRET_KEY in backend/.env before any production deployment.
2026-09-23 16:59:35,806 - pms - CRITICAL - SECURITY: SECRET_KEY is set to the insecure default value. Set a strong random SECRET_KEY in backend/.env before any production deployment.
2026-09-23 17:00:09,713 - pms - CRITICAL - SECURITY: SECRET_KEY is set to the insecure default value. Set a strong random SECRET_KEY in backend/.env before any production deployment.
2026-09-23 17:00:45,383 - pms - CRITICAL - SECURITY: SECRET_KEY is set to the insecure default value. Set a strong random SECRET_KEY in backend/.env before any production deployment.
2026-09-23 17:01:27,864 - pms - CRITICAL - SECURITY: SECRET_KEY is set to the insecure default value. Set a strong random SECRET_KEY in backend/.env before any production deployment.
2026-09-23 17:01:28,356 - pms - INFO - PRODUCTION_TRACE license storage path=E:\Projects\PMS-Software\backend\licenses\active.lic exists=True
2026-09-23 17:01:30,367 - pms - INFO - Starting Pharmacy Management System backend...
2026-09-23 17:01:31,817 - alembic.runtime.plugins - INFO - setup plugin alembic.autogenerate.schemas
2026-09-23 17:01:31,817 - alembic.runtime.plugins - INFO - setup plugin alembic.autogenerate.tables
2026-09-23 17:01:31,818 - alembic.runtime.plugins - INFO - setup plugin alembic.autogenerate.types
2026-09-23 17:01:31,818 - alembic.runtime.plugins - INFO - setup plugin alembic.autogenerate.constraints
2026-09-23 17:01:31,818 - alembic.runtime.plugins - INFO - setup plugin alembic.autogenerate.defaults
2026-09-23 17:01:31,818 - alembic.runtime.plugins - INFO - setup plugin alembic.autogenerate.comments
2026-09-23 17:01:31,819 - alembic.runtime.plugins - INFO - setup plugin alembic.autogenerate.checkconstraint_byname
2026-09-23 17:01:32,339 - pms - INFO - Database schema already at migration head (a3f8c9d2e1b4).
2026-09-23 17:01:32,814 - pms - INFO - Completed startup system notifications synchronization.
2026-09-23 17:01:51,700 - pms - INFO - PRODUCTION_TRACE license status=Active path=E:\Projects\PMS-Software\backend\licenses\active.lic
2026-09-23 17:01:59,887 - pms - INFO - PRODUCTION_TRACE license status=Active path=E:\Projects\PMS-Software\backend\licenses\active.lic
2026-09-23 17:02:04,590 - pms - WARNING - PRODUCTION_TRACE auth rejected username=admin reason=password-mismatch
2026-09-23 17:02:04,600 - pms - ERROR - PMSException caught: Incorrect username or password (status: 401) | Path: /api/v1/auth/login
2026-09-23 17:02:08,011 - pms - WARNING - PRODUCTION_TRACE auth rejected username=admin reason=password-mismatch
2026-09-23 17:02:08,013 - pms - ERROR - PMSException caught: Incorrect username or password (status: 401) | Path: /api/v1/auth/login
2026-09-23 17:02:11,201 - pms - WARNING - PRODUCTION_TRACE auth rejected username=admin reason=password-mismatch
2026-09-23 17:02:11,203 - pms - ERROR - PMSException caught: Incorrect username or password (status: 401) | Path: /api/v1/auth/login
2026-09-23 17:02:17,146 - pms - INFO - PRODUCTION_TRACE auth accepted username=admin user_id=1
2026-09-23 17:03:57,011 - pms - WARNING - Safe Data Reset | Could not clear table 'stock_batches': (sqlite3.IntegrityError) FOREIGN KEY constraint failed
[SQL: DELETE FROM stock_batches;]
(Background on this error at: https://sqlalche.me/e/20/gkpj)
2026-09-23 17:03:57,014 - pms - WARNING - Safe Data Reset | Could not clear table 'medicines': (sqlite3.IntegrityError) FOREIGN KEY constraint failed
[SQL: DELETE FROM medicines;]
(Background on this error at: https://sqlalche.me/e/20/gkpj)
2026-09-23 17:03:57,017 - pms - WARNING - Safe Data Reset | Could not clear table 'companies': (sqlite3.IntegrityError) FOREIGN KEY constraint failed
[SQL: DELETE FROM companies;]
(Background on this error at: https://sqlalche.me/e/20/gkpj)
2026-09-23 17:03:57,019 - pms - WARNING - Safe Data Reset | Could not clear table 'categories': (sqlite3.IntegrityError) FOREIGN KEY constraint failed
[SQL: DELETE FROM categories;]
(Background on this error at: https://sqlalche.me/e/20/gkpj)
2026-09-23 17:03:57,060 - pms - INFO - Safe Data Reset | SUCCESS | User: admin | Snapshot: pre_reset_snapshot_20260923_170356.sqlite
2026-09-23 17:04:02,816 - pms - INFO - PRODUCTION_TRACE license status=Active path=E:\Projects\PMS-Software\backend\licenses\active.lic
2026-09-23 17:04:16,949 - pms - INFO - PRODUCTION_TRACE license status=Active path=E:\Projects\PMS-Software\backend\licenses\active.lic
2026-09-23 17:04:55,748 - pms - WARNING - Safe Data Reset | Could not clear table 'stock_batches': (sqlite3.IntegrityError) FOREIGN KEY constraint failed
[SQL: DELETE FROM stock_batches;]
(Background on this error at: https://sqlalche.me/e/20/gkpj)
2026-09-23 17:04:55,750 - pms - WARNING - Safe Data Reset | Could not clear table 'medicines': (sqlite3.IntegrityError) FOREIGN KEY constraint failed
[SQL: DELETE FROM medicines;]
(Background on this error at: https://sqlalche.me/e/20/gkpj)
2026-09-23 17:04:55,752 - pms - WARNING - Safe Data Reset | Could not clear table 'companies': (sqlite3.IntegrityError) FOREIGN KEY constraint failed
[SQL: DELETE FROM companies;]
(Background on this error at: https://sqlalche.me/e/20/gkpj)
2026-09-23 17:04:55,754 - pms - WARNING - Safe Data Reset | Could not clear table 'categories': (sqlite3.IntegrityError) FOREIGN KEY constraint failed
[SQL: DELETE FROM categories;]
(Background on this error at: https://sqlalche.me/e/20/gkpj)
2026-09-23 17:04:55,791 - pms - INFO - Safe Data Reset | SUCCESS | User: admin | Snapshot: pre_reset_snapshot_20260923_170455.sqlite
2026-09-23 17:05:02,809 - pms - INFO - PRODUCTION_TRACE license status=Active path=E:\Projects\PMS-Software\backend\licenses\active.lic
2026-09-23 17:05:20,096 - pms - INFO - PRODUCTION_TRACE license status=Active path=E:\Projects\PMS-Software\backend\licenses\active.lic
2026-09-23 17:05:40,167 - pms - WARNING - Safe Data Reset | Auth Failed | User: admin
2026-09-23 17:05:47,163 - pms - INFO - Clear Temp Data | User: admin | Deleted 3 files | Reclaimed: 1.55 KB
2026-09-23 17:05:51,447 - pms - WARNING - Safe Data Reset | Could not clear table 'stock_batches': (sqlite3.IntegrityError) FOREIGN KEY constraint failed
[SQL: DELETE FROM stock_batches;]
(Background on this error at: https://sqlalche.me/e/20/gkpj)
2026-09-23 17:05:51,449 - pms - WARNING - Safe Data Reset | Could not clear table 'medicines': (sqlite3.IntegrityError) FOREIGN KEY constraint failed
[SQL: DELETE FROM medicines;]
(Background on this error at: https://sqlalche.me/e/20/gkpj)
2026-09-23 17:05:51,452 - pms - WARNING - Safe Data Reset | Could not clear table 'companies': (sqlite3.IntegrityError) FOREIGN KEY constraint failed
[SQL: DELETE FROM companies;]
(Background on this error at: https://sqlalche.me/e/20/gkpj)
2026-09-23 17:05:51,454 - pms - WARNING - Safe Data Reset | Could not clear table 'categories': (sqlite3.IntegrityError) FOREIGN KEY constraint failed
[SQL: DELETE FROM categories;]
(Background on this error at: https://sqlalche.me/e/20/gkpj)
2026-09-23 17:05:51,491 - pms - INFO - Safe Data Reset | SUCCESS | User: admin | Snapshot: pre_reset_snapshot_20260923_170551.sqlite
2026-09-23 17:06:11,245 - pms - WARNING - PRODUCTION_TRACE auth rejected username=admin reason=password-mismatch
2026-09-23 17:06:11,246 - pms - ERROR - PMSException caught: Incorrect username or password (status: 401) | Path: /api/v1/auth/login
2026-09-23 17:06:16,109 - pms - INFO - PRODUCTION_TRACE auth accepted username=admin user_id=1
2026-09-23 17:07:02,605 - pms - INFO - Database Restore Initiated | Creating safety snapshot: backups\safety\pre_restore_safety_snapshot.sqlite
2026-09-23 17:07:02,635 - pms - INFO - Database Restore Successful | Restored from: E:/PMS Backup/Backup_23_09_2026_140011.zip by user admin
2026-09-23 17:07:04,591 - pms - INFO - PRODUCTION_TRACE license status=Active path=E:\Projects\PMS-Software\backend\licenses\active.lic
2026-09-23 17:07:34,231 - pms - INFO - PRODUCTION_TRACE license status=Active path=E:\Projects\PMS-Software\backend\licenses\active.lic
2026-09-23 17:07:51,111 - pms - INFO - Safe Data Reset | SUCCESS | User: admin | Snapshot: pre_reset_snapshot_20260923_170751.sqlite
2026-09-23 17:07:56,164 - pms - INFO - PRODUCTION_TRACE license status=Active path=E:\Projects\PMS-Software\backend\licenses\active.lic
2026-09-23 17:08:11,536 - pms - INFO - PRODUCTION_TRACE license status=Active path=E:\Projects\PMS-Software\backend\licenses\active.lic
2026-09-23 17:08:20,413 - pms - INFO - AUDIT: User admin imported 35 categories. Skipped: 0. Errors: 0
2026-09-23 17:08:27,286 - pms - INFO - AUDIT: User admin imported 26 companies. Skipped: 0. Errors: 0
2026-09-23 17:08:47,057 - pms - INFO - AUDIT: User admin imported 25 suppliers. Skipped: 0. Errors: 0
2026-09-23 17:08:51,742 - pms - INFO - AUDIT: User admin imported 25 customers. Skipped: 0. Errors: 0
2026-09-23 17:08:54,207 - pms - INFO - PRODUCTION_TRACE license status=Active path=E:\Projects\PMS-Software\backend\licenses\active.lic
2026-09-23 17:41:17,599 - pms - INFO - PRODUCTION_TRACE license status=Active path=E:\Projects\PMS-Software\backend\licenses\active.lic
2026-09-23 18:18:46,173 - pms - INFO - AUDIT: [SCREEN_LOCKED] Screen automatically locked due to inactivity (User: admin)
2026-09-23 18:29:52,169 - pms - INFO - PRODUCTION_TRACE auth accepted username=admin user_id=1
2026-09-23 18:29:52,201 - pms - INFO - AUDIT: [SCREEN_UNLOCKED] Screen unlocked successfully by user (User: admin)
2026-09-23 18:30:00,666 - pms - INFO - PRODUCTION_TRACE license status=Active path=E:\Projects\PMS-Software\backend\licenses\active.lic
2026-09-23 19:07:51,431 - pms - INFO - PRODUCTION_TRACE license status=Active path=E:\Projects\PMS-Software\backend\licenses\active.lic
2026-09-23 19:17:58,491 - pms - CRITICAL - SECURITY: SECRET_KEY is set to the insecure default value. Set a strong random SECRET_KEY in backend/.env before any production deployment.
2026-09-23 19:19:29,028 - pms - CRITICAL - SECURITY: SECRET_KEY is set to the insecure default value. Set a strong random SECRET_KEY in backend/.env before any production deployment.
2026-09-23 19:19:29,517 - pms - INFO - PRODUCTION_TRACE license storage path=E:\Projects\PMS-Software\backend\licenses\active.lic exists=True
2026-09-23 19:19:31,326 - pms - INFO - Starting Pharmacy Management System backend...
2026-09-23 19:19:32,554 - alembic.runtime.plugins - INFO - setup plugin alembic.autogenerate.schemas
2026-09-23 19:19:32,554 - alembic.runtime.plugins - INFO - setup plugin alembic.autogenerate.tables
2026-09-23 19:19:32,555 - alembic.runtime.plugins - INFO - setup plugin alembic.autogenerate.types
2026-09-23 19:19:32,555 - alembic.runtime.plugins - INFO - setup plugin alembic.autogenerate.constraints
2026-09-23 19:19:32,555 - alembic.runtime.plugins - INFO - setup plugin alembic.autogenerate.defaults
2026-09-23 19:19:32,555 - alembic.runtime.plugins - INFO - setup plugin alembic.autogenerate.comments
2026-09-23 19:19:32,555 - alembic.runtime.plugins - INFO - setup plugin alembic.autogenerate.checkconstraint_byname
2026-09-23 19:19:33,177 - pms - INFO - Database schema already at migration head (a3f8c9d2e1b4).
2026-09-23 19:19:33,760 - pms - INFO - Completed startup system notifications synchronization.
2026-09-23 19:19:48,081 - pms - INFO - PRODUCTION_TRACE license status=Active path=E:\Projects\PMS-Software\backend\licenses\active.lic
2026-09-23 19:20:10,859 - pms - INFO - PRODUCTION_TRACE license status=Active path=E:\Projects\PMS-Software\backend\licenses\active.lic
2026-09-23 19:37:03,080 - pms - INFO - PRODUCTION_TRACE auth accepted username=admin user_id=1
2026-09-23 19:45:29,714 - pms - INFO - PRODUCTION_TRACE license status=Active path=E:\Projects\PMS-Software\backend\licenses\active.lic
2026-09-23 19:49:34,652 - pms - INFO - AUDIT: User admin removed the Receipt Logo.
2026-09-23 19:49:43,586 - pms - INFO - AUDIT: User admin uploaded a new Receipt Logo.
2026-09-23 19:50:17,326 - pms - INFO - AUDIT: User admin removed their Profile Photo.
2026-09-23 19:50:55,206 - pms - INFO - AUDIT: User admin updated their profile information.
2026-09-23 19:51:04,160 - pms - INFO - AUDIT: User admin updated their profile information.
2026-09-23 19:51:04,192 - pms - INFO - AUDIT: User admin uploaded a new Profile Photo.
2026-09-23 19:52:23,349 - pms - INFO - PRODUCTION_TRACE license status=Active path=E:\Projects\PMS-Software\backend\licenses\active.lic
2026-09-23 19:55:55,328 - pms - INFO - Database Optimization | User: admin | Reclaimed: 0 bytes
2026-09-23 19:56:00,710 - pms - INFO - Clear Temp Data | User: admin | Deleted 0 files | Reclaimed: 0.00 KB
2026-09-23 19:56:06,142 - pms - INFO - PRODUCTION_TRACE license status=Active path=E:\Projects\PMS-Software\backend\licenses\active.lic
2026-09-23 20:06:36,979 - pms - INFO - PRODUCTION_TRACE license status=Active path=E:\Projects\PMS-Software\backend\licenses\active.lic
2026-09-23 20:07:25,623 - pms - INFO - PRODUCTION_TRACE license status=Active path=E:\Projects\PMS-Software\backend\licenses\active.lic
2026-09-23 20:20:30,203 - pms - INFO - PRODUCTION_TRACE license status=Active path=E:\Projects\PMS-Software\backend\licenses\active.lic
2026-09-23 20:27:38,952 - pms - INFO - PRODUCTION_TRACE license status=Active path=E:\Projects\PMS-Software\backend\licenses\active.lic
2026-09-23 20:28:05,204 - pms - CRITICAL - SECURITY: SECRET_KEY is set to the insecure default value. Set a strong random SECRET_KEY in backend/.env before any production deployment.
2026-09-23 20:28:06,127 - pms - INFO - PRODUCTION_TRACE license storage path=E:\Projects\PMS-Software\backend\licenses\active.lic exists=True
2026-09-23 20:28:09,316 - pms - INFO - Starting Pharmacy Management System backend...
2026-09-23 20:28:10,724 - alembic.runtime.plugins - INFO - setup plugin alembic.autogenerate.schemas
2026-09-23 20:28:10,724 - alembic.runtime.plugins - INFO - setup plugin alembic.autogenerate.tables
2026-09-23 20:28:10,724 - alembic.runtime.plugins - INFO - setup plugin alembic.autogenerate.types
2026-09-23 20:28:10,724 - alembic.runtime.plugins - INFO - setup plugin alembic.autogenerate.constraints
2026-09-23 20:28:10,725 - alembic.runtime.plugins - INFO - setup plugin alembic.autogenerate.defaults
2026-09-23 20:28:10,725 - alembic.runtime.plugins - INFO - setup plugin alembic.autogenerate.comments
2026-09-23 20:28:10,725 - alembic.runtime.plugins - INFO - setup plugin alembic.autogenerate.checkconstraint_byname
2026-09-23 20:28:11,087 - pms - INFO - Database schema already at migration head (a3f8c9d2e1b4).
2026-09-23 20:28:11,555 - pms - INFO - Completed startup system notifications synchronization.
2026-09-23 20:28:19,614 - pms - INFO - PRODUCTION_TRACE license status=Active path=E:\Projects\PMS-Software\backend\licenses\active.lic
2026-09-23 20:28:22,484 - pms - INFO - PRODUCTION_TRACE license status=Active path=E:\Projects\PMS-Software\backend\licenses\active.lic
2026-09-23 20:29:04,381 - pms - INFO - PRODUCTION_TRACE license status=Active path=E:\Projects\PMS-Software\backend\licenses\active.lic
2026-09-23 20:29:07,434 - pms - INFO - PRODUCTION_TRACE license status=Active path=E:\Projects\PMS-Software\backend\licenses\active.lic
2026-09-23 21:01:46,170 - pms - INFO - AUDIT: [SCREEN_LOCKED] Screen automatically locked due to inactivity (User: admin)
2026-09-23 21:14:13,108 - pms - CRITICAL - SECURITY: SECRET_KEY is set to the insecure default value. Set a strong random SECRET_KEY in backend/.env before any production deployment.
2026-09-23 21:14:14,758 - pms - INFO - PRODUCTION_TRACE license storage path=E:\Projects\PMS-Software\backend\licenses\active.lic exists=True
2026-09-23 21:14:19,216 - pms - INFO - Starting Pharmacy Management System backend...
2026-09-23 21:14:21,306 - alembic.runtime.plugins - INFO - setup plugin alembic.autogenerate.schemas
2026-09-23 21:14:21,307 - alembic.runtime.plugins - INFO - setup plugin alembic.autogenerate.tables
2026-09-23 21:14:21,307 - alembic.runtime.plugins - INFO - setup plugin alembic.autogenerate.types
2026-09-23 21:14:21,307 - alembic.runtime.plugins - INFO - setup plugin alembic.autogenerate.constraints
2026-09-23 21:14:21,307 - alembic.runtime.plugins - INFO - setup plugin alembic.autogenerate.defaults
2026-09-23 21:14:21,308 - alembic.runtime.plugins - INFO - setup plugin alembic.autogenerate.comments
2026-09-23 21:14:21,308 - alembic.runtime.plugins - INFO - setup plugin alembic.autogenerate.checkconstraint_byname
2026-09-23 21:14:21,814 - pms - INFO - Database schema already at migration head (a3f8c9d2e1b4).
2026-09-23 21:14:22,565 - pms - INFO - Completed startup system notifications synchronization.
2026-09-23 21:14:27,972 - pms - INFO - PRODUCTION_TRACE license status=Active path=E:\Projects\PMS-Software\backend\licenses\active.lic
2026-09-23 21:14:35,720 - pms - INFO - PRODUCTION_TRACE auth accepted username=admin user_id=1
2026-09-23 21:14:35,755 - pms - INFO - AUDIT: [SCREEN_UNLOCKED] Screen unlocked successfully by user (User: admin)
2026-09-23 21:14:41,317 - pms - INFO - PRODUCTION_TRACE license status=Active path=E:\Projects\PMS-Software\backend\licenses\active.lic
2026-09-23 21:31:46,999 - pms - CRITICAL - SECURITY: SECRET_KEY is set to the insecure default value. Set a strong random SECRET_KEY in backend/.env before any production deployment.
2026-09-23 21:31:48,684 - pms - INFO - PRODUCTION_TRACE license storage path=E:\Projects\PMS-Software\backend\licenses\active.lic exists=True
2026-09-23 21:31:52,080 - pms - INFO - Starting Pharmacy Management System backend...
2026-09-23 21:31:53,174 - alembic.runtime.plugins - INFO - setup plugin alembic.autogenerate.schemas
2026-09-23 21:31:53,174 - alembic.runtime.plugins - INFO - setup plugin alembic.autogenerate.tables
2026-09-23 21:31:53,175 - alembic.runtime.plugins - INFO - setup plugin alembic.autogenerate.types
2026-09-23 21:31:53,175 - alembic.runtime.plugins - INFO - setup plugin alembic.autogenerate.constraints
2026-09-23 21:31:53,175 - alembic.runtime.plugins - INFO - setup plugin alembic.autogenerate.defaults
2026-09-23 21:31:53,175 - alembic.runtime.plugins - INFO - setup plugin alembic.autogenerate.comments
2026-09-23 21:31:53,176 - alembic.runtime.plugins - INFO - setup plugin alembic.autogenerate.checkconstraint_byname
2026-09-23 21:31:53,361 - pms - INFO - Database schema already at migration head (a3f8c9d2e1b4).
2026-09-23 21:31:53,737 - pms - INFO - Completed startup system notifications synchronization.
2026-09-23 21:32:23,171 - pms - INFO - PRODUCTION_TRACE license status=Active path=E:\Projects\PMS-Software\backend\licenses\active.lic
2026-09-23 21:58:05,824 - pms - CRITICAL - SECURITY: SECRET_KEY is set to the insecure default value. Set a strong random SECRET_KEY in backend/.env before any production deployment.
2026-09-23 21:58:07,381 - pms - INFO - PRODUCTION_TRACE license storage path=E:\Projects\PMS-Software\backend\licenses\active.lic exists=True
2026-09-23 21:58:11,366 - pms - INFO - Starting Pharmacy Management System backend...
2026-09-23 21:58:12,903 - alembic.runtime.plugins - INFO - setup plugin alembic.autogenerate.schemas
2026-09-23 21:58:12,903 - alembic.runtime.plugins - INFO - setup plugin alembic.autogenerate.tables
2026-09-23 21:58:12,904 - alembic.runtime.plugins - INFO - setup plugin alembic.autogenerate.types
2026-09-23 21:58:12,904 - alembic.runtime.plugins - INFO - setup plugin alembic.autogenerate.constraints
2026-09-23 21:58:12,904 - alembic.runtime.plugins - INFO - setup plugin alembic.autogenerate.defaults
2026-09-23 21:58:12,904 - alembic.runtime.plugins - INFO - setup plugin alembic.autogenerate.comments
2026-09-23 21:58:12,904 - alembic.runtime.plugins - INFO - setup plugin alembic.autogenerate.checkconstraint_byname
2026-09-23 21:58:13,730 - pms - INFO - Database schema already at migration head (a3f8c9d2e1b4).
2026-09-23 21:58:14,645 - pms - INFO - Completed startup system notifications synchronization.
2026-09-23 21:58:21,468 - pms - INFO - PRODUCTION_TRACE license status=Active path=E:\Projects\PMS-Software\backend\licenses\active.lic
2026-09-23 22:15:10,652 - pms - CRITICAL - SECURITY: SECRET_KEY is set to the insecure default value. Set a strong random SECRET_KEY in backend/.env before any production deployment.
2026-09-23 22:15:12,038 - pms - INFO - PRODUCTION_TRACE license storage path=E:\Projects\PMS-Software\backend\licenses\active.lic exists=True
2026-09-23 22:15:15,663 - pms - INFO - Starting Pharmacy Management System backend...
2026-09-23 22:15:16,523 - alembic.runtime.plugins - INFO - setup plugin alembic.autogenerate.schemas
2026-09-23 22:15:16,523 - alembic.runtime.plugins - INFO - setup plugin alembic.autogenerate.tables
2026-09-23 22:15:16,523 - alembic.runtime.plugins - INFO - setup plugin alembic.autogenerate.types
2026-09-23 22:15:16,524 - alembic.runtime.plugins - INFO - setup plugin alembic.autogenerate.constraints
2026-09-23 22:15:16,524 - alembic.runtime.plugins - INFO - setup plugin alembic.autogenerate.defaults
2026-09-23 22:15:16,524 - alembic.runtime.plugins - INFO - setup plugin alembic.autogenerate.comments
2026-09-23 22:15:16,524 - alembic.runtime.plugins - INFO - setup plugin alembic.autogenerate.checkconstraint_byname
2026-09-23 22:15:16,764 - pms - INFO - Database schema already at migration head (a3f8c9d2e1b4).
2026-09-23 22:15:17,502 - pms - INFO - Completed startup system notifications synchronization.
2026-09-23 22:15:33,649 - pms - INFO - PRODUCTION_TRACE license status=Active path=E:\Projects\PMS-Software\backend\licenses\active.lic
2026-09-23 22:15:43,901 - pms - INFO - PRODUCTION_TRACE license status=Active path=E:\Projects\PMS-Software\backend\licenses\active.lic
2026-09-23 22:24:01,740 - pms - CRITICAL - SECURITY: SECRET_KEY is set to the insecure default value. Set a strong random SECRET_KEY in backend/.env before any production deployment.
2026-09-23 22:24:02,722 - pms - INFO - PRODUCTION_TRACE license storage path=E:\Projects\PMS-Software\backend\licenses\active.lic exists=True
2026-09-23 22:24:07,112 - pms - INFO - Starting Pharmacy Management System backend...
2026-09-23 22:24:07,976 - alembic.runtime.plugins - INFO - setup plugin alembic.autogenerate.schemas
2026-09-23 22:24:07,976 - alembic.runtime.plugins - INFO - setup plugin alembic.autogenerate.tables
2026-09-23 22:24:07,976 - alembic.runtime.plugins - INFO - setup plugin alembic.autogenerate.types
2026-09-23 22:24:07,977 - alembic.runtime.plugins - INFO - setup plugin alembic.autogenerate.constraints
2026-09-23 22:24:07,977 - alembic.runtime.plugins - INFO - setup plugin alembic.autogenerate.defaults
2026-09-23 22:24:07,977 - alembic.runtime.plugins - INFO - setup plugin alembic.autogenerate.comments
2026-09-23 22:24:07,977 - alembic.runtime.plugins - INFO - setup plugin alembic.autogenerate.checkconstraint_byname
2026-09-23 22:24:08,738 - pms - INFO - Database schema already at migration head (a3f8c9d2e1b4).
2026-09-23 22:24:09,355 - pms - INFO - Completed startup system notifications synchronization.
2026-09-23 22:24:17,597 - pms - INFO - PRODUCTION_TRACE license status=Active path=E:\Projects\PMS-Software\backend\licenses\active.lic
2026-09-23 22:24:22,928 - pms - INFO - PRODUCTION_TRACE license status=Active path=E:\Projects\PMS-Software\backend\licenses\active.lic
2026-09-23 22:26:59,474 - pms - INFO - PRODUCTION_TRACE license status=Active path=E:\Projects\PMS-Software\backend\licenses\active.lic
2026-09-23 22:33:58,199 - pms - INFO - PRODUCTION_TRACE license status=Active path=E:\Projects\PMS-Software\backend\licenses\active.lic
2026-09-23 22:38:41,958 - pms - INFO - PRODUCTION_TRACE license status=Active path=E:\Projects\PMS-Software\backend\licenses\active.lic
2026-09-23 22:46:46,400 - pms - CRITICAL - SECURITY: SECRET_KEY is set to the insecure default value. Set a strong random SECRET_KEY in backend/.env before any production deployment.
2026-09-23 22:46:48,031 - pms - INFO - PRODUCTION_TRACE license storage path=E:\Projects\PMS-Software\backend\licenses\active.lic exists=True
2026-09-23 22:46:52,659 - pms - INFO - Starting Pharmacy Management System backend...
2026-09-23 22:46:53,946 - alembic.runtime.plugins - INFO - setup plugin alembic.autogenerate.schemas
2026-09-23 22:46:53,947 - alembic.runtime.plugins - INFO - setup plugin alembic.autogenerate.tables
2026-09-23 22:46:53,947 - alembic.runtime.plugins - INFO - setup plugin alembic.autogenerate.types
2026-09-23 22:46:53,948 - alembic.runtime.plugins - INFO - setup plugin alembic.autogenerate.constraints
2026-09-23 22:46:53,948 - alembic.runtime.plugins - INFO - setup plugin alembic.autogenerate.defaults
2026-09-23 22:46:53,949 - alembic.runtime.plugins - INFO - setup plugin alembic.autogenerate.comments
2026-09-23 22:46:53,949 - alembic.runtime.plugins - INFO - setup plugin alembic.autogenerate.checkconstraint_byname
2026-09-23 22:46:54,307 - pms - INFO - Database schema already at migration head (a3f8c9d2e1b4).
2026-09-23 22:46:55,673 - pms - INFO - Completed startup system notifications synchronization.
2026-09-23 22:47:05,949 - pms - INFO - PRODUCTION_TRACE license status=Active path=E:\Projects\PMS-Software\backend\licenses\active.lic
2026-09-23 22:47:20,835 - pms - INFO - PRODUCTION_TRACE license status=Active path=E:\Projects\PMS-Software\backend\licenses\active.lic
2026-09-23 22:47:38,573 - pms - CRITICAL - SECURITY: SECRET_KEY is set to the insecure default value. Set a strong random SECRET_KEY in backend/.env before any production deployment.
2026-09-23 22:47:40,007 - pms - INFO - PRODUCTION_TRACE license storage path=E:\Projects\PMS-Software\backend\licenses\active.lic exists=True
2026-09-23 22:47:44,623 - pms - INFO - Starting Pharmacy Management System backend...
2026-09-23 22:47:45,884 - alembic.runtime.plugins - INFO - setup plugin alembic.autogenerate.schemas
2026-09-23 22:47:45,885 - alembic.runtime.plugins - INFO - setup plugin alembic.autogenerate.tables
2026-09-23 22:47:45,885 - alembic.runtime.plugins - INFO - setup plugin alembic.autogenerate.types
2026-09-23 22:47:45,885 - alembic.runtime.plugins - INFO - setup plugin alembic.autogenerate.constraints
2026-09-23 22:47:45,885 - alembic.runtime.plugins - INFO - setup plugin alembic.autogenerate.defaults
2026-09-23 22:47:45,886 - alembic.runtime.plugins - INFO - setup plugin alembic.autogenerate.comments
2026-09-23 22:47:45,886 - alembic.runtime.plugins - INFO - setup plugin alembic.autogenerate.checkconstraint_byname
2026-09-23 22:47:46,296 - pms - INFO - Database schema already at migration head (a3f8c9d2e1b4).
2026-09-23 22:47:46,797 - pms - INFO - Completed startup system notifications synchronization.
2026-09-23 22:47:58,100 - pms - INFO - PRODUCTION_TRACE license status=Active path=E:\Projects\PMS-Software\backend\licenses\active.lic
2026-09-23 22:54:55,805 - pms - INFO - PRODUCTION_TRACE license status=Active path=E:\Projects\PMS-Software\backend\licenses\active.lic
2026-09-23 22:58:37,781 - pms - INFO - PRODUCTION_TRACE license status=Active path=E:\Projects\PMS-Software\backend\licenses\active.lic
2026-09-23 23:17:55,693 - pms - INFO - PRODUCTION_TRACE license status=Active path=E:\Projects\PMS-Software\backend\licenses\active.lic
2026-09-23 23:19:39,481 - pms - CRITICAL - SECURITY: SECRET_KEY is set to the insecure default value. Set a strong random SECRET_KEY in backend/.env before any production deployment.
2026-09-23 23:19:40,249 - pms - INFO - PRODUCTION_TRACE license storage path=E:\Projects\PMS-Software\backend\licenses\active.lic exists=True
2026-09-23 23:19:43,219 - pms - INFO - Starting Pharmacy Management System backend...
2026-09-23 23:19:44,065 - alembic.runtime.plugins - INFO - setup plugin alembic.autogenerate.schemas
2026-09-23 23:19:44,066 - alembic.runtime.plugins - INFO - setup plugin alembic.autogenerate.tables
2026-09-23 23:19:44,066 - alembic.runtime.plugins - INFO - setup plugin alembic.autogenerate.types
2026-09-23 23:19:44,066 - alembic.runtime.plugins - INFO - setup plugin alembic.autogenerate.constraints
2026-09-23 23:19:44,066 - alembic.runtime.plugins - INFO - setup plugin alembic.autogenerate.defaults
2026-09-23 23:19:44,066 - alembic.runtime.plugins - INFO - setup plugin alembic.autogenerate.comments
2026-09-23 23:19:44,066 - alembic.runtime.plugins - INFO - setup plugin alembic.autogenerate.checkconstraint_byname
2026-09-23 23:19:44,380 - pms - INFO - Database schema already at migration head (a3f8c9d2e1b4).
2026-09-23 23:19:44,697 - pms - INFO - Completed startup system notifications synchronization.
2026-09-23 23:19:53,718 - pms - INFO - PRODUCTION_TRACE license status=Active path=E:\Projects\PMS-Software\backend\licenses\active.lic
2026-09-23 23:20:12,550 - pms - INFO - PRODUCTION_TRACE license status=Active path=E:\Projects\PMS-Software\backend\licenses\active.lic
2026-09-23 23:21:40,367 - pms - INFO - PRODUCTION_TRACE license status=Active path=E:\Projects\PMS-Software\backend\licenses\active.lic
2026-09-23 23:27:20,038 - pms - INFO - PRODUCTION_TRACE license status=Active path=E:\Projects\PMS-Software\backend\licenses\active.lic
2026-09-23 23:39:09,255 - pms - CRITICAL - SECURITY: SECRET_KEY is set to the insecure default value. Set a strong random SECRET_KEY in backend/.env before any production deployment.
2026-09-23 23:39:09,889 - pms - INFO - PRODUCTION_TRACE license storage path=E:\Projects\PMS-Software\backend\licenses\active.lic exists=True
2026-09-23 23:39:13,025 - pms - INFO - Starting Pharmacy Management System backend...
2026-09-23 23:39:13,803 - alembic.runtime.plugins - INFO - setup plugin alembic.autogenerate.schemas
2026-09-23 23:39:13,804 - alembic.runtime.plugins - INFO - setup plugin alembic.autogenerate.tables
2026-09-23 23:39:13,804 - alembic.runtime.plugins - INFO - setup plugin alembic.autogenerate.types
2026-09-23 23:39:13,804 - alembic.runtime.plugins - INFO - setup plugin alembic.autogenerate.constraints
2026-09-23 23:39:13,804 - alembic.runtime.plugins - INFO - setup plugin alembic.autogenerate.defaults
2026-09-23 23:39:13,804 - alembic.runtime.plugins - INFO - setup plugin alembic.autogenerate.comments
2026-09-23 23:39:13,804 - alembic.runtime.plugins - INFO - setup plugin alembic.autogenerate.checkconstraint_byname
2026-09-23 23:39:14,046 - pms - INFO - Database schema already at migration head (a3f8c9d2e1b4).
2026-09-23 23:39:14,364 - pms - INFO - Completed startup system notifications synchronization.
2026-09-23 23:39:22,414 - pms - INFO - PRODUCTION_TRACE license status=Active path=E:\Projects\PMS-Software\backend\licenses\active.lic
2026-09-23 23:39:29,820 - pms - INFO - PRODUCTION_TRACE license status=Active path=E:\Projects\PMS-Software\backend\licenses\active.lic
2026-09-23 23:46:15,117 - pms - CRITICAL - SECURITY: SECRET_KEY is set to the insecure default value. Set a strong random SECRET_KEY in backend/.env before any production deployment.
2026-09-23 23:46:15,578 - pms - INFO - PRODUCTION_TRACE license storage path=E:\Projects\PMS-Software\backend\licenses\active.lic exists=True
2026-09-23 23:46:18,509 - pms - INFO - Starting Pharmacy Management System backend...
2026-09-23 23:46:19,255 - alembic.runtime.plugins - INFO - setup plugin alembic.autogenerate.schemas
2026-09-23 23:46:19,255 - alembic.runtime.plugins - INFO - setup plugin alembic.autogenerate.tables
2026-09-23 23:46:19,257 - alembic.runtime.plugins - INFO - setup plugin alembic.autogenerate.types
2026-09-23 23:46:19,257 - alembic.runtime.plugins - INFO - setup plugin alembic.autogenerate.constraints
2026-09-23 23:46:19,257 - alembic.runtime.plugins - INFO - setup plugin alembic.autogenerate.defaults
2026-09-23 23:46:19,258 - alembic.runtime.plugins - INFO - setup plugin alembic.autogenerate.comments
2026-09-23 23:46:19,258 - alembic.runtime.plugins - INFO - setup plugin alembic.autogenerate.checkconstraint_byname
2026-09-23 23:46:19,456 - pms - INFO - Database schema already at migration head (a3f8c9d2e1b4).
2026-09-23 23:46:20,037 - pms - INFO - Completed startup system notifications synchronization.
2026-09-23 23:46:27,318 - pms - INFO - PRODUCTION_TRACE license status=Active path=E:\Projects\PMS-Software\backend\licenses\active.lic
2026-09-23 23:46:55,008 - pms - INFO - PRODUCTION_TRACE license status=Active path=E:\Projects\PMS-Software\backend\licenses\active.lic
2026-09-23 23:47:26,784 - pms - INFO - PRODUCTION_TRACE license status=Active path=E:\Projects\PMS-Software\backend\licenses\active.lic
2026-09-24 00:07:41,877 - pms - INFO - PRODUCTION_TRACE license status=Active path=E:\Projects\PMS-Software\backend\licenses\active.lic
2026-09-24 00:09:18,788 - pms - INFO - PRODUCTION_TRACE license status=Active path=E:\Projects\PMS-Software\backend\licenses\active.lic
2026-09-24 00:10:26,094 - pms - INFO - PRODUCTION_TRACE license status=Active path=E:\Projects\PMS-Software\backend\licenses\active.lic
2026-09-24 00:25:45,602 - pms - INFO - PRODUCTION_TRACE license status=Active path=E:\Projects\PMS-Software\backend\licenses\active.lic
2026-09-24 00:27:50,286 - pms - INFO - PRODUCTION_TRACE license status=Active path=E:\Projects\PMS-Software\backend\licenses\active.lic
2026-09-24 00:28:22,208 - pms - INFO - PRODUCTION_TRACE license status=Active path=E:\Projects\PMS-Software\backend\licenses\active.lic
2026-09-24 11:12:33,285 - pms - CRITICAL - SECURITY: SECRET_KEY is set to the insecure default value. Set a strong random SECRET_KEY in backend/.env before any production deployment.
2026-09-24 11:12:34,139 - pms - INFO - PRODUCTION_TRACE license storage path=E:\Projects\PMS-Software\backend\licenses\active.lic exists=True
2026-09-24 11:12:37,169 - pms - INFO - Starting Pharmacy Management System backend...
2026-09-24 11:12:37,997 - alembic.runtime.plugins - INFO - setup plugin alembic.autogenerate.schemas
2026-09-24 11:12:37,998 - alembic.runtime.plugins - INFO - setup plugin alembic.autogenerate.tables
2026-09-24 11:12:37,998 - alembic.runtime.plugins - INFO - setup plugin alembic.autogenerate.types
2026-09-24 11:12:37,998 - alembic.runtime.plugins - INFO - setup plugin alembic.autogenerate.constraints
2026-09-24 11:12:37,998 - alembic.runtime.plugins - INFO - setup plugin alembic.autogenerate.defaults
2026-09-24 11:12:37,998 - alembic.runtime.plugins - INFO - setup plugin alembic.autogenerate.comments
2026-09-24 11:12:37,998 - alembic.runtime.plugins - INFO - setup plugin alembic.autogenerate.checkconstraint_byname
2026-09-24 11:12:38,285 - pms - INFO - Database schema already at migration head (a3f8c9d2e1b4).
2026-09-24 11:12:38,587 - pms - INFO - Completed startup system notifications synchronization.
2026-09-24 11:13:18,733 - pms - INFO - PRODUCTION_TRACE license status=Active path=E:\Projects\PMS-Software\backend\licenses\active.lic
2026-09-24 11:13:25,685 - pms - WARNING - PRODUCTION_TRACE auth rejected username=admin reason=password-mismatch
2026-09-24 11:13:25,696 - pms - ERROR - PMSException caught: Incorrect username or password (status: 401) | Path: /api/v1/auth/login
2026-09-24 11:13:28,845 - pms - INFO - PRODUCTION_TRACE auth accepted username=admin user_id=1
2026-09-24 11:13:54,589 - pms - INFO - PRODUCTION_TRACE license status=Active path=E:\Projects\PMS-Software\backend\licenses\active.lic
2026-09-24 11:14:12,326 - pms - CRITICAL - SECURITY: SECRET_KEY is set to the insecure default value. Set a strong random SECRET_KEY in backend/.env before any production deployment.
2026-09-24 11:14:13,955 - pms - INFO - PRODUCTION_TRACE license storage path=E:\Projects\PMS-Software\backend\licenses\active.lic exists=True
2026-09-24 11:14:17,507 - pms - INFO - Starting Pharmacy Management System backend...
2026-09-24 11:14:18,674 - alembic.runtime.plugins - INFO - setup plugin alembic.autogenerate.schemas
2026-09-24 11:14:18,675 - alembic.runtime.plugins - INFO - setup plugin alembic.autogenerate.tables
2026-09-24 11:14:18,675 - alembic.runtime.plugins - INFO - setup plugin alembic.autogenerate.types
2026-09-24 11:14:18,676 - alembic.runtime.plugins - INFO - setup plugin alembic.autogenerate.constraints
2026-09-24 11:14:18,677 - alembic.runtime.plugins - INFO - setup plugin alembic.autogenerate.defaults
2026-09-24 11:14:18,677 - alembic.runtime.plugins - INFO - setup plugin alembic.autogenerate.comments
2026-09-24 11:14:18,682 - alembic.runtime.plugins - INFO - setup plugin alembic.autogenerate.checkconstraint_byname
2026-09-24 11:14:19,039 - pms - INFO - Database schema already at migration head (a3f8c9d2e1b4).
2026-09-24 11:14:20,410 - pms - INFO - Completed startup system notifications synchronization.
2026-09-24 11:14:23,030 - pms - INFO - PRODUCTION_TRACE license status=Active path=E:\Projects\PMS-Software\backend\licenses\active.lic
2026-09-24 11:23:21,529 - pms - INFO - PRODUCTION_TRACE license status=Active path=E:\Projects\PMS-Software\backend\licenses\active.lic
2026-09-24 11:31:23,729 - pms - CRITICAL - SECURITY: SECRET_KEY is set to the insecure default value. Set a strong random SECRET_KEY in backend/.env before any production deployment.
2026-09-24 11:33:30,297 - pms - CRITICAL - SECURITY: SECRET_KEY is set to the insecure default value. Set a strong random SECRET_KEY in backend/.env before any production deployment.
2026-09-24 11:33:30,961 - pms - INFO - PRODUCTION_TRACE license storage path=E:\Projects\PMS-Software\backend\licenses\active.lic exists=True
2026-09-24 11:33:34,207 - pms - INFO - Starting Pharmacy Management System backend...
2026-09-24 11:33:35,103 - alembic.runtime.plugins - INFO - setup plugin alembic.autogenerate.schemas
2026-09-24 11:33:35,104 - alembic.runtime.plugins - INFO - setup plugin alembic.autogenerate.tables
2026-09-24 11:33:35,105 - alembic.runtime.plugins - INFO - setup plugin alembic.autogenerate.types
2026-09-24 11:33:35,106 - alembic.runtime.plugins - INFO - setup plugin alembic.autogenerate.constraints
2026-09-24 11:33:35,107 - alembic.runtime.plugins - INFO - setup plugin alembic.autogenerate.defaults
2026-09-24 11:33:35,108 - alembic.runtime.plugins - INFO - setup plugin alembic.autogenerate.comments
2026-09-24 11:33:35,108 - alembic.runtime.plugins - INFO - setup plugin alembic.autogenerate.checkconstraint_byname
2026-09-24 11:33:35,309 - pms - INFO - Database schema already at migration head (a3f8c9d2e1b4).
2026-09-24 11:33:35,503 - pms - INFO - Completed startup system notifications synchronization.
2026-09-24 11:33:49,127 - pms - INFO - PRODUCTION_TRACE license status=Active path=E:\Projects\PMS-Software\backend\licenses\active.lic
2026-09-24 11:33:55,921 - pms - INFO - PRODUCTION_TRACE auth accepted username=admin user_id=1
2026-09-24 12:16:25,753 - pms - CRITICAL - SECURITY: SECRET_KEY is set to the insecure default value. Set a strong random SECRET_KEY in backend/.env before any production deployment.
2026-09-24 12:16:26,282 - pms - INFO - PRODUCTION_TRACE license storage path=E:\Projects\PMS-Software\backend\licenses\active.lic exists=True
2026-09-24 12:16:28,133 - pms - INFO - Starting Pharmacy Management System backend...
2026-09-24 12:16:28,621 - alembic.runtime.plugins - INFO - setup plugin alembic.autogenerate.schemas
2026-09-24 12:16:28,622 - alembic.runtime.plugins - INFO - setup plugin alembic.autogenerate.tables
2026-09-24 12:16:28,622 - alembic.runtime.plugins - INFO - setup plugin alembic.autogenerate.types
2026-09-24 12:16:28,622 - alembic.runtime.plugins - INFO - setup plugin alembic.autogenerate.constraints
2026-09-24 12:16:28,622 - alembic.runtime.plugins - INFO - setup plugin alembic.autogenerate.defaults
2026-09-24 12:16:28,623 - alembic.runtime.plugins - INFO - setup plugin alembic.autogenerate.comments
2026-09-24 12:16:28,623 - alembic.runtime.plugins - INFO - setup plugin alembic.autogenerate.checkconstraint_byname
2026-09-24 12:16:28,783 - pms - INFO - Database schema already at migration head (a3f8c9d2e1b4).
2026-09-24 12:16:29,041 - pms - INFO - Completed startup system notifications synchronization.
2026-09-24 12:16:59,331 - pms - INFO - PRODUCTION_TRACE license status=Active path=E:\Projects\PMS-Software\backend\licenses\active.lic
2026-09-24 12:22:22,491 - pms - CRITICAL - SECURITY: SECRET_KEY is set to the insecure default value. Set a strong random SECRET_KEY in backend/.env before any production deployment.
2026-09-24 12:22:23,267 - pms - INFO - PRODUCTION_TRACE license storage path=E:\Projects\PMS-Software\backend\licenses\active.lic exists=True
2026-09-24 12:22:25,718 - pms - INFO - Starting Pharmacy Management System backend...
2026-09-24 12:22:26,652 - alembic.runtime.plugins - INFO - setup plugin alembic.autogenerate.schemas
2026-09-24 12:22:26,652 - alembic.runtime.plugins - INFO - setup plugin alembic.autogenerate.tables
2026-09-24 12:22:26,653 - alembic.runtime.plugins - INFO - setup plugin alembic.autogenerate.types
2026-09-24 12:22:26,654 - alembic.runtime.plugins - INFO - setup plugin alembic.autogenerate.constraints
2026-09-24 12:22:26,654 - alembic.runtime.plugins - INFO - setup plugin alembic.autogenerate.defaults
2026-09-24 12:22:26,655 - alembic.runtime.plugins - INFO - setup plugin alembic.autogenerate.comments
2026-09-24 12:22:26,655 - alembic.runtime.plugins - INFO - setup plugin alembic.autogenerate.checkconstraint_byname
2026-09-24 12:22:26,893 - pms - INFO - Database schema already at migration head (a3f8c9d2e1b4).
2026-09-24 12:22:27,159 - pms - INFO - Completed startup system notifications synchronization.
2026-09-24 12:22:37,955 - pms - INFO - PRODUCTION_TRACE license status=Active path=E:\Projects\PMS-Software\backend\licenses\active.lic
2026-09-24 12:31:43,403 - pms - CRITICAL - SECURITY: SECRET_KEY is set to the insecure default value. Set a strong random SECRET_KEY in backend/.env before any production deployment.
2026-09-24 12:31:44,080 - pms - INFO - PRODUCTION_TRACE license storage path=E:\Projects\PMS-Software\backend\licenses\active.lic exists=True
2026-09-24 12:31:47,138 - pms - INFO - Starting Pharmacy Management System backend...
2026-09-24 12:31:48,294 - alembic.runtime.plugins - INFO - setup plugin alembic.autogenerate.schemas
2026-09-24 12:31:48,295 - alembic.runtime.plugins - INFO - setup plugin alembic.autogenerate.tables
2026-09-24 12:31:48,295 - alembic.runtime.plugins - INFO - setup plugin alembic.autogenerate.types
2026-09-24 12:31:48,295 - alembic.runtime.plugins - INFO - setup plugin alembic.autogenerate.constraints
2026-09-24 12:31:48,295 - alembic.runtime.plugins - INFO - setup plugin alembic.autogenerate.defaults
2026-09-24 12:31:48,296 - alembic.runtime.plugins - INFO - setup plugin alembic.autogenerate.comments
2026-09-24 12:31:48,296 - alembic.runtime.plugins - INFO - setup plugin alembic.autogenerate.checkconstraint_byname
2026-09-24 12:31:48,509 - pms - INFO - Database schema already at migration head (a3f8c9d2e1b4).
2026-09-24 12:31:48,806 - pms - INFO - Completed startup system notifications synchronization.
2026-09-24 12:31:52,708 - pms - INFO - PRODUCTION_TRACE license status=Active path=E:\Projects\PMS-Software\backend\licenses\active.lic
2026-09-24 12:32:08,920 - pms - CRITICAL - SECURITY: SECRET_KEY is set to the insecure default value. Set a strong random SECRET_KEY in backend/.env before any production deployment.
2026-09-24 12:32:09,549 - pms - INFO - PRODUCTION_TRACE license storage path=E:\Projects\PMS-Software\backend\licenses\active.lic exists=True
2026-09-24 12:32:11,933 - pms - INFO - Starting Pharmacy Management System backend...
2026-09-24 12:32:13,203 - alembic.runtime.plugins - INFO - setup plugin alembic.autogenerate.schemas
2026-09-24 12:32:13,204 - alembic.runtime.plugins - INFO - setup plugin alembic.autogenerate.tables
2026-09-24 12:32:13,205 - alembic.runtime.plugins - INFO - setup plugin alembic.autogenerate.types
2026-09-24 12:32:13,205 - alembic.runtime.plugins - INFO - setup plugin alembic.autogenerate.constraints
2026-09-24 12:32:13,205 - alembic.runtime.plugins - INFO - setup plugin alembic.autogenerate.defaults
2026-09-24 12:32:13,205 - alembic.runtime.plugins - INFO - setup plugin alembic.autogenerate.comments
2026-09-24 12:32:13,206 - alembic.runtime.plugins - INFO - setup plugin alembic.autogenerate.checkconstraint_byname
2026-09-24 12:32:13,482 - pms - INFO - Database schema already at migration head (a3f8c9d2e1b4).
2026-09-24 12:32:13,981 - pms - INFO - Completed startup system notifications synchronization.
2026-09-24 12:32:15,671 - pms - INFO - PRODUCTION_TRACE license status=Active path=E:\Projects\PMS-Software\backend\licenses\active.lic
2026-09-24 12:39:28,026 - pms - INFO - PRODUCTION_TRACE license status=Active path=E:\Projects\PMS-Software\backend\licenses\active.lic
2026-09-24 12:50:05,727 - pms - CRITICAL - SECURITY: SECRET_KEY is set to the insecure default value. Set a strong random SECRET_KEY in backend/.env before any production deployment.
2026-09-24 12:50:06,399 - pms - INFO - PRODUCTION_TRACE license storage path=E:\Projects\PMS-Software\backend\licenses\active.lic exists=True
2026-09-24 12:50:48,908 - pms - CRITICAL - SECURITY: SECRET_KEY is set to the insecure default value. Set a strong random SECRET_KEY in backend/.env before any production deployment.
2026-09-24 12:50:49,562 - pms - INFO - PRODUCTION_TRACE license storage path=E:\Projects\PMS-Software\backend\licenses\active.lic exists=True
2026-09-24 12:51:28,913 - pms - CRITICAL - SECURITY: SECRET_KEY is set to the insecure default value. Set a strong random SECRET_KEY in backend/.env before any production deployment.
2026-09-24 12:51:29,696 - pms - INFO - PRODUCTION_TRACE license storage path=E:\Projects\PMS-Software\backend\licenses\active.lic exists=True
2026-09-24 12:53:21,735 - pms - CRITICAL - SECURITY: SECRET_KEY is set to the insecure default value. Set a strong random SECRET_KEY in backend/.env before any production deployment.
2026-09-24 12:53:22,119 - pms - INFO - PRODUCTION_TRACE license storage path=E:\Projects\PMS-Software\backend\licenses\active.lic exists=True
2026-09-24 12:53:23,283 - pms - INFO - Starting Pharmacy Management System backend...
2026-09-24 12:53:23,675 - alembic.runtime.plugins - INFO - setup plugin alembic.autogenerate.schemas
2026-09-24 12:53:23,675 - alembic.runtime.plugins - INFO - setup plugin alembic.autogenerate.tables
2026-09-24 12:53:23,676 - alembic.runtime.plugins - INFO - setup plugin alembic.autogenerate.types
2026-09-24 12:53:23,676 - alembic.runtime.plugins - INFO - setup plugin alembic.autogenerate.constraints
2026-09-24 12:53:23,676 - alembic.runtime.plugins - INFO - setup plugin alembic.autogenerate.defaults
2026-09-24 12:53:23,676 - alembic.runtime.plugins - INFO - setup plugin alembic.autogenerate.comments
2026-09-24 12:53:23,676 - alembic.runtime.plugins - INFO - setup plugin alembic.autogenerate.checkconstraint_byname
2026-09-24 12:53:23,782 - pms - INFO - Database schema already at migration head (4e5e634e5725).
2026-09-24 12:53:23,916 - pms - INFO - Completed startup system notifications synchronization.
2026-09-24 12:53:24,300 - pms - INFO - PRODUCTION_TRACE license status=Active path=E:\Projects\PMS-Software\backend\licenses\active.lic
2026-09-24 12:53:32,315 - pms - CRITICAL - SECURITY: SECRET_KEY is set to the insecure default value. Set a strong random SECRET_KEY in backend/.env before any production deployment.
2026-09-24 12:53:32,716 - pms - INFO - PRODUCTION_TRACE license storage path=E:\Projects\PMS-Software\backend\licenses\active.lic exists=True
2026-09-24 12:53:33,520 - pms - INFO - Starting Pharmacy Management System backend...
2026-09-24 12:53:33,769 - alembic.runtime.plugins - INFO - setup plugin alembic.autogenerate.schemas
2026-09-24 12:53:33,770 - alembic.runtime.plugins - INFO - setup plugin alembic.autogenerate.tables
2026-09-24 12:53:33,770 - alembic.runtime.plugins - INFO - setup plugin alembic.autogenerate.types
2026-09-24 12:53:33,771 - alembic.runtime.plugins - INFO - setup plugin alembic.autogenerate.constraints
2026-09-24 12:53:33,771 - alembic.runtime.plugins - INFO - setup plugin alembic.autogenerate.defaults
2026-09-24 12:53:33,771 - alembic.runtime.plugins - INFO - setup plugin alembic.autogenerate.comments
2026-09-24 12:53:33,771 - alembic.runtime.plugins - INFO - setup plugin alembic.autogenerate.checkconstraint_byname
2026-09-24 12:53:33,854 - pms - INFO - Database schema already at migration head (4e5e634e5725).
2026-09-24 12:53:33,962 - pms - INFO - Completed startup system notifications synchronization.
2026-09-24 12:56:35,724 - pms - INFO - PRODUCTION_TRACE auth accepted username=admin user_id=1
2026-09-24 12:56:58,555 - pms - INFO - Safe Data Reset | SUCCESS | User: admin | Snapshot: pre_reset_snapshot_20260924_125658.sqlite
2026-09-24 12:57:25,392 - pms - INFO - PRODUCTION_TRACE license status=Active path=E:\Projects\PMS-Software\backend\licenses\active.lic
2026-09-24 12:57:57,567 - pms - INFO - AUDIT: User admin imported 26 companies. Skipped: 0. Errors: 0
2026-09-24 12:58:04,977 - pms - INFO - AUDIT: User admin imported 35 categories. Skipped: 0. Errors: 0
2026-09-24 12:59:49,889 - pms - INFO - Safe Data Reset | SUCCESS | User: admin | Snapshot: pre_reset_snapshot_20260924_125949.sqlite
2026-09-24 13:00:00,156 - pms - INFO - PRODUCTION_TRACE license status=Active path=E:\Projects\PMS-Software\backend\licenses\active.lic
2026-09-24 13:00:09,495 - pms - INFO - AUDIT: User admin imported 35 categories. Skipped: 0. Errors: 0
2026-09-24 13:00:15,305 - pms - INFO - AUDIT: User admin imported 26 companies. Skipped: 0. Errors: 0
2026-09-24 13:01:33,944 - pms - INFO - AUDIT: User admin imported 25 suppliers. Skipped: 0. Errors: 0
2026-09-24 13:01:42,833 - pms - INFO - AUDIT: User admin imported 25 customers. Skipped: 0. Errors: 0
2026-09-24 13:36:42,171 - pms - INFO - AUDIT: [SCREEN_LOCKED] Screen automatically locked due to inactivity (User: admin)
2026-09-24 14:10:55,340 - pms - INFO - PRODUCTION_TRACE auth accepted username=admin user_id=1
2026-09-24 14:10:55,361 - pms - INFO - AUDIT: [SCREEN_UNLOCKED] Screen unlocked successfully by user (User: admin)
2026-09-24 17:28:53,075 - pms - CRITICAL - SECURITY: SECRET_KEY is set to the insecure default value. Set a strong random SECRET_KEY in backend/.env before any production deployment.
2026-09-24 17:28:53,761 - pms - INFO - PRODUCTION_TRACE license storage path=E:\Projects\PMS-Software\backend\licenses\active.lic exists=True
2026-09-24 17:28:55,588 - pms - INFO - Starting Pharmacy Management System backend...
2026-09-24 17:28:56,104 - alembic.runtime.plugins - INFO - setup plugin alembic.autogenerate.schemas
2026-09-24 17:28:56,104 - alembic.runtime.plugins - INFO - setup plugin alembic.autogenerate.tables
2026-09-24 17:28:56,104 - alembic.runtime.plugins - INFO - setup plugin alembic.autogenerate.types
2026-09-24 17:28:56,105 - alembic.runtime.plugins - INFO - setup plugin alembic.autogenerate.constraints
2026-09-24 17:28:56,105 - alembic.runtime.plugins - INFO - setup plugin alembic.autogenerate.defaults
2026-09-24 17:28:56,105 - alembic.runtime.plugins - INFO - setup plugin alembic.autogenerate.comments
2026-09-24 17:28:56,105 - alembic.runtime.plugins - INFO - setup plugin alembic.autogenerate.checkconstraint_byname
2026-09-24 17:28:56,272 - pms - INFO - Database schema already at migration head (4e5e634e5725).
2026-09-24 17:28:56,466 - pms - INFO - Completed startup system notifications synchronization.
2026-09-24 17:29:30,494 - pms - INFO - PRODUCTION_TRACE license status=Active path=E:\Projects\PMS-Software\backend\licenses\active.lic
2026-09-24 17:29:38,979 - pms - INFO - PRODUCTION_TRACE auth accepted username=admin user_id=1
2026-09-24 17:32:33,658 - pms - INFO - AUDIT: User admin successfully deleted customer 1 (MediCare Distributors).
2026-09-24 17:32:35,252 - pms - INFO - AUDIT: User admin successfully deleted customer 2 (HealthPlus Distributors).
2026-09-24 17:32:37,185 - pms - INFO - AUDIT: User admin successfully deleted customer 3 (PharmaLink Traders).
2026-09-24 17:32:39,838 - pms - INFO - AUDIT: User admin successfully deleted customer 4 (National Medical Suppliers).
2026-09-24 17:32:46,065 - pms - INFO - AUDIT: User admin successfully deleted customer 25 (Unity Medical Distributors).
2026-09-24 17:32:47,980 - pms - INFO - AUDIT: User admin successfully deleted customer 10 (Al-Shifa Medicine Suppliers).
2026-09-24 17:32:49,805 - pms - INFO - AUDIT: User admin successfully deleted customer 8 (Mingora Medical Traders).
2026-09-24 17:32:51,864 - pms - INFO - AUDIT: User admin successfully deleted customer 7 (Khyber Pharma Supply).
2026-09-24 17:32:53,449 - pms - INFO - AUDIT: User admin successfully deleted customer 5 (City Pharma Distributors).
2026-09-24 17:32:56,858 - pms - INFO - AUDIT: User admin successfully deleted customer 6 (Swat Medicine Distributors).
2026-09-24 17:32:58,964 - pms - INFO - AUDIT: User admin successfully deleted customer 9 (Pak Health Distributors).
2026-09-24 17:33:01,961 - pms - INFO - AUDIT: User admin successfully deleted customer 11 (CareMed Pharma Traders).
2026-09-24 17:33:06,457 - pms - INFO - AUDIT: User admin successfully deleted customer 12 (KPK Medical Distributors).
2026-09-24 17:33:08,526 - pms - INFO - AUDIT: User admin successfully deleted customer 13 (Prime Pharma Supply).
2026-09-24 17:33:10,774 - pms - INFO - AUDIT: User admin successfully deleted customer 14 (Mardan Medicine Traders).
2026-09-24 17:33:12,555 - pms - INFO - AUDIT: User admin successfully deleted customer 15 (Frontier Pharma Distributors).
2026-09-24 17:33:15,583 - pms - INFO - AUDIT: User admin successfully deleted customer 16 (Royal Medical Suppliers).
2026-09-24 17:33:17,183 - pms - INFO - AUDIT: User admin successfully deleted customer 17 (PakCare Medicine Traders).
2026-09-24 17:33:19,674 - pms - INFO - AUDIT: User admin successfully deleted customer 18 (LifeCare Pharma Supply).
2026-09-24 17:33:21,850 - pms - INFO - AUDIT: User admin successfully deleted customer 19 (Green Health Distributors).
2026-09-24 17:33:23,749 - pms - INFO - AUDIT: User admin successfully deleted customer 20 (Northwest Medicine Suppliers).
2026-09-24 17:33:25,763 - pms - INFO - AUDIT: User admin successfully deleted customer 21 (MedPoint Pharma Traders).
2026-09-24 17:33:29,412 - pms - INFO - AUDIT: User admin successfully deleted customer 22 (SafeMed Distributors).
2026-09-24 17:33:31,543 - pms - INFO - AUDIT: User admin successfully deleted customer 24 (Premier Pharma Traders).
2026-09-24 17:33:34,933 - pms - INFO - AUDIT: User admin successfully deleted customer 23 (Capital Medicine Supply).
2026-09-24 17:33:42,423 - pms - INFO - AUDIT: User admin imported 25 customers. Skipped: 0. Errors: 0
2026-09-24 17:35:49,646 - pms - INFO - PRODUCTION_TRACE license status=Active path=E:\Projects\PMS-Software\backend\licenses\active.lic
2026-09-24 17:45:13,817 - pms - INFO - Database Optimization | User: admin | Reclaimed: 0 bytes
2026-09-24 17:45:34,950 - pms - INFO - Clear Temp Data | User: admin | Deleted 2 files | Reclaimed: 0.78 KB
2026-09-24 17:52:16,738 - pms - INFO - PRODUCTION_TRACE license status=Active path=E:\Projects\PMS-Software\backend\licenses\active.lic
2026-09-24 18:10:07,308 - pms - CRITICAL - SECURITY: SECRET_KEY is set to the insecure default value. Set a strong random SECRET_KEY in backend/.env before any production deployment.
2026-09-24 18:10:07,792 - pms - INFO - PRODUCTION_TRACE license storage path=E:\Projects\PMS-Software\backend\licenses\active.lic exists=True
2026-09-24 18:10:09,158 - pms - INFO - Starting Pharmacy Management System backend...
2026-09-24 18:10:09,590 - alembic.runtime.plugins - INFO - setup plugin alembic.autogenerate.schemas
2026-09-24 18:10:09,590 - alembic.runtime.plugins - INFO - setup plugin alembic.autogenerate.tables
2026-09-24 18:10:09,590 - alembic.runtime.plugins - INFO - setup plugin alembic.autogenerate.types
2026-09-24 18:10:09,590 - alembic.runtime.plugins - INFO - setup plugin alembic.autogenerate.constraints
2026-09-24 18:10:09,590 - alembic.runtime.plugins - INFO - setup plugin alembic.autogenerate.defaults
2026-09-24 18:10:09,590 - alembic.runtime.plugins - INFO - setup plugin alembic.autogenerate.comments
2026-09-24 18:10:09,591 - alembic.runtime.plugins - INFO - setup plugin alembic.autogenerate.checkconstraint_byname
2026-09-24 18:10:09,722 - pms - INFO - Database schema already at migration head (4e5e634e5725).
2026-09-24 18:10:09,830 - pms - INFO - Completed startup system notifications synchronization.
2026-09-24 18:10:36,592 - pms - INFO - PRODUCTION_TRACE license status=Active path=E:\Projects\PMS-Software\backend\licenses\active.lic
2026-09-24 18:11:23,203 - pms - CRITICAL - SECURITY: SECRET_KEY is set to the insecure default value. Set a strong random SECRET_KEY in backend/.env before any production deployment.
2026-09-24 18:11:23,991 - pms - INFO - PRODUCTION_TRACE license storage path=E:\Projects\PMS-Software\backend\licenses\active.lic exists=True
2026-09-24 18:11:26,438 - pms - INFO - Starting Pharmacy Management System backend...
2026-09-24 18:11:27,025 - alembic.runtime.plugins - INFO - setup plugin alembic.autogenerate.schemas
2026-09-24 18:11:27,025 - alembic.runtime.plugins - INFO - setup plugin alembic.autogenerate.tables
2026-09-24 18:11:27,025 - alembic.runtime.plugins - INFO - setup plugin alembic.autogenerate.types
2026-09-24 18:11:27,025 - alembic.runtime.plugins - INFO - setup plugin alembic.autogenerate.constraints
2026-09-24 18:11:27,025 - alembic.runtime.plugins - INFO - setup plugin alembic.autogenerate.defaults
2026-09-24 18:11:27,026 - alembic.runtime.plugins - INFO - setup plugin alembic.autogenerate.comments
2026-09-24 18:11:27,026 - alembic.runtime.plugins - INFO - setup plugin alembic.autogenerate.checkconstraint_byname
2026-09-24 18:11:27,130 - pms - INFO - Database schema already at migration head (4e5e634e5725).
2026-09-24 18:11:27,261 - pms - INFO - Completed startup system notifications synchronization.
2026-09-24 18:11:34,609 - pms - INFO - PRODUCTION_TRACE license status=Active path=E:\Projects\PMS-Software\backend\licenses\active.lic
2026-09-24 18:20:58,568 - pms - CRITICAL - SECURITY: SECRET_KEY is set to the insecure default value. Set a strong random SECRET_KEY in backend/.env before any production deployment.
2026-09-24 18:20:59,275 - pms - INFO - PRODUCTION_TRACE license storage path=E:\Projects\PMS-Software\backend\licenses\active.lic exists=True
2026-09-24 18:21:01,558 - pms - INFO - Starting Pharmacy Management System backend...
2026-09-24 18:21:02,659 - alembic.runtime.plugins - INFO - setup plugin alembic.autogenerate.schemas
2026-09-24 18:21:02,660 - alembic.runtime.plugins - INFO - setup plugin alembic.autogenerate.tables
2026-09-24 18:21:02,662 - alembic.runtime.plugins - INFO - setup plugin alembic.autogenerate.types
2026-09-24 18:21:02,664 - alembic.runtime.plugins - INFO - setup plugin alembic.autogenerate.constraints
2026-09-24 18:21:02,664 - alembic.runtime.plugins - INFO - setup plugin alembic.autogenerate.defaults
2026-09-24 18:21:02,665 - alembic.runtime.plugins - INFO - setup plugin alembic.autogenerate.comments
2026-09-24 18:21:02,665 - alembic.runtime.plugins - INFO - setup plugin alembic.autogenerate.checkconstraint_byname
2026-09-24 18:21:02,913 - pms - INFO - Database schema already at migration head (4e5e634e5725).
2026-09-24 18:21:03,419 - pms - INFO - Completed startup system notifications synchronization.
2026-09-24 18:21:12,687 - pms - INFO - PRODUCTION_TRACE license status=Active path=E:\Projects\PMS-Software\backend\licenses\active.lic
2026-09-24 18:21:13,192 - pms - ERROR - Unhandled Exception caught: name 'func' is not defined | Path: /api/v1/customers
NoneType: None
2026-09-24 18:21:13,906 - pms - ERROR - Unhandled Exception caught: name 'func' is not defined | Path: /api/v1/customers
NoneType: None
2026-09-24 18:21:16,562 - pms - ERROR - Unhandled Exception caught: name 'func' is not defined | Path: /api/v1/customers
NoneType: None
2026-09-24 18:21:16,697 - pms - ERROR - Unhandled Exception caught: name 'func' is not defined | Path: /api/v1/customers
NoneType: None
2026-09-24 18:21:16,736 - pms - ERROR - Unhandled Exception caught: name 'func' is not defined | Path: /api/v1/customers
NoneType: None
2026-09-24 18:21:16,797 - pms - ERROR - Unhandled Exception caught: name 'func' is not defined | Path: /api/v1/customers
NoneType: None
2026-09-24 18:21:16,849 - pms - ERROR - Unhandled Exception caught: name 'func' is not defined | Path: /api/v1/customers
NoneType: None
2026-09-24 18:21:26,768 - pms - ERROR - Unhandled Exception caught: name 'func' is not defined | Path: /api/v1/customers
NoneType: None
2026-09-24 18:21:37,160 - pms - ERROR - Unhandled Exception caught: name 'func' is not defined | Path: /api/v1/customers
NoneType: None
2026-09-24 18:21:58,154 - pms - ERROR - Unhandled Exception caught: name 'func' is not defined | Path: /api/v1/customers
NoneType: None
2026-09-24 18:26:04,006 - pms - CRITICAL - SECURITY: SECRET_KEY is set to the insecure default value. Set a strong random SECRET_KEY in backend/.env before any production deployment.
2026-09-24 18:26:04,708 - pms - INFO - PRODUCTION_TRACE license storage path=E:\Projects\PMS-Software\backend\licenses\active.lic exists=True
2026-09-24 18:26:07,367 - pms - INFO - Starting Pharmacy Management System backend...
2026-09-24 18:26:08,069 - alembic.runtime.plugins - INFO - setup plugin alembic.autogenerate.schemas
2026-09-24 18:26:08,070 - alembic.runtime.plugins - INFO - setup plugin alembic.autogenerate.tables
2026-09-24 18:26:08,070 - alembic.runtime.plugins - INFO - setup plugin alembic.autogenerate.types
2026-09-24 18:26:08,070 - alembic.runtime.plugins - INFO - setup plugin alembic.autogenerate.constraints
2026-09-24 18:26:08,070 - alembic.runtime.plugins - INFO - setup plugin alembic.autogenerate.defaults
2026-09-24 18:26:08,070 - alembic.runtime.plugins - INFO - setup plugin alembic.autogenerate.comments
2026-09-24 18:26:08,071 - alembic.runtime.plugins - INFO - setup plugin alembic.autogenerate.checkconstraint_byname
2026-09-24 18:26:08,275 - pms - INFO - Database schema already at migration head (4e5e634e5725).
2026-09-24 18:26:08,698 - pms - INFO - Completed startup system notifications synchronization.
2026-09-24 18:26:11,869 - pms - INFO - PRODUCTION_TRACE license status=Active path=E:\Projects\PMS-Software\backend\licenses\active.lic
2026-09-24 18:26:20,224 - pms - INFO - PRODUCTION_TRACE license status=Active path=E:\Projects\PMS-Software\backend\licenses\active.lic
2026-09-24 18:28:56,698 - pms - CRITICAL - SECURITY: SECRET_KEY is set to the insecure default value. Set a strong random SECRET_KEY in backend/.env before any production deployment.
2026-09-24 18:28:57,480 - pms - INFO - PRODUCTION_TRACE license storage path=E:\Projects\PMS-Software\backend\licenses\active.lic exists=True
2026-09-24 18:29:00,002 - pms - INFO - Starting Pharmacy Management System backend...
2026-09-24 18:29:00,475 - alembic.runtime.plugins - INFO - setup plugin alembic.autogenerate.schemas
2026-09-24 18:29:00,475 - alembic.runtime.plugins - INFO - setup plugin alembic.autogenerate.tables
2026-09-24 18:29:00,475 - alembic.runtime.plugins - INFO - setup plugin alembic.autogenerate.types
2026-09-24 18:29:00,476 - alembic.runtime.plugins - INFO - setup plugin alembic.autogenerate.constraints
2026-09-24 18:29:00,477 - alembic.runtime.plugins - INFO - setup plugin alembic.autogenerate.defaults
2026-09-24 18:29:00,477 - alembic.runtime.plugins - INFO - setup plugin alembic.autogenerate.comments
2026-09-24 18:29:00,478 - alembic.runtime.plugins - INFO - setup plugin alembic.autogenerate.checkconstraint_byname
2026-09-24 18:29:00,658 - pms - INFO - Database schema already at migration head (4e5e634e5725).
2026-09-24 18:29:00,863 - pms - INFO - Completed startup system notifications synchronization.
2026-09-24 18:29:10,108 - pms - INFO - PRODUCTION_TRACE license status=Active path=E:\Projects\PMS-Software\backend\licenses\active.lic
2026-09-24 18:30:47,328 - pms - INFO - PRODUCTION_TRACE license status=Active path=E:\Projects\PMS-Software\backend\licenses\active.lic
2026-09-24 18:33:50,277 - pms - INFO - PRODUCTION_TRACE license status=Active path=E:\Projects\PMS-Software\backend\licenses\active.lic
2026-09-24 18:35:29,295 - pms - INFO - AUDIT: User admin exported 25 suppliers to CSV.
2026-09-24 18:35:48,477 - pms - INFO - PRODUCTION_TRACE license status=Active path=E:\Projects\PMS-Software\backend\licenses\active.lic
2026-09-24 18:36:17,669 - pms - INFO - PRODUCTION_TRACE license status=Active path=E:\Projects\PMS-Software\backend\licenses\active.lic
2026-09-24 18:36:21,286 - pms - INFO - AUDIT: User admin exported 27 customers to CSV.
2026-09-24 18:37:17,091 - pms - CRITICAL - SECURITY: SECRET_KEY is set to the insecure default value. Set a strong random SECRET_KEY in backend/.env before any production deployment.
2026-09-24 18:37:17,667 - pms - INFO - PRODUCTION_TRACE license storage path=E:\Projects\PMS-Software\backend\licenses\active.lic exists=True
2026-09-24 18:37:19,830 - pms - INFO - Starting Pharmacy Management System backend...
2026-09-24 18:37:20,720 - alembic.runtime.plugins - INFO - setup plugin alembic.autogenerate.schemas
2026-09-24 18:37:20,721 - alembic.runtime.plugins - INFO - setup plugin alembic.autogenerate.tables
2026-09-24 18:37:20,721 - alembic.runtime.plugins - INFO - setup plugin alembic.autogenerate.types
2026-09-24 18:37:20,721 - alembic.runtime.plugins - INFO - setup plugin alembic.autogenerate.constraints
2026-09-24 18:37:20,721 - alembic.runtime.plugins - INFO - setup plugin alembic.autogenerate.defaults
2026-09-24 18:37:20,722 - alembic.runtime.plugins - INFO - setup plugin alembic.autogenerate.comments
2026-09-24 18:37:20,722 - alembic.runtime.plugins - INFO - setup plugin alembic.autogenerate.checkconstraint_byname
2026-09-24 18:37:20,927 - pms - INFO - Database schema already at migration head (4e5e634e5725).
2026-09-24 18:37:21,250 - pms - INFO - Completed startup system notifications synchronization.
2026-09-24 18:37:25,485 - pms - INFO - PRODUCTION_TRACE license status=Active path=E:\Projects\PMS-Software\backend\licenses\active.lic
2026-09-24 18:39:34,741 - pms - INFO - PRODUCTION_TRACE license status=Active path=E:\Projects\PMS-Software\backend\licenses\active.lic
2026-09-24 18:42:22,504 - pms - CRITICAL - SECURITY: SECRET_KEY is set to the insecure default value. Set a strong random SECRET_KEY in backend/.env before any production deployment.
2026-09-24 18:42:23,029 - pms - INFO - PRODUCTION_TRACE license storage path=E:\Projects\PMS-Software\backend\licenses\active.lic exists=True
2026-09-24 18:42:25,381 - pms - INFO - Starting Pharmacy Management System backend...
2026-09-24 18:42:26,573 - alembic.runtime.plugins - INFO - setup plugin alembic.autogenerate.schemas
2026-09-24 18:42:26,574 - alembic.runtime.plugins - INFO - setup plugin alembic.autogenerate.tables
2026-09-24 18:42:26,574 - alembic.runtime.plugins - INFO - setup plugin alembic.autogenerate.types
2026-09-24 18:42:26,575 - alembic.runtime.plugins - INFO - setup plugin alembic.autogenerate.constraints
2026-09-24 18:42:26,575 - alembic.runtime.plugins - INFO - setup plugin alembic.autogenerate.defaults
2026-09-24 18:42:26,576 - alembic.runtime.plugins - INFO - setup plugin alembic.autogenerate.comments
2026-09-24 18:42:26,576 - alembic.runtime.plugins - INFO - setup plugin alembic.autogenerate.checkconstraint_byname
2026-09-24 18:42:26,829 - pms - INFO - Database schema already at migration head (4e5e634e5725).
2026-09-24 18:42:27,074 - pms - INFO - Completed startup system notifications synchronization.
2026-09-24 18:42:36,022 - pms - INFO - PRODUCTION_TRACE license status=Active path=E:\Projects\PMS-Software\backend\licenses\active.lic
2026-09-24 19:13:18,751 - pms - INFO - PRODUCTION_TRACE license status=Active path=E:\Projects\PMS-Software\backend\licenses\active.lic
2026-09-24 19:20:24,291 - pms - CRITICAL - SECURITY: SECRET_KEY is set to the insecure default value. Set a strong random SECRET_KEY in backend/.env before any production deployment.
2026-09-24 19:28:19,847 - pms - CRITICAL - SECURITY: SECRET_KEY is set to the insecure default value. Set a strong random SECRET_KEY in backend/.env before any production deployment.
2026-09-24 19:30:16,139 - pms - INFO - PRODUCTION_TRACE license status=Active path=E:\Projects\PMS-Software\backend\licenses\active.lic
2026-09-24 19:30:44,021 - pms - CRITICAL - SECURITY: SECRET_KEY is set to the insecure default value. Set a strong random SECRET_KEY in backend/.env before any production deployment.
2026-09-24 19:43:17,633 - pms - CRITICAL - SECURITY: SECRET_KEY is set to the insecure default value. Set a strong random SECRET_KEY in backend/.env before any production deployment.
2026-09-24 19:43:18,082 - pms - INFO - PRODUCTION_TRACE license storage path=E:\Projects\PMS-Software\backend\licenses\active.lic exists=True
2026-09-24 19:43:20,061 - pms - INFO - Starting Pharmacy Management System backend...
2026-09-24 19:43:21,235 - alembic.runtime.plugins - INFO - setup plugin alembic.autogenerate.schemas
2026-09-24 19:43:21,237 - alembic.runtime.plugins - INFO - setup plugin alembic.autogenerate.tables
2026-09-24 19:43:21,238 - alembic.runtime.plugins - INFO - setup plugin alembic.autogenerate.types
2026-09-24 19:43:21,238 - alembic.runtime.plugins - INFO - setup plugin alembic.autogenerate.constraints
2026-09-24 19:43:21,238 - alembic.runtime.plugins - INFO - setup plugin alembic.autogenerate.defaults
2026-09-24 19:43:21,238 - alembic.runtime.plugins - INFO - setup plugin alembic.autogenerate.comments
2026-09-24 19:43:21,239 - alembic.runtime.plugins - INFO - setup plugin alembic.autogenerate.checkconstraint_byname
2026-09-24 19:43:21,472 - pms - INFO - Database schema already at migration head (4e5e634e5725).
2026-09-24 19:43:21,824 - pms - INFO - Completed startup system notifications synchronization.
2026-09-24 19:43:34,846 - pms - INFO - PRODUCTION_TRACE license status=Active path=E:\Projects\PMS-Software\backend\licenses\active.lic
2026-09-24 19:48:39,758 - pms - INFO - PRODUCTION_TRACE license status=Active path=E:\Projects\PMS-Software\backend\licenses\active.lic
2026-09-24 19:50:10,224 - pms - CRITICAL - SECURITY: SECRET_KEY is set to the insecure default value. Set a strong random SECRET_KEY in backend/.env before any production deployment.
2026-09-24 19:53:54,371 - pms - INFO - PRODUCTION_TRACE license status=Active path=E:\Projects\PMS-Software\backend\licenses\active.lic
2026-09-24 20:05:37,536 - pms - CRITICAL - SECURITY: SECRET_KEY is set to the insecure default value. Set a strong random SECRET_KEY in backend/.env before any production deployment.
2026-09-24 20:05:37,989 - pms - INFO - PRODUCTION_TRACE license storage path=E:\Projects\PMS-Software\backend\licenses\active.lic exists=True
2026-09-24 20:05:40,235 - pms - INFO - Starting Pharmacy Management System backend...
2026-09-24 20:05:41,255 - alembic.runtime.plugins - INFO - setup plugin alembic.autogenerate.schemas
2026-09-24 20:05:41,256 - alembic.runtime.plugins - INFO - setup plugin alembic.autogenerate.tables
2026-09-24 20:05:41,256 - alembic.runtime.plugins - INFO - setup plugin alembic.autogenerate.types
2026-09-24 20:05:41,256 - alembic.runtime.plugins - INFO - setup plugin alembic.autogenerate.constraints
2026-09-24 20:05:41,256 - alembic.runtime.plugins - INFO - setup plugin alembic.autogenerate.defaults
2026-09-24 20:05:41,257 - alembic.runtime.plugins - INFO - setup plugin alembic.autogenerate.comments
2026-09-24 20:05:41,257 - alembic.runtime.plugins - INFO - setup plugin alembic.autogenerate.checkconstraint_byname
2026-09-24 20:05:41,497 - pms - INFO - Database schema already at migration head (4e5e634e5725).
2026-09-24 20:05:41,862 - pms - INFO - Completed startup system notifications synchronization.
2026-09-24 20:05:46,551 - pms - INFO - PRODUCTION_TRACE license status=Active path=E:\Projects\PMS-Software\backend\licenses\active.lic
2026-09-24 20:06:15,598 - pms - INFO - PRODUCTION_TRACE license status=Active path=E:\Projects\PMS-Software\backend\licenses\active.lic
2026-09-24 20:07:38,124 - pms - CRITICAL - SECURITY: SECRET_KEY is set to the insecure default value. Set a strong random SECRET_KEY in backend/.env before any production deployment.
2026-09-24 20:38:17,161 - pms - INFO - AUDIT: [SCREEN_LOCKED] Screen automatically locked due to inactivity (User: admin)
2026-09-24 21:15:27,703 - pms - CRITICAL - SECURITY: SECRET_KEY is set to the insecure default value. Set a strong random SECRET_KEY in backend/.env before any production deployment.
2026-09-24 21:15:55,928 - pms - CRITICAL - SECURITY: SECRET_KEY is set to the insecure default value. Set a strong random SECRET_KEY in backend/.env before any production deployment.
2026-09-24 21:16:13,431 - pms - CRITICAL - SECURITY: SECRET_KEY is set to the insecure default value. Set a strong random SECRET_KEY in backend/.env before any production deployment.
2026-09-24 21:16:22,413 - pms - INFO - PRODUCTION_TRACE auth accepted username=admin user_id=1
2026-09-24 21:16:22,426 - pms - INFO - AUDIT: [SCREEN_UNLOCKED] Screen unlocked successfully by user (User: admin)
2026-09-24 21:17:16,046 - pms - INFO - AUDIT: User admin updated their profile information.
2026-09-24 21:17:19,472 - pms - INFO - PRODUCTION_TRACE license status=Active path=E:\Projects\PMS-Software\backend\licenses\active.lic
2026-09-24 21:19:10,505 - pms - CRITICAL - SECURITY: SECRET_KEY is set to the insecure default value. Set a strong random SECRET_KEY in backend/.env before any production deployment.
2026-09-24 21:22:50,632 - pms - CRITICAL - SECURITY: SECRET_KEY is set to the insecure default value. Set a strong random SECRET_KEY in backend/.env before any production deployment.
2026-09-24 21:25:38,680 - pms - CRITICAL - SECURITY: SECRET_KEY is set to the insecure default value. Set a strong random SECRET_KEY in backend/.env before any production deployment.
2026-09-24 21:28:04,401 - pms - CRITICAL - SECURITY: SECRET_KEY is set to the insecure default value. Set a strong random SECRET_KEY in backend/.env before any production deployment.
2026-09-24 21:28:17,779 - pms - CRITICAL - SECURITY: SECRET_KEY is set to the insecure default value. Set a strong random SECRET_KEY in backend/.env before any production deployment.
2026-09-24 21:28:26,409 - pms - CRITICAL - SECURITY: SECRET_KEY is set to the insecure default value. Set a strong random SECRET_KEY in backend/.env before any production deployment.
2026-09-24 21:29:33,119 - pms - CRITICAL - SECURITY: SECRET_KEY is set to the insecure default value. Set a strong random SECRET_KEY in backend/.env before any production deployment.
2026-09-24 21:29:33,553 - pms - INFO - PRODUCTION_TRACE license storage path=E:\Projects\PMS-Software\backend\licenses\active.lic exists=True
2026-09-24 21:29:35,671 - pms - INFO - Starting Pharmacy Management System backend...
2026-09-24 21:29:36,596 - alembic.runtime.plugins - INFO - setup plugin alembic.autogenerate.schemas
2026-09-24 21:29:36,596 - alembic.runtime.plugins - INFO - setup plugin alembic.autogenerate.tables
2026-09-24 21:29:36,596 - alembic.runtime.plugins - INFO - setup plugin alembic.autogenerate.types
2026-09-24 21:29:36,596 - alembic.runtime.plugins - INFO - setup plugin alembic.autogenerate.constraints
2026-09-24 21:29:36,596 - alembic.runtime.plugins - INFO - setup plugin alembic.autogenerate.defaults
2026-09-24 21:29:36,597 - alembic.runtime.plugins - INFO - setup plugin alembic.autogenerate.comments
2026-09-24 21:29:36,597 - alembic.runtime.plugins - INFO - setup plugin alembic.autogenerate.checkconstraint_byname
2026-09-24 21:29:36,797 - pms - INFO - Database schema already at migration head (4e5e634e5725).
2026-09-24 21:29:37,152 - pms - INFO - Completed startup system notifications synchronization.
2026-09-24 21:29:48,847 - pms - INFO - PRODUCTION_TRACE license status=Active path=E:\Projects\PMS-Software\backend\licenses\active.lic
2026-09-24 21:29:54,238 - pms - INFO - PRODUCTION_TRACE license status=Active path=E:\Projects\PMS-Software\backend\licenses\active.lic
2026-09-24 21:33:39,112 - pms - INFO - PRODUCTION_TRACE license status=Active path=E:\Projects\PMS-Software\backend\licenses\active.lic
2026-09-24 21:34:10,943 - pms - INFO - PRODUCTION_TRACE license status=Active path=E:\Projects\PMS-Software\backend\licenses\active.lic
2026-09-24 21:43:51,433 - pms - INFO - PRODUCTION_TRACE license status=Active path=E:\Projects\PMS-Software\backend\licenses\active.lic
2026-09-24 21:45:11,991 - pms - INFO - PRODUCTION_TRACE license status=Active path=E:\Projects\PMS-Software\backend\licenses\active.lic
2026-09-24 21:49:48,113 - pms - INFO - PRODUCTION_TRACE license status=Active path=E:\Projects\PMS-Software\backend\licenses\active.lic
2026-09-24 21:52:51,047 - pms - INFO - PRODUCTION_TRACE license status=Active path=E:\Projects\PMS-Software\backend\licenses\active.lic
2026-09-24 21:57:33,422 - pms - INFO - PRODUCTION_TRACE license status=Active path=E:\Projects\PMS-Software\backend\licenses\active.lic
2026-09-24 21:59:39,126 - pms - INFO - PRODUCTION_TRACE license status=Active path=E:\Projects\PMS-Software\backend\licenses\active.lic
2026-09-24 22:06:55,567 - pms - INFO - PRODUCTION_TRACE license status=Active path=E:\Projects\PMS-Software\backend\licenses\active.lic
2026-09-24 22:32:29,372 - pms - INFO - PRODUCTION_TRACE license storage path=E:\Projects\PMS-Software\backend\licenses\active.lic exists=True
2026-09-24 22:32:31,401 - pms - INFO - Starting Pharmacy Management System backend...
2026-09-24 22:32:32,061 - alembic.runtime.plugins - INFO - setup plugin alembic.autogenerate.schemas
2026-09-24 22:32:32,062 - alembic.runtime.plugins - INFO - setup plugin alembic.autogenerate.tables
2026-09-24 22:32:32,062 - alembic.runtime.plugins - INFO - setup plugin alembic.autogenerate.types
2026-09-24 22:32:32,062 - alembic.runtime.plugins - INFO - setup plugin alembic.autogenerate.constraints
2026-09-24 22:32:32,063 - alembic.runtime.plugins - INFO - setup plugin alembic.autogenerate.defaults
2026-09-24 22:32:32,063 - alembic.runtime.plugins - INFO - setup plugin alembic.autogenerate.comments
2026-09-24 22:32:32,063 - alembic.runtime.plugins - INFO - setup plugin alembic.autogenerate.checkconstraint_byname
2026-09-24 22:32:32,271 - pms - INFO - Unstamped schema detected; stamping to head (4e5e634e5725).
2026-09-24 22:38:04,949 - pms - CRITICAL - SECURITY: SECRET_KEY is set to the insecure default value. Set a strong random SECRET_KEY in backend/.env before any production deployment.
2026-09-24 22:43:17,226 - pms - INFO - AUDIT: [SCREEN_LOCKED] Screen automatically locked due to inactivity (User: admin)
2026-09-24 22:48:53,268 - pms - INFO - PRODUCTION_TRACE license status=Active path=E:\Projects\PMS-Software\backend\licenses\active.lic
2026-09-24 23:17:03,947 - pms - INFO - PRODUCTION_TRACE license storage path=E:\Projects\PMS-Software\backend\licenses\active.lic exists=True
2026-09-24 23:17:06,493 - pms - INFO - Starting Pharmacy Management System backend...
2026-09-24 23:17:07,107 - alembic.runtime.plugins - INFO - setup plugin alembic.autogenerate.schemas
2026-09-24 23:17:07,108 - alembic.runtime.plugins - INFO - setup plugin alembic.autogenerate.tables
2026-09-24 23:17:07,108 - alembic.runtime.plugins - INFO - setup plugin alembic.autogenerate.types
2026-09-24 23:17:07,108 - alembic.runtime.plugins - INFO - setup plugin alembic.autogenerate.constraints
2026-09-24 23:17:07,108 - alembic.runtime.plugins - INFO - setup plugin alembic.autogenerate.defaults
2026-09-24 23:17:07,108 - alembic.runtime.plugins - INFO - setup plugin alembic.autogenerate.comments
2026-09-24 23:17:07,108 - alembic.runtime.plugins - INFO - setup plugin alembic.autogenerate.checkconstraint_byname
2026-09-24 23:17:07,324 - pms - INFO - Unstamped schema detected; stamping to head (4e5e634e5725).
2026-09-24 23:20:56,531 - pms - INFO - PRODUCTION_TRACE license storage path=E:\Projects\PMS-Software\backend\licenses\active.lic exists=True
2026-09-24 23:20:58,198 - pms - INFO - Starting Pharmacy Management System backend...
2026-09-24 23:20:58,560 - alembic.runtime.plugins - INFO - setup plugin alembic.autogenerate.schemas
2026-09-24 23:20:58,560 - alembic.runtime.plugins - INFO - setup plugin alembic.autogenerate.tables
2026-09-24 23:20:58,561 - alembic.runtime.plugins - INFO - setup plugin alembic.autogenerate.types
2026-09-24 23:20:58,561 - alembic.runtime.plugins - INFO - setup plugin alembic.autogenerate.constraints
2026-09-24 23:20:58,561 - alembic.runtime.plugins - INFO - setup plugin alembic.autogenerate.defaults
2026-09-24 23:20:58,561 - alembic.runtime.plugins - INFO - setup plugin alembic.autogenerate.comments
2026-09-24 23:20:58,561 - alembic.runtime.plugins - INFO - setup plugin alembic.autogenerate.checkconstraint_byname
2026-09-24 23:20:58,687 - pms - INFO - Unstamped schema detected; stamping to head (4e5e634e5725).
2026-09-24 23:23:07,904 - pms - CRITICAL - SECURITY: SECRET_KEY is set to the insecure default value. Set a strong random SECRET_KEY in backend/.env before any production deployment.
2026-09-24 23:23:22,247 - pms - CRITICAL - SECURITY: SECRET_KEY is set to the insecure default value. Set a strong random SECRET_KEY in backend/.env before any production deployment.
2026-09-24 23:28:55,887 - pms - INFO - PRODUCTION_TRACE license storage path=E:\Projects\PMS-Software\backend\licenses\active.lic exists=True
2026-09-24 23:28:57,572 - pms - INFO - Starting Pharmacy Management System backend...
2026-09-24 23:28:57,972 - alembic.runtime.plugins - INFO - setup plugin alembic.autogenerate.schemas
2026-09-24 23:28:57,972 - alembic.runtime.plugins - INFO - setup plugin alembic.autogenerate.tables
2026-09-24 23:28:57,972 - alembic.runtime.plugins - INFO - setup plugin alembic.autogenerate.types
2026-09-24 23:28:57,972 - alembic.runtime.plugins - INFO - setup plugin alembic.autogenerate.constraints
2026-09-24 23:28:57,972 - alembic.runtime.plugins - INFO - setup plugin alembic.autogenerate.defaults
2026-09-24 23:28:57,972 - alembic.runtime.plugins - INFO - setup plugin alembic.autogenerate.comments
2026-09-24 23:28:57,973 - alembic.runtime.plugins - INFO - setup plugin alembic.autogenerate.checkconstraint_byname
2026-09-24 23:28:58,104 - pms - INFO - Unstamped schema detected; stamping to head (4e5e634e5725).
2026-09-24 23:30:49,585 - pms - INFO - PRODUCTION_TRACE license storage path=E:\Projects\PMS-Software\backend\licenses\active.lic exists=True
2026-09-24 23:30:51,424 - pms - INFO - Starting Pharmacy Management System backend...
2026-09-24 23:30:51,816 - alembic.runtime.plugins - INFO - setup plugin alembic.autogenerate.schemas
2026-09-24 23:30:51,817 - alembic.runtime.plugins - INFO - setup plugin alembic.autogenerate.tables
2026-09-24 23:30:51,817 - alembic.runtime.plugins - INFO - setup plugin alembic.autogenerate.types
2026-09-24 23:30:51,817 - alembic.runtime.plugins - INFO - setup plugin alembic.autogenerate.constraints
2026-09-24 23:30:51,818 - alembic.runtime.plugins - INFO - setup plugin alembic.autogenerate.defaults
2026-09-24 23:30:51,818 - alembic.runtime.plugins - INFO - setup plugin alembic.autogenerate.comments
2026-09-24 23:30:51,818 - alembic.runtime.plugins - INFO - setup plugin alembic.autogenerate.checkconstraint_byname
2026-09-24 23:30:52,016 - pms - INFO - Unstamped schema detected; stamping to head (4e5e634e5725).
2026-09-24 23:32:11,990 - pms - INFO - PRODUCTION_TRACE license storage path=E:\Projects\PMS-Software\backend\licenses\active.lic exists=True
2026-09-24 23:32:14,402 - pms - INFO - Starting Pharmacy Management System backend...
2026-09-24 23:32:16,002 - alembic.runtime.plugins - INFO - setup plugin alembic.autogenerate.schemas
2026-09-24 23:32:16,003 - alembic.runtime.plugins - INFO - setup plugin alembic.autogenerate.tables
2026-09-24 23:32:16,004 - alembic.runtime.plugins - INFO - setup plugin alembic.autogenerate.types
2026-09-24 23:32:16,004 - alembic.runtime.plugins - INFO - setup plugin alembic.autogenerate.constraints
2026-09-24 23:32:16,005 - alembic.runtime.plugins - INFO - setup plugin alembic.autogenerate.defaults
2026-09-24 23:32:16,005 - alembic.runtime.plugins - INFO - setup plugin alembic.autogenerate.comments
2026-09-24 23:32:16,005 - alembic.runtime.plugins - INFO - setup plugin alembic.autogenerate.checkconstraint_byname
2026-09-24 23:32:16,163 - pms - INFO - Unstamped schema detected; stamping to head (4e5e634e5725).
2026-09-24 23:33:41,934 - pms - INFO - PRODUCTION_TRACE license storage path=E:\Projects\PMS-Software\backend\licenses\active.lic exists=True
2026-09-24 23:33:43,683 - pms - INFO - Starting Pharmacy Management System backend...
2026-09-24 23:33:44,203 - alembic.runtime.plugins - INFO - setup plugin alembic.autogenerate.schemas
2026-09-24 23:33:44,204 - alembic.runtime.plugins - INFO - setup plugin alembic.autogenerate.tables
2026-09-24 23:33:44,204 - alembic.runtime.plugins - INFO - setup plugin alembic.autogenerate.types
2026-09-24 23:33:44,204 - alembic.runtime.plugins - INFO - setup plugin alembic.autogenerate.constraints
2026-09-24 23:33:44,205 - alembic.runtime.plugins - INFO - setup plugin alembic.autogenerate.defaults
2026-09-24 23:33:44,205 - alembic.runtime.plugins - INFO - setup plugin alembic.autogenerate.comments
2026-09-24 23:33:44,205 - alembic.runtime.plugins - INFO - setup plugin alembic.autogenerate.checkconstraint_byname
2026-09-24 23:33:44,349 - pms - INFO - Unstamped schema detected; stamping to head (4e5e634e5725).
2026-09-24 23:38:03,568 - pms - INFO - PRODUCTION_TRACE license storage path=E:\Projects\PMS-Software\backend\licenses\active.lic exists=True
2026-09-24 23:38:05,311 - pms - INFO - Starting Pharmacy Management System backend...
2026-09-24 23:38:05,680 - alembic.runtime.plugins - INFO - setup plugin alembic.autogenerate.schemas
2026-09-24 23:38:05,681 - alembic.runtime.plugins - INFO - setup plugin alembic.autogenerate.tables
2026-09-24 23:38:05,681 - alembic.runtime.plugins - INFO - setup plugin alembic.autogenerate.types
2026-09-24 23:38:05,681 - alembic.runtime.plugins - INFO - setup plugin alembic.autogenerate.constraints
2026-09-24 23:38:05,681 - alembic.runtime.plugins - INFO - setup plugin alembic.autogenerate.defaults
2026-09-24 23:38:05,681 - alembic.runtime.plugins - INFO - setup plugin alembic.autogenerate.comments
2026-09-24 23:38:05,681 - alembic.runtime.plugins - INFO - setup plugin alembic.autogenerate.checkconstraint_byname
2026-09-24 23:38:05,804 - pms - INFO - Unstamped schema detected; stamping to head (4e5e634e5725).
2026-09-25 00:01:23,097 - pms - CRITICAL - SECURITY: SECRET_KEY is set to the insecure default value. Set a strong random SECRET_KEY in backend/.env before any production deployment.
2026-09-25 00:01:23,689 - pms - INFO - PRODUCTION_TRACE license storage path=E:\Projects\PMS-Software\backend\licenses\active.lic exists=True
2026-09-25 00:01:25,388 - pms - INFO - Starting Pharmacy Management System backend...
2026-09-25 00:01:26,016 - alembic.runtime.plugins - INFO - setup plugin alembic.autogenerate.schemas
2026-09-25 00:01:26,016 - alembic.runtime.plugins - INFO - setup plugin alembic.autogenerate.tables
2026-09-25 00:01:26,017 - alembic.runtime.plugins - INFO - setup plugin alembic.autogenerate.types
2026-09-25 00:01:26,017 - alembic.runtime.plugins - INFO - setup plugin alembic.autogenerate.constraints
2026-09-25 00:01:26,017 - alembic.runtime.plugins - INFO - setup plugin alembic.autogenerate.defaults
2026-09-25 00:01:26,017 - alembic.runtime.plugins - INFO - setup plugin alembic.autogenerate.comments
2026-09-25 00:01:26,017 - alembic.runtime.plugins - INFO - setup plugin alembic.autogenerate.checkconstraint_byname
2026-09-25 00:01:26,155 - pms - INFO - Database schema already at migration head (4e5e634e5725).
2026-09-25 00:01:26,342 - pms - INFO - Completed startup system notifications synchronization.
2026-09-25 00:02:33,746 - pms - INFO - PRODUCTION_TRACE license status=Active path=E:\Projects\PMS-Software\backend\licenses\active.lic
2026-09-25 00:09:07,623 - pms - INFO - PRODUCTION_TRACE auth accepted username=admin user_id=1
2026-09-25 00:09:07,659 - pms - INFO - AUDIT: [SCREEN_UNLOCKED] Screen unlocked successfully by user (User: admin)
2026-09-25 00:09:32,470 - pms - INFO - PRODUCTION_TRACE license status=Active path=E:\Projects\PMS-Software\backend\licenses\active.lic
2026-09-25 00:15:46,276 - pms - INFO - PRODUCTION_TRACE license status=Active path=E:\Projects\PMS-Software\backend\licenses\active.lic
2026-09-25 00:19:42,302 - pms - INFO - Safe Data Reset | SUCCESS | User: admin | Snapshot: pre_reset_snapshot_20260925_001942.sqlite
2026-09-25 00:19:44,031 - pms - INFO - Clear Temp Data | User: admin | Deleted 1 files | Reclaimed: 0.42 KB
2026-09-25 00:20:09,621 - pms - INFO - AUDIT: User admin imported 26 companies. Skipped: 0. Errors: 0
2026-09-25 00:20:18,272 - pms - INFO - AUDIT: User admin imported 35 categories. Skipped: 0. Errors: 0
2026-09-25 00:20:57,802 - pms - INFO - AUDIT: User admin imported 25 suppliers. Skipped: 0. Errors: 0
2026-09-25 00:21:11,063 - pms - INFO - AUDIT: User admin imported 25 customers. Skipped: 0. Errors: 0
2026-09-25 00:29:34,518 - pms - INFO - PRODUCTION_TRACE license status=Active path=E:\Projects\PMS-Software\backend\licenses\active.lic
2026-09-25 01:00:04,464 - pms - INFO - PRODUCTION_TRACE license status=Active path=E:\Projects\PMS-Software\backend\licenses\active.lic
2026-09-25 01:26:28,128 - pms - CRITICAL - SECURITY: SECRET_KEY is set to the insecure default value. Set a strong random SECRET_KEY in backend/.env before any production deployment.
2026-09-25 01:27:08,197 - pms - CRITICAL - SECURITY: SECRET_KEY is set to the insecure default value. Set a strong random SECRET_KEY in backend/.env before any production deployment.
2026-09-25 01:27:08,966 - pms - INFO - PRODUCTION_TRACE license storage path=E:\Projects\PMS-Software\backend\licenses\active.lic exists=True
2026-09-25 01:27:10,957 - pms - INFO - Starting Pharmacy Management System backend...
2026-09-25 01:27:11,512 - alembic.runtime.plugins - INFO - setup plugin alembic.autogenerate.schemas
2026-09-25 01:27:11,512 - alembic.runtime.plugins - INFO - setup plugin alembic.autogenerate.tables
2026-09-25 01:27:11,512 - alembic.runtime.plugins - INFO - setup plugin alembic.autogenerate.types
2026-09-25 01:27:11,513 - alembic.runtime.plugins - INFO - setup plugin alembic.autogenerate.constraints
2026-09-25 01:27:11,513 - alembic.runtime.plugins - INFO - setup plugin alembic.autogenerate.defaults
2026-09-25 01:27:11,513 - alembic.runtime.plugins - INFO - setup plugin alembic.autogenerate.comments
2026-09-25 01:27:11,513 - alembic.runtime.plugins - INFO - setup plugin alembic.autogenerate.checkconstraint_byname
2026-09-25 01:27:11,701 - pms - INFO - Database schema already at migration head (c1d2e3f4a5b6).
2026-09-25 01:27:12,008 - pms - INFO - Completed startup system notifications synchronization.
2026-09-25 07:01:39,825 - pms - INFO - PRODUCTION_TRACE license storage path=E:\Projects\PMS-Software\backend\licenses\active.lic exists=True
2026-09-25 07:01:41,180 - pms - INFO - Starting Pharmacy Management System backend...
2026-09-25 07:01:41,523 - alembic.runtime.plugins - INFO - setup plugin alembic.autogenerate.schemas
2026-09-25 07:01:41,523 - alembic.runtime.plugins - INFO - setup plugin alembic.autogenerate.tables
2026-09-25 07:01:41,523 - alembic.runtime.plugins - INFO - setup plugin alembic.autogenerate.types
2026-09-25 07:01:41,524 - alembic.runtime.plugins - INFO - setup plugin alembic.autogenerate.constraints
2026-09-25 07:01:41,524 - alembic.runtime.plugins - INFO - setup plugin alembic.autogenerate.defaults
2026-09-25 07:01:41,524 - alembic.runtime.plugins - INFO - setup plugin alembic.autogenerate.comments
2026-09-25 07:01:41,524 - alembic.runtime.plugins - INFO - setup plugin alembic.autogenerate.checkconstraint_byname
2026-09-25 07:01:41,631 - pms - INFO - Unstamped schema detected; stamping to head (c1d2e3f4a5b6).
2026-09-25 07:02:15,032 - pms - WARNING - PRODUCTION_TRACE auth rejected username=admin reason=password-mismatch
2026-09-25 07:02:15,035 - pms - ERROR - PMSException caught: Incorrect username or password (status: 401) | Path: /api/v1/auth/login
2026-09-25 07:02:15,755 - pms - CRITICAL - SECURITY: SECRET_KEY is set to the insecure default value. Set a strong random SECRET_KEY in backend/.env before any production deployment.
2026-09-25 07:02:26,839 - pms - WARNING - PRODUCTION_TRACE auth rejected username=admin reason=password-mismatch
2026-09-25 07:02:26,841 - pms - ERROR - PMSException caught: Incorrect username or password (status: 401) | Path: /api/v1/auth/login
2026-09-25 07:02:35,495 - pms - CRITICAL - SECURITY: SECRET_KEY is set to the insecure default value. Set a strong random SECRET_KEY in backend/.env before any production deployment.
2026-09-25 07:02:44,195 - pms - CRITICAL - SECURITY: SECRET_KEY is set to the insecure default value. Set a strong random SECRET_KEY in backend/.env before any production deployment.
2026-09-25 07:02:52,977 - pms - CRITICAL - SECURITY: SECRET_KEY is set to the insecure default value. Set a strong random SECRET_KEY in backend/.env before any production deployment.
2026-09-25 07:03:04,423 - pms - CRITICAL - SECURITY: SECRET_KEY is set to the insecure default value. Set a strong random SECRET_KEY in backend/.env before any production deployment.
2026-09-25 07:03:14,026 - pms - CRITICAL - SECURITY: SECRET_KEY is set to the insecure default value. Set a strong random SECRET_KEY in backend/.env before any production deployment.
2026-09-25 07:03:14,664 - pms - ERROR - Unhandled Exception caught: invalid literal for int() with base 10: 'admin' | Path: /api/v1/sales/init
NoneType: None
2026-09-25 07:03:14,669 - httpx - INFO - HTTP Request: GET http://127.0.0.1:8000/api/v1/sales/init "HTTP/1.1 500 Internal Server Error"
2026-09-25 07:03:32,019 - pms - CRITICAL - SECURITY: SECRET_KEY is set to the insecure default value. Set a strong random SECRET_KEY in backend/.env before any production deployment.
2026-09-25 07:03:32,558 - httpx - INFO - HTTP Request: GET http://127.0.0.1:8000/api/v1/sales/init "HTTP/1.1 200 OK"
2026-09-25 07:03:49,433 - pms - CRITICAL - SECURITY: SECRET_KEY is set to the insecure default value. Set a strong random SECRET_KEY in backend/.env before any production deployment.
2026-09-25 07:03:49,981 - httpx - INFO - HTTP Request: GET http://127.0.0.1:8000/api/v1/settings/billing "HTTP/1.1 200 OK"
2026-09-25 07:03:50,309 - httpx - INFO - HTTP Request: PUT http://127.0.0.1:8000/api/v1/settings/billing "HTTP/1.1 200 OK"
2026-09-25 07:03:50,604 - httpx - INFO - HTTP Request: PUT http://127.0.0.1:8000/api/v1/settings/billing "HTTP/1.1 200 OK"
2026-09-25 07:08:34,538 - pms - CRITICAL - SECURITY: SECRET_KEY is set to the insecure default value. Set a strong random SECRET_KEY in backend/.env before any production deployment.
2026-09-25 07:08:34,976 - pms - INFO - PRODUCTION_TRACE license storage path=E:\Projects\PMS-Software\backend\licenses\active.lic exists=True
2026-09-25 07:08:36,857 - pms - INFO - Starting Pharmacy Management System backend...
2026-09-25 07:08:37,273 - alembic.runtime.plugins - INFO - setup plugin alembic.autogenerate.schemas
2026-09-25 07:08:37,273 - alembic.runtime.plugins - INFO - setup plugin alembic.autogenerate.tables
2026-09-25 07:08:37,273 - alembic.runtime.plugins - INFO - setup plugin alembic.autogenerate.types
2026-09-25 07:08:37,274 - alembic.runtime.plugins - INFO - setup plugin alembic.autogenerate.constraints
2026-09-25 07:08:37,274 - alembic.runtime.plugins - INFO - setup plugin alembic.autogenerate.defaults
2026-09-25 07:08:37,274 - alembic.runtime.plugins - INFO - setup plugin alembic.autogenerate.comments
2026-09-25 07:08:37,274 - alembic.runtime.plugins - INFO - setup plugin alembic.autogenerate.checkconstraint_byname
2026-09-25 07:08:37,416 - pms - INFO - Database schema already at migration head (c1d2e3f4a5b6).
2026-09-25 07:08:37,789 - pms - INFO - Completed startup system notifications synchronization.
2026-09-25 07:08:58,115 - pms - INFO - PRODUCTION_TRACE license status=Active path=E:\Projects\PMS-Software\backend\licenses\active.lic
2026-09-25 07:09:13,827 - pms - INFO - PRODUCTION_TRACE license status=Active path=E:\Projects\PMS-Software\backend\licenses\active.lic
2026-09-25 07:38:16,781 - pms - CRITICAL - SECURITY: SECRET_KEY is set to the insecure default value. Set a strong random SECRET_KEY in backend/.env before any production deployment.
2026-09-25 07:38:17,144 - pms - INFO - PRODUCTION_TRACE license storage path=E:\Projects\PMS-Software\backend\licenses\active.lic exists=True
2026-09-25 07:38:18,704 - pms - INFO - Starting Pharmacy Management System backend...
2026-09-25 07:38:19,015 - alembic.runtime.plugins - INFO - setup plugin alembic.autogenerate.schemas
2026-09-25 07:38:19,015 - alembic.runtime.plugins - INFO - setup plugin alembic.autogenerate.tables
2026-09-25 07:38:19,016 - alembic.runtime.plugins - INFO - setup plugin alembic.autogenerate.types
2026-09-25 07:38:19,016 - alembic.runtime.plugins - INFO - setup plugin alembic.autogenerate.constraints
2026-09-25 07:38:19,016 - alembic.runtime.plugins - INFO - setup plugin alembic.autogenerate.defaults
2026-09-25 07:38:19,016 - alembic.runtime.plugins - INFO - setup plugin alembic.autogenerate.comments
2026-09-25 07:38:19,016 - alembic.runtime.plugins - INFO - setup plugin alembic.autogenerate.checkconstraint_byname
2026-09-25 07:38:19,100 - pms - INFO - Database schema already at migration head (c1d2e3f4a5b6).
2026-09-25 07:38:19,203 - pms - INFO - Completed startup system notifications synchronization.
2026-09-25 07:40:09,458 - pms - CRITICAL - SECURITY: SECRET_KEY is set to the insecure default value. Set a strong random SECRET_KEY in backend/.env before any production deployment.
2026-09-25 07:40:09,988 - pms - INFO - PRODUCTION_TRACE license storage path=E:\Projects\PMS-Software\backend\licenses\active.lic exists=True
2026-09-25 07:40:12,273 - pms - INFO - Starting Pharmacy Management System backend...
2026-09-25 07:40:14,178 - alembic.runtime.plugins - INFO - setup plugin alembic.autogenerate.schemas
2026-09-25 07:40:14,178 - alembic.runtime.plugins - INFO - setup plugin alembic.autogenerate.tables
2026-09-25 07:40:14,178 - alembic.runtime.plugins - INFO - setup plugin alembic.autogenerate.types
2026-09-25 07:40:14,179 - alembic.runtime.plugins - INFO - setup plugin alembic.autogenerate.constraints
2026-09-25 07:40:14,179 - alembic.runtime.plugins - INFO - setup plugin alembic.autogenerate.defaults
2026-09-25 07:40:14,179 - alembic.runtime.plugins - INFO - setup plugin alembic.autogenerate.comments
2026-09-25 07:40:14,179 - alembic.runtime.plugins - INFO - setup plugin alembic.autogenerate.checkconstraint_byname
2026-09-25 07:40:14,443 - pms - INFO - Database schema already at migration head (c1d2e3f4a5b6).
2026-09-25 07:40:14,761 - pms - INFO - Completed startup system notifications synchronization.
2026-09-25 07:44:09,565 - pms - CRITICAL - SECURITY: SECRET_KEY is set to the insecure default value. Set a strong random SECRET_KEY in backend/.env before any production deployment.
2026-09-25 07:44:10,131 - pms - INFO - PRODUCTION_TRACE license storage path=E:\Projects\PMS-Software\backend\licenses\active.lic exists=True
2026-09-25 07:44:35,560 - pms - CRITICAL - SECURITY: SECRET_KEY is set to the insecure default value. Set a strong random SECRET_KEY in backend/.env before any production deployment.
2026-09-25 07:45:56,655 - pms - CRITICAL - SECURITY: SECRET_KEY is set to the insecure default value. Set a strong random SECRET_KEY in backend/.env before any production deployment.
2026-09-25 07:45:56,979 - pms - INFO - PRODUCTION_TRACE license storage path=E:\Projects\PMS-Software\backend\licenses\active.lic exists=True
2026-09-25 07:45:57,844 - pms - INFO - Starting Pharmacy Management System backend...
2026-09-25 07:45:58,198 - alembic.runtime.plugins - INFO - setup plugin alembic.autogenerate.schemas
2026-09-25 07:45:58,199 - alembic.runtime.plugins - INFO - setup plugin alembic.autogenerate.tables
2026-09-25 07:45:58,199 - alembic.runtime.plugins - INFO - setup plugin alembic.autogenerate.types
2026-09-25 07:45:58,199 - alembic.runtime.plugins - INFO - setup plugin alembic.autogenerate.constraints
2026-09-25 07:45:58,199 - alembic.runtime.plugins - INFO - setup plugin alembic.autogenerate.defaults
2026-09-25 07:45:58,199 - alembic.runtime.plugins - INFO - setup plugin alembic.autogenerate.comments
2026-09-25 07:45:58,199 - alembic.runtime.plugins - INFO - setup plugin alembic.autogenerate.checkconstraint_byname
2026-09-25 07:45:58,311 - pms - INFO - Database schema already at migration head (c1d2e3f4a5b6).
2026-09-25 07:45:58,430 - pms - INFO - Completed startup system notifications synchronization.
2026-09-25 07:46:46,372 - pms - INFO - PRODUCTION_TRACE license storage path=E:\Projects\PMS-Software\backend\licenses\active.lic exists=True
2026-09-25 07:46:47,305 - pms - INFO - Starting Pharmacy Management System backend...
2026-09-25 07:46:47,510 - alembic.runtime.plugins - INFO - setup plugin alembic.autogenerate.schemas
2026-09-25 07:46:47,510 - alembic.runtime.plugins - INFO - setup plugin alembic.autogenerate.tables
2026-09-25 07:46:47,510 - alembic.runtime.plugins - INFO - setup plugin alembic.autogenerate.types
2026-09-25 07:46:47,510 - alembic.runtime.plugins - INFO - setup plugin alembic.autogenerate.constraints
2026-09-25 07:46:47,510 - alembic.runtime.plugins - INFO - setup plugin alembic.autogenerate.defaults
2026-09-25 07:46:47,510 - alembic.runtime.plugins - INFO - setup plugin alembic.autogenerate.comments
2026-09-25 07:46:47,510 - alembic.runtime.plugins - INFO - setup plugin alembic.autogenerate.checkconstraint_byname
2026-09-25 07:46:47,577 - pms - INFO - Unstamped schema detected; stamping to head (c1d2e3f4a5b6).
2026-09-25 07:47:30,429 - pms - WARNING - PRODUCTION_TRACE auth rejected username=admin reason=password-mismatch
2026-09-25 07:47:30,430 - pms - ERROR - PMSException caught: Incorrect username or password (status: 401) | Path: /api/v1/auth/login
2026-09-25 07:47:30,761 - pms - ERROR - PMSException caught: Invalid authentication credentials (status: 401) | Path: /api/v1/dashboard/widgets
2026-09-25 07:47:53,268 - pms - WARNING - PRODUCTION_TRACE auth rejected username=admin reason=password-mismatch
2026-09-25 07:47:53,269 - pms - ERROR - PMSException caught: Incorrect username or password (status: 401) | Path: /api/v1/auth/login
2026-09-25 07:47:53,540 - pms - ERROR - PMSException caught: Invalid authentication credentials (status: 401) | Path: /api/v1/dashboard/widgets
2026-09-25 07:48:04,027 - pms - WARNING - PRODUCTION_TRACE auth rejected username=admin reason=password-mismatch
2026-09-25 07:48:04,028 - pms - ERROR - PMSException caught: Incorrect username or password (status: 401) | Path: /api/v1/auth/login
2026-09-25 07:48:04,358 - pms - ERROR - PMSException caught: Invalid authentication credentials (status: 401) | Path: /api/v1/dashboard/widgets
2026-09-25 07:48:13,294 - pms - WARNING - PRODUCTION_TRACE auth rejected username=admin reason=password-mismatch
2026-09-25 07:48:13,296 - pms - ERROR - PMSException caught: Incorrect username or password (status: 401) | Path: /api/v1/auth/login
2026-09-25 07:48:13,562 - pms - ERROR - PMSException caught: Invalid authentication credentials (status: 401) | Path: /api/v1/dashboard/widgets
2026-09-25 07:48:24,532 - pms - CRITICAL - SECURITY: SECRET_KEY is set to the insecure default value. Set a strong random SECRET_KEY in backend/.env before any production deployment.
2026-09-25 07:48:38,730 - pms - CRITICAL - SECURITY: SECRET_KEY is set to the insecure default value. Set a strong random SECRET_KEY in backend/.env before any production deployment.
2026-09-25 07:49:17,055 - pms - CRITICAL - SECURITY: SECRET_KEY is set to the insecure default value. Set a strong random SECRET_KEY in backend/.env before any production deployment.
2026-09-25 07:49:17,445 - pms - INFO - PRODUCTION_TRACE license storage path=E:\Projects\PMS-Software\backend\licenses\active.lic exists=True
2026-09-25 07:49:18,517 - pms - INFO - Starting Pharmacy Management System backend...
2026-09-25 07:49:18,857 - alembic.runtime.plugins - INFO - setup plugin alembic.autogenerate.schemas
2026-09-25 07:49:18,857 - alembic.runtime.plugins - INFO - setup plugin alembic.autogenerate.tables
2026-09-25 07:49:18,857 - alembic.runtime.plugins - INFO - setup plugin alembic.autogenerate.types
2026-09-25 07:49:18,857 - alembic.runtime.plugins - INFO - setup plugin alembic.autogenerate.constraints
2026-09-25 07:49:18,857 - alembic.runtime.plugins - INFO - setup plugin alembic.autogenerate.defaults
2026-09-25 07:49:18,857 - alembic.runtime.plugins - INFO - setup plugin alembic.autogenerate.comments
2026-09-25 07:49:18,858 - alembic.runtime.plugins - INFO - setup plugin alembic.autogenerate.checkconstraint_byname
2026-09-25 07:49:18,944 - pms - INFO - Database schema already at migration head (c1d2e3f4a5b6).
2026-09-25 07:49:19,056 - pms - INFO - Completed startup system notifications synchronization.
2026-09-25 07:49:49,861 - pms - INFO - PRODUCTION_TRACE license status=Active path=E:\Projects\PMS-Software\backend\licenses\active.lic
2026-09-25 07:55:30,271 - pms - INFO - PRODUCTION_TRACE license status=Active path=E:\Projects\PMS-Software\backend\licenses\active.lic
